name,code,url,updatedAt,gasDayStart,gasDayEnd,gasInStorage,consumption,consumptionFull,injection,withdrawal,netWithdrawal,workingGasVolume,injectionCapacity,withdrawalCapacity,contractedCapacity,availableCapacity,coveredCapacity,status,trend,full,info
EU,eu,eu,2026-04-18 01:07:37,2020-06-01,2020-06-02,828.472,4349.0,19.05,4052.49,332.8,-3719.7,1128.9756,11991.08,19912.04,-,-,-,E,0.33,73.38,[]
EU,eu,eu,2026-04-18 01:07:37,2020-06-02,2020-06-03,831.3015,4349.0,19.11,3162.27,305.9,-2856.4,1128.9756,11990.86,19912.62,-,-,-,E,0.25,73.63,[]
EU,eu,eu,2026-04-18 01:07:37,2020-06-03,2020-06-04,834.1006,4349.0,19.18,3107.02,322.5,-2784.6,1128.9756,11990.4,19913.86,-,-,-,E,0.25,73.88,[]
EU,eu,eu,2026-04-18 01:07:37,2020-06-04,2020-06-05,837.0602,4349.0,19.25,3324.19,363.6,-2960.6,1128.9756,11991.24,19912.62,-,-,-,E,0.26,74.14,[]
EU,eu,eu,2026-04-18 01:07:37,2020-06-05,2020-06-06,840.0774,4349.0,19.32,3389.11,351.6,-3037.5,1129.3356,11990.58,19914.38,-,-,-,E,0.27,74.39,[]
EU,eu,eu,2026-04-18 01:07:37,2020-06-06,2020-06-07,843.8851,4349.0,19.4,4028.46,217.1,-3811.4,1129.3356,12004.85,19913.31,-,-,-,E,0.34,74.72,[]
EU,eu,eu,2026-04-18 01:07:37,2020-06-07,2020-06-08,847.7299,4349.0,19.49,4022.17,163.7,-3858.4,1129.3356,12004.03,19913.45,-,-,-,E,0.34,75.06,[]
EU,eu,eu,2026-04-18 01:07:37,2020-06-08,2020-06-09,850.1192,4349.0,19.55,3023.79,658.9,-2364.9,1130.132,11977.73,19921.53,-,-,-,E,0.21,75.22,[]
EU,eu,eu,2026-04-18 01:07:37,2020-06-09,2020-06-10,851.8144,4349.0,19.59,2580.35,881.8,-1698.5,1130.132,11977.28,19922.72,-,-,-,E,0.15,75.37,[]
EU,eu,eu,2026-04-18 01:07:37,2020-06-10,2020-06-11,853.5921,4349.0,19.63,2474.09,695.0,-1779.1,1130.132,11976.93,19923.65,-,-,-,E,0.16,75.53,[]
EU,eu,eu,2026-04-18 01:07:37,2020-06-11,2020-06-12,856.2025,4349.0,19.69,3062.21,449.5,-2612.7,1130.132,11976.69,19924.3,-,-,-,E,0.23,75.76,[]
EU,eu,eu,2026-04-18 01:07:37,2020-06-12,2020-06-13,859.2267,4349.0,19.76,3455.35,430.4,-3024.9,1130.132,11976.34,19925.23,-,-,-,E,0.27,76.03,[]
EU,eu,eu,2026-04-18 01:07:37,2020-06-13,2020-06-14,863.3108,4349.0,19.85,4220.05,158.4,-4061.7,1130.132,11975.82,19926.6,-,-,-,E,0.36,76.39,[]
EU,eu,eu,2026-04-18 01:07:37,2020-06-14,2020-06-15,867.319,4349.0,19.94,4196.48,200.7,-3995.8,1130.132,11975.26,19928.08,-,-,-,E,0.35,76.74,[]
EU,eu,eu,2026-04-18 01:07:37,2020-06-15,2020-06-16,869.5235,4349.0,19.99,3114.61,447.5,-2667.1,1130.0465,11973.39,19927.43,-,-,-,E,0.2,76.95,[]
EU,eu,eu,2026-04-18 01:07:37,2020-06-16,2020-06-17,871.616,4349.0,20.04,2720.98,611.5,-2109.5,1130.0465,11972.97,19928.52,-,-,-,E,0.19,77.13,[]
EU,eu,eu,2026-04-18 01:07:37,2020-06-17,2020-06-18,873.5957,4349.0,20.09,2630.24,642.6,-1987.6,1130.0724,11972.62,19929.45,-,-,-,E,0.18,77.3,[]
EU,eu,eu,2026-04-18 01:07:37,2020-06-18,2020-06-19,875.9147,4349.0,20.14,2829.26,506.7,-2322.5,1130.0724,11972.36,19930.16,-,-,-,E,0.21,77.51,[]
EU,eu,eu,2026-04-18 01:07:37,2020-06-19,2020-06-20,878.4603,4349.0,20.2,2945.27,401.4,-2543.9,1130.0724,11958.91,19931.32,-,-,-,E,0.23,77.73,[]
EU,eu,eu,2026-04-18 01:07:37,2020-06-20,2020-06-21,882.2541,4349.0,20.29,4114.87,324.8,-3790.1,1130.0724,11958.49,19932.48,-,-,-,E,0.34,78.07,[]
EU,eu,eu,2026-04-18 01:07:37,2020-06-21,2020-06-22,886.3549,4349.0,20.38,4344.02,256.2,-4087.8,1130.0724,11957.83,19934.17,-,-,-,E,0.36,78.43,[]
EU,eu,eu,2026-04-18 01:07:37,2020-06-22,2020-06-23,889.3315,4349.0,20.45,3313.01,322.9,-2990.2,1130.1637,11979.57,19938.16,-,-,-,E,0.26,78.69,[]
EU,eu,eu,2026-04-18 01:07:37,2020-06-23,2020-06-24,891.8868,4349.0,20.51,2908.86,369.6,-2539.2,1130.1633,11978.96,19939.64,-,-,-,E,0.23,78.92,[]
EU,eu,eu,2026-04-18 01:07:37,2020-06-24,2020-06-25,894.2662,4349.0,20.56,2755.12,368.7,-2386.4,1130.163,11978.53,19940.7,-,-,-,E,0.21,79.13,[]
EU,eu,eu,2026-04-18 01:07:37,2020-06-25,2020-06-26,896.6595,4349.0,20.62,2711.78,326.1,-2385.6,1130.1627,11978.11,19941.71,-,-,-,E,0.21,79.34,[]
EU,eu,eu,2026-04-18 01:07:37,2020-06-26,2020-06-27,899.5159,4349.0,20.68,3059.13,218.1,-2841.0,1130.1624,11977.75,19942.66,-,-,-,E,0.25,79.59,[]
EU,eu,eu,2026-04-18 01:07:37,2020-06-27,2020-06-28,903.3443,4349.0,20.77,3969.44,147.8,-3821.7,1130.1624,11977.29,19943.85,-,-,-,E,0.34,79.93,[]
EU,eu,eu,2026-04-18 01:07:37,2020-06-28,2020-06-29,907.4189,4349.0,20.87,4187.95,116.4,-4071.6,1130.1624,11976.77,19945.23,-,-,-,E,0.36,80.29,[]
EU,eu,eu,2026-04-18 01:07:37,2020-06-29,2020-06-30,910.2987,4349.0,20.93,3132.23,253.4,-2878.8,1130.1852,11976.59,19947.19,-,-,-,E,0.25,80.54,[]
EU,eu,eu,2026-04-18 01:07:37,2020-06-30,2020-07-01,911.4124,4349.0,20.96,3088.56,352.2,-2736.3,1130.1852,12023.82,19870.36,-,-,-,E,0.1,80.64,[]
EU,eu,eu,2026-04-18 01:07:37,2020-07-01,2020-07-02,914.889,4349.0,21.04,2534.33,518.4,-2016.0,1131.9852,11975.73,19949.47,-,-,-,E,0.31,80.82,[]
EU,eu,eu,2026-04-18 01:07:37,2020-07-02,2020-07-03,917.0613,4349.0,21.09,2525.36,357.6,-2167.8,1131.9852,11975.28,19950.65,-,-,-,E,0.19,81.01,[]
EU,eu,eu,2026-04-18 01:07:37,2020-07-03,2020-07-04,920.3976,4349.0,21.16,3275.36,257.7,-3017.6,1131.9852,11975.51,19950.06,-,-,-,E,0.29,81.31,[]
EU,eu,eu,2026-04-18 01:07:37,2020-07-04,2020-07-05,924.6604,4349.0,21.26,4452.73,197.4,-4255.3,1131.9852,11975.32,19950.54,-,-,-,E,0.38,81.68,[]
EU,eu,eu,2026-04-18 01:07:37,2020-07-05,2020-07-06,929.0343,4349.0,21.36,4587.64,206.2,-4381.5,1131.9852,11975.09,19951.15,-,-,-,E,0.39,82.07,[]
EU,eu,eu,2026-04-18 01:07:37,2020-07-06,2020-07-07,931.395,4349.0,21.42,3272.05,714.9,-2557.2,1131.9586,12022.11,19951.14,-,-,-,E,0.21,82.28,[]
EU,eu,eu,2026-04-18 01:07:37,2020-07-07,2020-07-08,932.8199,4349.0,21.45,2562.0,1128.0,-1433.9,1131.9586,12021.98,19951.45,-,-,-,E,0.13,82.41,[]
EU,eu,eu,2026-04-18 01:07:37,2020-07-08,2020-07-09,933.9476,4349.0,21.47,2431.53,1319.8,-1111.7,1131.9583,12022.47,19950.08,-,-,-,E,0.1,82.51,[]
EU,eu,eu,2026-04-18 01:07:37,2020-07-09,2020-07-10,935.1672,4349.0,21.5,2461.52,1232.4,-1229.1,1131.9582,12023.11,19948.39,-,-,-,E,0.11,82.61,[]
EU,eu,eu,2026-04-18 01:07:37,2020-07-10,2020-07-11,937.2954,4349.0,21.55,2897.87,830.4,-2067.4,1131.9582,12023.5,19947.36,-,-,-,E,0.19,82.8,[]
EU,eu,eu,2026-04-18 01:07:37,2020-07-11,2020-07-12,940.8834,4349.0,21.63,3783.69,166.2,-3617.5,1131.9582,12024.01,19946.01,-,-,-,E,0.32,83.12,[]
EU,eu,eu,2026-04-18 01:07:37,2020-07-12,2020-07-13,945.0734,4349.0,21.73,4341.0,136.9,-4204.1,1131.9582,12024.56,19944.56,-,-,-,E,0.37,83.49,[]
EU,eu,eu,2026-04-18 01:07:37,2020-07-13,2020-07-14,948.0108,4349.0,21.8,3210.74,303.9,-2906.8,1131.9182,12023.8,19943.95,-,-,-,E,0.26,83.75,[]
EU,eu,eu,2026-04-18 01:07:37,2020-07-14,2020-07-15,948.903,4349.0,21.82,2463.22,1599.8,-863.4,1131.8042,12023.74,19944.09,-,-,-,E,0.08,83.84,[]
EU,eu,eu,2026-04-18 01:07:37,2020-07-15,2020-07-16,948.5719,4349.0,21.81,2291.24,1879.1,-412.2,1131.8039,12023.65,19944.27,-,-,-,E,-0.03,83.81,[]
EU,eu,eu,2026-04-18 01:07:37,2020-07-16,2020-07-17,949.3386,4349.0,21.83,2649.73,1874.3,-775.4,1131.8038,12024.07,19943.14,-,-,-,E,0.07,83.88,[]
EU,eu,eu,2026-04-18 01:07:37,2020-07-17,2020-07-18,950.202,4349.0,21.85,2638.59,1791.5,-847.1,1131.8038,12024.6,19941.75,-,-,-,E,0.08,83.95,[]
EU,eu,eu,2026-04-18 01:07:37,2020-07-18,2020-07-19,951.6459,4349.0,21.88,3043.81,1567.1,-1476.7,1131.8038,12042.7,19940.15,-,-,-,E,0.13,84.08,[]
EU,eu,eu,2026-04-18 01:07:37,2020-07-19,2020-07-20,953.5801,4349.0,21.93,3291.39,1466.1,-1825.3,1131.8038,12043.34,19938.46,-,-,-,E,0.17,84.25,[]
EU,eu,eu,2026-04-18 01:07:37,2020-07-20,2020-07-21,954.5264,4349.0,21.95,2597.73,1675.9,-921.8,1131.8418,12026.92,19938.1,-,-,-,E,0.08,84.33,[]
EU,eu,eu,2026-04-18 01:07:37,2020-07-21,2020-07-22,954.8536,4349.0,21.96,2328.69,1959.9,-368.8,1131.8418,12027.37,19936.92,-,-,-,E,0.03,84.36,[]
EU,eu,eu,2026-04-18 01:07:37,2020-07-22,2020-07-23,955.3475,4349.0,21.97,2370.18,1856.0,-514.2,1132.1708,12006.77,19935.86,-,-,-,E,0.04,84.38,[]
EU,eu,eu,2026-04-18 01:07:37,2020-07-23,2020-07-24,955.8466,4349.0,21.98,2236.12,1768.0,-468.1,1132.1708,12007.14,19934.89,-,-,-,E,0.04,84.43,[]
EU,eu,eu,2026-04-18 01:07:37,2020-07-24,2020-07-25,956.659,4349.0,22.0,2346.6,1531.7,-814.9,1132.1708,12007.49,19933.96,-,-,-,E,0.07,84.5,[]
EU,eu,eu,2026-04-18 01:07:37,2020-07-25,2020-07-26,957.2467,4349.0,22.01,2937.81,1350.3,-1587.5,1132.1708,12025.14,19933.56,-,-,-,E,0.05,84.55,[]
EU,eu,eu,2026-04-18 01:07:37,2020-07-26,2020-07-27,960.6848,4349.0,22.09,3877.32,441.5,-3435.8,1132.1708,12025.25,19728.6,-,-,-,E,0.3,84.85,[]
EU,eu,eu,2026-04-18 01:07:37,2020-07-27,2020-07-28,963.0288,4349.0,22.14,2866.27,579.6,-2286.6,1132.2152,12008.74,19933.5,-,-,-,E,0.21,85.06,[]
EU,eu,eu,2026-04-18 01:07:37,2020-07-28,2020-07-29,966.0989,4349.0,22.21,2838.25,511.1,-2327.2,1133.315,12008.31,19934.61,-,-,-,E,0.27,85.25,[]
EU,eu,eu,2026-04-18 01:07:37,2020-07-29,2020-07-30,968.1498,4349.0,22.26,2663.14,615.1,-2048.1,1133.315,12007.91,19935.65,-,-,-,E,0.18,85.43,[]
EU,eu,eu,2026-04-18 01:07:37,2020-07-30,2020-07-31,969.8782,4349.0,22.3,2353.88,619.9,-1734.0,1133.315,12007.53,19936.65,-,-,-,E,0.15,85.58,[]
EU,eu,eu,2026-04-18 01:07:37,2020-07-31,2020-08-01,968.2178,4349.0,22.26,2675.3,453.2,-2222.1,1133.315,12007.17,19937.61,-,-,-,E,-0.15,85.43,[]
EU,eu,eu,2026-04-18 01:07:37,2020-08-01,2020-08-02,974.3948,4349.0,22.41,3402.81,280.7,-3122.2,1133.84,12045.54,19938.65,-,-,-,E,0.54,85.94,[]
EU,eu,eu,2026-04-18 01:07:37,2020-08-02,2020-08-03,977.6267,4349.0,22.48,3516.19,281.4,-3234.7,1133.84,12045.51,19938.71,-,-,-,E,0.29,86.22,[]
EU,eu,eu,2026-04-18 01:07:37,2020-08-03,2020-08-04,979.7741,4349.0,22.53,2640.4,495.0,-2145.4,1133.7975,12027.33,19937.78,-,-,-,E,0.19,86.42,[]
EU,eu,eu,2026-04-18 01:07:37,2020-08-04,2020-08-05,981.8453,4349.0,22.58,2739.03,672.6,-2066.4,1133.7975,12027.28,19937.92,-,-,-,E,0.18,86.6,[]
EU,eu,eu,2026-04-18 01:07:37,2020-08-05,2020-08-06,983.6366,4349.0,22.62,3063.14,621.0,-2442.2,1133.7975,12027.27,19937.93,-,-,-,E,0.16,86.76,[]
EU,eu,eu,2026-04-18 01:07:37,2020-08-06,2020-08-07,985.7305,4349.0,22.67,2738.75,662.2,-2076.5,1133.7973,12027.4,19937.53,-,-,-,E,0.18,86.94,[]
EU,eu,eu,2026-04-18 01:07:37,2020-08-07,2020-08-08,988.1902,4349.0,22.72,2990.74,575.4,-2415.4,1133.802,12027.63,19936.89,-,-,-,E,0.22,87.16,[]
EU,eu,eu,2026-04-18 01:07:37,2020-08-08,2020-08-09,991.5143,4349.0,22.8,3695.86,312.9,-3383.0,1133.8019,12045.41,19936.16,-,-,-,E,0.29,87.45,[]
EU,eu,eu,2026-04-18 01:07:37,2020-08-09,2020-08-10,995.1531,4349.0,22.88,3869.0,239.3,-3629.7,1133.8019,12045.57,19935.74,-,-,-,E,0.32,87.77,[]
EU,eu,eu,2026-04-18 01:07:37,2020-08-10,2020-08-11,996.5017,4349.0,22.91,2909.38,361.8,-2547.6,1133.8966,12029.47,19938.13,-,-,-,E,0.12,87.88,[]
EU,eu,eu,2026-04-18 01:07:37,2020-08-11,2020-08-12,999.1492,4349.0,22.97,2596.57,640.0,-1956.6,1133.8966,12029.24,19938.73,-,-,-,E,0.23,88.12,[]
EU,eu,eu,2026-04-18 01:07:37,2020-08-12,2020-08-13,1001.2839,4349.0,23.02,2645.51,522.2,-2123.3,1133.8966,12029.17,19938.9,-,-,-,E,0.19,88.3,[]
EU,eu,eu,2026-04-18 01:07:37,2020-08-13,2020-08-14,1003.3717,4349.0,23.07,2908.53,706.2,-2202.3,1133.8966,12052.48,19938.08,-,-,-,E,0.18,88.49,[]
EU,eu,eu,2026-04-18 01:07:37,2020-08-14,2020-08-15,1005.9104,4349.0,23.13,3149.41,424.9,-2724.5,1133.8966,12052.82,19937.19,-,-,-,E,0.22,88.71,[]
EU,eu,eu,2026-04-18 01:07:37,2020-08-15,2020-08-16,1008.992,4349.0,23.2,3461.45,336.3,-3125.1,1133.8966,12043.2,19936.2,-,-,-,E,0.27,88.98,[]
EU,eu,eu,2026-04-18 01:07:37,2020-08-16,2020-08-17,1012.2902,4349.0,23.28,3560.09,271.9,-3288.2,1133.8999,12043.33,19935.84,-,-,-,E,0.29,89.28,[]
EU,eu,eu,2026-04-18 01:07:37,2020-08-17,2020-08-18,1014.672,4349.0,23.33,2848.97,496.9,-2352.0,1133.8425,12041.03,19932.5,-,-,-,E,0.21,89.49,[]
EU,eu,eu,2026-04-18 01:07:37,2020-08-18,2020-08-19,1016.7926,4349.0,23.38,2682.0,555.4,-2126.6,1133.8425,12041.03,19932.49,-,-,-,E,0.19,89.68,[]
EU,eu,eu,2026-04-18 01:07:37,2020-08-19,2020-08-20,1018.8419,4349.0,23.43,2748.54,641.7,-2106.8,1133.8425,12041.17,19932.12,-,-,-,E,0.18,89.86,[]
EU,eu,eu,2026-04-18 01:07:37,2020-08-20,2020-08-21,1020.8104,4349.0,23.47,2700.07,594.1,-2106.0,1133.8425,12041.45,19931.38,-,-,-,E,0.17,90.03,[]
EU,eu,eu,2026-04-18 01:07:37,2020-08-21,2020-08-22,1023.4872,4349.0,23.53,3197.98,528.0,-2670.0,1133.8425,12041.89,19930.21,-,-,-,E,0.24,90.27,[]
EU,eu,eu,2026-04-18 01:07:37,2020-08-22,2020-08-23,1026.8716,4349.0,23.61,3713.06,245.7,-3467.4,1133.8425,12042.3,19929.14,-,-,-,E,0.3,90.57,[]
EU,eu,eu,2026-04-18 01:07:37,2020-08-23,2020-08-24,1030.1421,4349.0,23.69,3663.8,425.6,-3238.2,1133.8425,12042.61,19928.3,-,-,-,E,0.29,90.85,[]
EU,eu,eu,2026-04-18 01:07:37,2020-08-24,2020-08-25,1031.4799,4349.0,23.72,2386.5,1018.8,-1367.7,1133.9254,12043.21,19928.71,-,-,-,E,0.12,90.97,[]
EU,eu,eu,2026-04-18 01:07:37,2020-08-25,2020-08-26,1033.0561,4349.0,23.75,2356.88,776.9,-1580.0,1133.9254,12043.37,19928.29,-,-,-,E,0.14,91.1,[]
EU,eu,eu,2026-04-18 01:07:37,2020-08-26,2020-08-27,1034.4057,4349.0,23.78,2439.06,902.6,-1536.5,1133.9254,12043.74,19927.32,-,-,-,E,0.12,91.22,[]
EU,eu,eu,2026-04-18 01:07:37,2020-08-27,2020-08-28,1035.0896,4349.0,23.8,1837.17,1145.9,-691.3,1133.9254,12044.17,19926.19,-,-,-,E,0.06,91.28,[]
EU,eu,eu,2026-04-18 01:07:37,2020-08-28,2020-08-29,1034.6344,4349.0,23.79,2334.24,1121.4,-1212.9,1134.3011,12044.61,19925.02,-,-,-,E,-0.04,91.21,[]
EU,eu,eu,2026-04-18 01:07:37,2020-08-29,2020-08-30,1036.1598,4349.0,23.83,2647.38,1009.6,-1637.8,1134.3511,12045.24,19923.34,-,-,-,E,0.13,91.34,[]
EU,eu,eu,2026-04-18 01:07:37,2020-08-30,2020-08-31,1037.8369,4349.0,23.86,2645.96,1056.9,-1589.1,1134.3511,12040.72,19922.08,-,-,-,E,0.15,91.49,[]
EU,eu,eu,2026-04-18 01:07:37,2020-08-31,2020-09-01,1035.1478,4349.0,23.8,1967.37,1594.2,-373.1,1134.4931,12040.76,19920.22,-,-,-,E,-0.24,91.24,[]
EU,eu,eu,2026-04-18 01:07:37,2020-09-01,2020-09-02,1035.3501,4349.0,23.81,1868.93,929.9,-939.0,1134.8259,12028.3,19919.76,-,-,-,E,0.02,91.23,[]
EU,eu,eu,2026-04-18 01:07:37,2020-09-02,2020-09-03,1038.3836,4349.0,23.88,2004.46,789.4,-1215.1,1134.8259,12028.91,19918.16,-,-,-,E,0.27,91.5,[]
EU,eu,eu,2026-04-18 01:07:37,2020-09-03,2020-09-04,1040.0678,4349.0,23.92,2053.75,390.9,-1662.9,1134.8259,12016.17,19917.36,-,-,-,E,0.15,91.65,[]
EU,eu,eu,2026-04-18 01:07:37,2020-09-04,2020-09-05,1041.7917,4349.0,23.95,2171.39,448.2,-1723.2,1134.8259,12015.9,19918.08,-,-,-,E,0.15,91.8,[]
EU,eu,eu,2026-04-18 01:07:37,2020-09-05,2020-09-06,1044.5213,4349.0,24.02,3049.43,212.6,-2836.8,1134.8259,12015.82,19918.29,-,-,-,E,0.24,92.04,[]
EU,eu,eu,2026-04-18 01:07:37,2020-09-06,2020-09-07,1047.1305,4349.0,24.08,2871.01,255.1,-2615.9,1134.8259,12015.4,19919.4,-,-,-,E,0.23,92.27,[]
EU,eu,eu,2026-04-18 01:07:37,2020-09-07,2020-09-08,1048.4508,4349.0,24.11,1999.44,659.4,-1340.0,1134.8373,12014.41,19919.53,-,-,-,E,0.12,92.39,[]
EU,eu,eu,2026-04-18 01:07:37,2020-09-08,2020-09-09,1049.6973,4349.0,24.14,2054.18,670.3,-1383.9,1134.8373,12014.02,19920.58,-,-,-,E,0.11,92.5,[]
EU,eu,eu,2026-04-18 01:07:37,2020-09-09,2020-09-10,1051.1459,4349.0,24.17,2100.03,677.8,-1422.2,1134.8373,12013.8,19921.14,-,-,-,E,0.13,92.63,[]
EU,eu,eu,2026-04-18 01:07:37,2020-09-10,2020-09-11,1052.3105,4349.0,24.2,1976.43,813.8,-1162.7,1134.8873,12013.62,19921.62,-,-,-,E,0.1,92.72,[]
EU,eu,eu,2026-04-18 01:07:37,2020-09-11,2020-09-12,1053.9484,4349.0,24.23,2049.84,434.8,-1615.0,1134.8873,12013.21,19922.71,-,-,-,E,0.14,92.87,[]
EU,eu,eu,2026-04-18 01:07:37,2020-09-12,2020-09-13,1056.903,4349.0,24.3,3203.85,164.9,-3038.9,1134.8873,12013.55,19921.8,-,-,-,E,0.26,93.13,[]
EU,eu,eu,2026-04-18 01:07:37,2020-09-13,2020-09-14,1059.9492,4349.0,24.37,3157.84,127.2,-3030.7,1134.8873,12012.51,19924.57,-,-,-,E,0.27,93.4,[]
EU,eu,eu,2026-04-18 01:07:37,2020-09-14,2020-09-15,1061.4875,4349.0,24.41,2025.88,495.0,-1530.9,1135.0093,12012.4,19928.81,-,-,-,E,0.14,93.52,[]
EU,eu,eu,2026-04-18 01:07:37,2020-09-15,2020-09-16,1062.7098,4349.0,24.44,1693.3,535.7,-1157.6,1135.0093,12012.17,19929.41,-,-,-,E,0.11,93.63,[]
EU,eu,eu,2026-04-18 01:07:37,2020-09-16,2020-09-17,1063.8505,4349.0,24.46,1658.13,444.6,-1213.5,1135.0093,12011.73,19930.59,-,-,-,E,0.1,93.73,[]
EU,eu,eu,2026-04-18 01:07:37,2020-09-17,2020-09-18,1063.4467,4349.0,24.45,1809.12,362.7,-1446.4,1135.0093,12011.33,19931.66,-,-,-,E,-0.04,93.69,[]
EU,eu,eu,2026-04-18 01:07:37,2020-09-18,2020-09-19,1065.0621,4349.0,24.49,1966.62,345.2,-1621.4,1135.0093,12011.01,19932.48,-,-,-,E,0.14,93.84,[]
EU,eu,eu,2026-04-18 01:07:37,2020-09-19,2020-09-20,1067.2275,4349.0,24.54,2554.41,193.6,-2360.8,1135.0093,12010.65,19933.46,-,-,-,E,0.19,94.03,[]
EU,eu,eu,2026-04-18 01:07:37,2020-09-20,2020-09-21,1069.4611,4349.0,24.59,2366.61,190.2,-2176.4,1135.0093,12010.21,19934.59,-,-,-,E,0.2,94.22,[]
EU,eu,eu,2026-04-18 01:07:37,2020-09-21,2020-09-22,1070.4003,4349.0,24.61,1659.8,861.6,-798.2,1135.0016,12009.71,19935.43,-,-,-,E,0.08,94.31,[]
EU,eu,eu,2026-04-18 01:07:37,2020-09-22,2020-09-23,1071.3425,4349.0,24.63,1620.72,470.0,-1150.7,1135.0016,11622.62,19241.47,-,-,-,E,0.08,94.39,[]
EU,eu,eu,2026-04-18 01:07:37,2020-09-23,2020-09-24,1072.3628,4349.0,24.66,1548.68,575.8,-972.9,1135.0014,11646.61,19327.14,-,-,-,E,0.09,94.48,[]
EU,eu,eu,2026-04-18 01:07:37,2020-09-24,2020-09-25,1073.7495,4349.0,24.69,2062.94,678.2,-1384.7,1135.0013,11646.61,19327.13,-,-,-,E,0.12,94.6,[]
EU,eu,eu,2026-04-18 01:07:37,2020-09-25,2020-09-26,1075.0633,4349.0,24.72,2072.83,762.1,-1310.7,1135.0013,12008.98,19937.28,-,-,-,E,0.12,94.72,[]
EU,eu,eu,2026-04-18 01:07:37,2020-09-26,2020-09-27,1076.6648,4349.0,24.76,2192.11,589.2,-1602.9,1135.0013,12008.96,19937.33,-,-,-,E,0.14,94.86,[]
EU,eu,eu,2026-04-18 01:07:37,2020-09-27,2020-09-28,1078.0181,4349.0,24.79,2079.99,716.7,-1363.3,1135.0063,12008.56,19938.39,-,-,-,E,0.12,94.98,[]
EU,eu,eu,2026-04-18 01:07:37,2020-09-28,2020-09-29,1077.4019,4349.0,24.77,1134.89,1727.9,593.0,1135.0546,12008.9,19940.59,-,-,-,E,-0.05,94.92,[]
EU,eu,eu,2026-04-18 01:07:37,2020-09-29,2020-09-30,1076.9034,4349.0,24.76,1276.12,1554.5,278.4,1135.0563,12009.12,19940.01,-,-,-,E,-0.04,94.88,[]
EU,eu,eu,2026-04-18 01:07:37,2020-09-30,2020-10-01,1075.7962,4349.0,24.74,1290.5,1852.7,562.1,1135.0563,11985.54,19966.92,-,-,-,E,-0.1,94.78,[]
EU,eu,eu,2026-04-18 01:07:37,2020-10-01,2020-10-02,1076.1302,4349.0,24.74,1235.63,777.0,-458.6,1134.9963,11985.32,19967.5,-,-,-,E,0.03,94.81,[]
EU,eu,eu,2026-04-18 01:07:37,2020-10-02,2020-10-03,1077.7767,4349.0,24.78,1725.32,424.9,-1300.4,1134.9963,12009.4,19921.44,-,-,-,E,0.15,94.96,[]
EU,eu,eu,2026-04-18 01:07:37,2020-10-03,2020-10-04,1080.0721,4349.0,24.83,2711.81,379.0,-2332.9,1134.9963,12008.84,19855.09,-,-,-,E,0.2,95.16,[]
EU,eu,eu,2026-04-18 01:07:37,2020-10-04,2020-10-05,1082.5286,4349.0,24.89,2794.68,358.6,-2436.0,1134.9963,12008.1,19816.88,-,-,-,E,0.22,95.38,[]
EU,eu,eu,2026-04-18 01:07:37,2020-10-05,2020-10-06,1083.15,4349.0,24.91,1289.84,677.2,-612.6,1134.9693,12006.76,19886.53,-,-,-,E,0.05,95.43,[]
EU,eu,eu,2026-04-18 01:07:37,2020-10-06,2020-10-07,1083.8886,4349.0,24.92,1227.99,487.6,-740.4,1135.009,12006.33,19887.66,-,-,-,E,0.07,95.5,[]
EU,eu,eu,2026-04-18 01:07:37,2020-10-07,2020-10-08,1084.385,4349.0,24.93,1151.21,659.7,-491.6,1135.009,12005.95,19888.66,-,-,-,E,0.04,95.54,[]
EU,eu,eu,2026-04-18 01:07:37,2020-10-08,2020-10-09,1084.8765,4349.0,24.95,1060.41,459.7,-600.7,1135.009,12005.74,19889.21,-,-,-,E,0.04,95.58,[]
EU,eu,eu,2026-04-18 01:07:37,2020-10-09,2020-10-10,1085.5221,4349.0,24.96,1121.22,487.8,-633.5,1135.009,12005.46,19889.96,-,-,-,E,0.06,95.64,[]
EU,eu,eu,2026-04-18 01:07:37,2020-10-10,2020-10-11,1088.1709,4349.0,25.02,2174.64,227.2,-1947.5,1135.009,12005.0,19891.16,-,-,-,E,0.23,95.87,[]
EU,eu,eu,2026-04-18 01:07:37,2020-10-11,2020-10-12,1089.3375,4349.0,25.05,1737.51,416.8,-1320.7,1135.7275,12004.49,19941.21,-,-,-,E,0.1,95.92,[]
EU,eu,eu,2026-04-18 01:07:37,2020-10-12,2020-10-13,1088.6767,4349.0,25.03,679.52,1385.8,706.3,1135.6966,12003.48,19999.9,-,-,-,E,-0.06,95.86,[]
EU,eu,eu,2026-04-18 01:07:37,2020-10-13,2020-10-14,1087.4478,4349.0,25.0,506.2,1700.4,1194.2,1138.1966,12003.11,20000.88,-,-,-,E,-0.11,95.54,[]
EU,eu,eu,2026-04-18 01:07:37,2020-10-14,2020-10-15,1086.1493,4349.0,24.97,495.5,1882.4,1386.9,1138.1966,12003.17,20000.72,-,-,-,E,-0.11,95.43,[]
EU,eu,eu,2026-04-18 01:07:37,2020-10-15,2020-10-16,1084.2949,4349.0,24.93,424.99,2268.7,1843.7,1138.1966,11898.14,20246.8,-,-,-,E,-0.16,95.26,[]
EU,eu,eu,2026-04-18 01:07:37,2020-10-16,2020-10-17,1082.3353,4349.0,24.89,320.13,2274.0,1953.9,1138.1966,11898.49,20245.87,-,-,-,E,-0.17,95.09,[]
EU,eu,eu,2026-04-18 01:07:37,2020-10-17,2020-10-18,1079.7627,4349.0,24.83,511.01,1531.6,1020.6,1138.1966,11899.33,20243.67,-,-,-,E,-0.23,94.87,[]
EU,eu,eu,2026-04-18 01:07:37,2020-10-18,2020-10-19,1080.9761,4349.0,24.86,696.28,989.8,293.5,1138.1966,11899.75,20242.54,-,-,-,E,0.11,94.97,[]
EU,eu,eu,2026-04-18 01:07:37,2020-10-19,2020-10-20,1079.5377,4349.0,24.82,504.72,1927.4,1422.7,1138.1136,11874.75,20239.86,-,-,-,E,-0.13,94.85,[]
EU,eu,eu,2026-04-18 01:07:37,2020-10-20,2020-10-21,1078.521,4349.0,24.8,580.4,1586.6,1006.2,1138.1136,11875.34,20238.29,-,-,-,E,-0.09,94.76,[]
EU,eu,eu,2026-04-18 01:07:37,2020-10-21,2020-10-22,1078.0575,4349.0,24.79,594.57,1065.7,471.1,1138.1136,11900.07,20236.36,-,-,-,E,-0.04,94.72,[]
EU,eu,eu,2026-04-18 01:07:37,2020-10-22,2020-10-23,1077.472,4349.0,24.78,561.91,1148.6,586.7,1138.1136,11900.06,20236.4,-,-,-,E,-0.05,94.67,[]
EU,eu,eu,2026-04-18 01:07:37,2020-10-23,2020-10-24,1076.9835,4349.0,24.76,665.03,1160.0,495.0,1138.1136,11941.15,20582.77,-,-,-,E,-0.04,94.63,[]
EU,eu,eu,2026-04-18 01:07:37,2020-10-24,2020-10-25,1078.3696,4349.0,24.8,1908.09,523.3,-1384.8,1139.099,12117.31,20805.08,-,-,-,E,0.12,94.67,[]
EU,eu,eu,2026-04-18 01:07:37,2020-10-25,2020-10-26,1079.6235,4349.0,24.82,1863.51,489.3,-1374.2,1138.1136,11942.02,20598.32,-,-,-,E,0.11,94.86,[]
EU,eu,eu,2026-04-18 01:07:37,2020-10-26,2020-10-27,1079.4882,4349.0,24.82,626.43,1097.6,471.2,1138.1136,11941.79,20619.94,-,-,-,E,-0.01,94.85,[]
EU,eu,eu,2026-04-18 01:07:37,2020-10-27,2020-10-28,1077.7706,4349.0,24.78,343.4,2041.1,1697.7,1138.1136,11941.87,20619.73,-,-,-,E,-0.15,94.7,[]
EU,eu,eu,2026-04-18 01:07:37,2020-10-28,2020-10-29,1076.8633,4349.0,24.76,394.96,1276.2,881.3,1138.1136,11942.71,20617.51,-,-,-,E,-0.08,94.62,[]
EU,eu,eu,2026-04-18 01:07:37,2020-10-29,2020-10-30,1075.8781,4349.0,24.74,419.47,1391.3,971.8,1137.6136,11918.81,20617.23,-,-,-,E,-0.09,94.57,[]
EU,eu,eu,2026-04-18 01:07:37,2020-10-30,2020-10-31,1076.3161,4349.0,24.75,595.56,805.5,209.9,1137.6136,11918.8,20646.27,-,-,-,E,0.04,94.61,[]
EU,eu,eu,2026-04-18 01:07:37,2020-10-31,2020-11-01,1077.5593,4349.0,24.78,2036.98,380.0,-1657.0,1137.6136,11918.77,20646.34,-,-,-,E,0.11,94.72,[]
EU,eu,eu,2026-04-18 01:07:37,2020-11-01,2020-11-02,1079.6009,4349.0,24.82,2266.08,748.0,-1518.1,1135.5046,11968.02,20652.14,-,-,-,E,0.18,95.08,[]
EU,eu,eu,2026-04-18 01:07:37,2020-11-02,2020-11-03,1080.2665,4349.0,24.84,1807.14,1184.1,-623.1,1135.5546,11967.2,20654.28,-,-,-,E,0.06,95.13,[]
EU,eu,eu,2026-04-18 01:07:37,2020-11-03,2020-11-04,1079.1693,4349.0,24.81,574.17,1649.7,1075.6,1135.5546,11966.48,20656.2,-,-,-,E,-0.1,95.03,[]
EU,eu,eu,2026-04-18 01:07:37,2020-11-04,2020-11-05,1077.0668,4349.0,24.77,308.5,2359.0,2050.5,1135.5546,11966.11,20657.16,-,-,-,E,-0.19,94.85,[]
EU,eu,eu,2026-04-18 01:07:37,2020-11-05,2020-11-06,1074.6716,4349.0,24.71,307.35,2686.5,2379.2,1135.5546,11965.99,20685.49,-,-,-,E,-0.21,94.64,[]
EU,eu,eu,2026-04-18 01:07:37,2020-11-06,2020-11-07,1073.0243,4349.0,24.67,490.32,2114.0,1623.7,1135.5546,11966.29,20684.7,-,-,-,E,-0.15,94.49,[]
EU,eu,eu,2026-04-18 01:07:37,2020-11-07,2020-11-08,1072.3949,4349.0,24.66,630.63,1263.6,632.9,1135.5546,11966.41,20684.37,-,-,-,E,-0.06,94.44,[]
EU,eu,eu,2026-04-18 01:07:37,2020-11-08,2020-11-09,1072.1488,4349.0,24.65,779.11,1025.0,245.9,1135.5546,11966.46,20684.24,-,-,-,E,-0.02,94.42,[]
EU,eu,eu,2026-04-18 01:07:37,2020-11-09,2020-11-10,1070.0663,4349.0,24.6,352.72,2543.7,2191.0,1135.5546,11966.4,20644.41,-,-,-,E,-0.18,94.23,[]
EU,eu,eu,2026-04-18 01:07:37,2020-11-10,2020-11-11,1067.0249,4349.0,24.53,227.63,3087.7,2860.1,1135.5495,11966.6,20643.67,-,-,-,E,-0.27,93.97,[]
EU,eu,eu,2026-04-18 01:07:37,2020-11-11,2020-11-12,1064.8264,4349.0,24.48,340.06,2535.5,2195.4,1135.5495,11967.34,20641.72,-,-,-,E,-0.19,93.77,[]
EU,eu,eu,2026-04-18 01:07:37,2020-11-12,2020-11-13,1062.638,4349.0,24.43,353.3,2550.7,2197.4,1135.5495,11967.46,20641.41,-,-,-,E,-0.19,93.58,[]
EU,eu,eu,2026-04-18 01:07:37,2020-11-13,2020-11-14,1060.5728,4349.0,24.39,347.41,2414.3,2066.9,1135.5495,11967.58,20641.08,-,-,-,E,-0.18,93.4,[]
EU,eu,eu,2026-04-18 01:07:37,2020-11-14,2020-11-15,1060.414,4349.0,24.38,1221.56,1380.2,158.6,1135.5495,11967.68,20640.82,-,-,-,E,-0.01,93.38,[]
EU,eu,eu,2026-04-18 01:07:37,2020-11-15,2020-11-16,1060.7559,4349.0,24.39,1491.12,1182.4,-308.7,1135.5495,11967.73,20640.69,-,-,-,E,0.03,93.41,[]
EU,eu,eu,2026-04-18 01:07:37,2020-11-16,2020-11-17,1059.1473,4349.0,24.35,456.1,2079.7,1623.6,1135.5495,11943.42,20641.51,-,-,-,E,-0.14,93.27,[]
EU,eu,eu,2026-04-18 01:07:37,2020-11-17,2020-11-18,1057.3976,4349.0,24.31,492.87,2246.7,1753.8,1135.5495,11943.32,20556.08,-,-,-,E,-0.15,93.12,[]
EU,eu,eu,2026-04-18 01:07:37,2020-11-18,2020-11-19,1056.1233,4349.0,24.28,883.33,2158.4,1275.1,1135.5495,11943.33,20556.05,-,-,-,E,-0.11,93.01,[]
EU,eu,eu,2026-04-18 01:07:37,2020-11-19,2020-11-20,1053.8632,4349.0,24.23,495.56,2781.1,2285.5,1135.5495,11943.17,20556.48,-,-,-,E,-0.2,92.81,[]
EU,eu,eu,2026-04-18 01:07:37,2020-11-20,2020-11-21,1050.3908,4349.0,24.15,446.55,3851.9,3405.4,1135.5495,11967.23,20641.99,-,-,-,E,-0.31,92.5,[]
EU,eu,eu,2026-04-18 01:07:37,2020-11-21,2020-11-22,1048.1,4349.0,24.1,600.18,2878.6,2278.5,1135.5495,11967.54,20681.19,-,-,-,E,-0.2,92.3,[]
EU,eu,eu,2026-04-18 01:07:37,2020-11-22,2020-11-23,1045.4507,4349.0,24.04,511.36,3133.5,2622.2,1135.5495,11967.61,20681.01,-,-,-,E,-0.23,92.07,[]
EU,eu,eu,2026-04-18 01:07:37,2020-11-23,2020-11-24,1041.4326,4349.0,23.95,254.71,4235.7,3981.0,1135.5495,11967.75,20680.64,-,-,-,E,-0.35,91.71,[]
EU,eu,eu,2026-04-18 01:07:37,2020-11-24,2020-11-25,1036.9906,4349.0,23.84,278.64,4692.6,4413.9,1135.5495,11967.68,20680.83,-,-,-,E,-0.39,91.32,[]
EU,eu,eu,2026-04-18 01:07:37,2020-11-25,2020-11-26,1031.58,4349.0,23.72,150.14,5540.2,5390.0,1135.5495,11968.02,20679.91,-,-,-,E,-0.48,90.84,[]
EU,eu,eu,2026-04-18 01:07:37,2020-11-26,2020-11-27,1025.692,4349.0,23.58,122.59,5995.7,5873.1,1135.5495,11968.68,20678.19,-,-,-,E,-0.52,90.33,[]
EU,eu,eu,2026-04-18 01:07:37,2020-11-27,2020-11-28,1019.7617,4349.0,23.45,190.43,6109.1,5918.7,1135.5495,11969.77,20675.31,-,-,-,E,-0.52,89.8,[]
EU,eu,eu,2026-04-18 01:07:37,2020-11-28,2020-11-29,1014.8239,4349.0,23.33,244.52,5038.2,4793.7,1135.5495,11975.6,20673.22,-,-,-,E,-0.43,89.37,[]
EU,eu,eu,2026-04-18 01:07:37,2020-11-29,2020-11-30,1009.8108,4349.0,23.22,452.37,5446.5,4994.1,1135.5495,11976.38,20670.15,-,-,-,E,-0.44,88.93,[]
EU,eu,eu,2026-04-18 01:07:37,2020-11-30,2020-12-01,1003.6207,4349.0,23.08,353.88,7159.9,6806.0,1135.5495,11977.17,20667.06,-,-,-,E,-0.55,88.38,[]
EU,eu,eu,2026-04-18 01:07:37,2020-12-01,2020-12-02,997.0613,4349.0,22.93,203.24,7454.3,7251.1,1135.8905,11977.11,20539.22,-,-,-,E,-0.58,87.78,[]
EU,eu,eu,2026-04-18 01:07:37,2020-12-02,2020-12-03,989.4642,4349.0,22.75,223.22,7838.7,7615.5,1135.8905,11978.05,20536.75,-,-,-,E,-0.67,87.11,[]
EU,eu,eu,2026-04-18 01:07:37,2020-12-03,2020-12-04,982.0512,4349.0,22.58,221.7,7546.8,7325.1,1135.8905,11978.83,20534.68,-,-,-,E,-0.65,86.46,[]
EU,eu,eu,2026-04-18 01:07:37,2020-12-04,2020-12-05,975.3924,4349.0,22.43,283.94,6932.7,6648.7,1135.8905,11979.75,20532.26,-,-,-,E,-0.59,85.87,[]
EU,eu,eu,2026-04-18 01:07:37,2020-12-05,2020-12-06,970.4564,4349.0,22.31,488.61,5706.4,5217.8,1135.8905,11980.97,20529.02,-,-,-,E,-0.43,85.44,[]
EU,eu,eu,2026-04-18 01:07:37,2020-12-06,2020-12-07,965.4959,4349.0,22.2,496.66,5429.8,4933.2,1135.8905,11982.21,20525.75,-,-,-,E,-0.44,85.0,[]
EU,eu,eu,2026-04-18 01:07:37,2020-12-07,2020-12-08,958.7017,4349.0,22.04,280.72,7036.4,6755.7,1135.8905,12016.27,20517.94,-,-,-,E,-0.6,84.4,[]
EU,eu,eu,2026-04-18 01:07:37,2020-12-08,2020-12-09,952.3295,4349.0,21.9,243.72,6595.8,6352.1,1135.8905,12017.36,20515.08,-,-,-,E,-0.56,83.84,[]
EU,eu,eu,2026-04-18 01:07:37,2020-12-09,2020-12-10,944.3071,4349.0,21.71,177.56,7805.3,7627.8,1135.8905,12018.37,20512.42,-,-,-,E,-0.71,83.13,[]
EU,eu,eu,2026-04-18 01:07:37,2020-12-10,2020-12-11,936.9971,4349.0,21.55,232.57,7796.8,7564.2,1135.8905,12019.52,20509.37,-,-,-,E,-0.64,82.49,[]
EU,eu,eu,2026-04-18 01:07:37,2020-12-11,2020-12-12,930.157,4349.0,21.39,228.7,7049.5,6820.8,1135.8905,12020.71,20605.24,-,-,-,E,-0.6,81.89,[]
EU,eu,eu,2026-04-18 01:07:37,2020-12-12,2020-12-13,924.9929,4349.0,21.27,380.19,5535.1,5154.9,1135.8905,12022.07,20587.35,-,-,-,E,-0.45,81.43,[]
EU,eu,eu,2026-04-18 01:07:37,2020-12-13,2020-12-14,920.8906,4349.0,21.17,610.82,4706.0,4095.2,1135.8905,12028.52,20585.37,-,-,-,E,-0.36,81.07,[]
EU,eu,eu,2026-04-18 01:07:37,2020-12-14,2020-12-15,915.8699,4349.0,21.06,289.3,5436.3,5147.0,1136.0368,12023.65,20587.19,-,-,-,E,-0.44,80.62,[]
EU,eu,eu,2026-04-18 01:07:37,2020-12-15,2020-12-16,910.2929,4349.0,20.93,326.85,5488.2,5161.4,1135.0085,12024.53,20584.86,-,-,-,E,-0.49,80.2,[]
EU,eu,eu,2026-04-18 01:07:37,2020-12-16,2020-12-17,905.252,4349.0,20.82,309.82,5235.2,4925.4,1135.0849,12025.55,20582.16,-,-,-,E,-0.44,79.75,[]
EU,eu,eu,2026-04-18 01:07:37,2020-12-17,2020-12-18,900.4851,4349.0,20.71,334.31,5095.0,4760.6,1135.0849,12026.9,20578.6,-,-,-,E,-0.42,79.33,[]
EU,eu,eu,2026-04-18 01:07:37,2020-12-18,2020-12-19,896.3221,4349.0,20.61,674.33,4853.3,4179.0,1135.0849,12022.77,20576.32,-,-,-,E,-0.37,78.97,[]
EU,eu,eu,2026-04-18 01:07:37,2020-12-19,2020-12-20,893.5449,4349.0,20.55,982.79,3769.6,2786.8,1135.0849,12023.91,20590.57,-,-,-,E,-0.24,78.72,[]
EU,eu,eu,2026-04-18 01:07:37,2020-12-20,2020-12-21,890.3934,4349.0,20.47,853.83,4001.1,3147.3,1135.0849,12024.53,20588.94,-,-,-,E,-0.28,78.44,[]
EU,eu,eu,2026-04-18 01:07:37,2020-12-21,2020-12-22,885.9878,4349.0,20.37,491.82,4918.2,4426.4,1135.0849,12005.05,20587.58,-,-,-,E,-0.39,78.05,[]
EU,eu,eu,2026-04-18 01:07:37,2020-12-22,2020-12-23,882.2674,4349.0,20.29,562.07,4303.9,3741.8,1135.0849,12005.89,20585.36,-,-,-,E,-0.33,77.73,[]
EU,eu,eu,2026-04-18 01:07:37,2020-12-23,2020-12-24,879.717,4349.0,20.23,913.44,3584.3,2670.8,1135.0085,12012.59,20583.5,-,-,-,E,-0.22,77.51,[]
EU,eu,eu,2026-04-18 01:07:37,2020-12-24,2020-12-25,877.4457,4349.0,20.18,803.05,2963.7,2160.7,1135.0849,12012.76,20580.67,-,-,-,E,-0.2,77.3,[]
EU,eu,eu,2026-04-18 01:07:37,2020-12-25,2020-12-26,874.137,4349.0,20.1,745.88,3557.1,2811.2,1135.0849,12005.8,20578.45,-,-,-,E,-0.29,77.01,[]
EU,eu,eu,2026-04-18 01:07:37,2020-12-26,2020-12-27,870.8091,4349.0,20.02,756.96,4091.3,3334.4,1135.0849,12006.47,20576.72,-,-,-,E,-0.29,76.72,[]
EU,eu,eu,2026-04-18 01:07:37,2020-12-27,2020-12-28,866.5272,4349.0,19.92,459.63,4730.4,4270.8,1135.0849,12007.31,20574.53,-,-,-,E,-0.38,76.34,[]
EU,eu,eu,2026-04-18 01:07:37,2020-12-28,2020-12-29,860.7284,4349.0,19.79,307.85,6084.9,5777.1,1135.0849,12008.16,20572.24,-,-,-,E,-0.51,75.83,[]
EU,eu,eu,2026-04-18 01:07:37,2020-12-29,2020-12-30,854.8547,4349.0,19.66,297.79,6034.8,5737.0,1135.0849,11995.35,20573.71,-,-,-,E,-0.52,75.31,[]
EU,eu,eu,2026-04-18 01:07:37,2020-12-30,2020-12-31,848.9146,4349.0,19.52,283.73,6271.8,5988.1,1135.0849,11996.29,20571.24,-,-,-,E,-0.52,74.79,[]
EU,eu,eu,2026-04-18 01:07:37,2020-12-31,2021-01-01,830.2783,3619.0,22.94,395.97,5502.3,5106.3,1119.9887,11188.22,19597.29,-,-,-,E,-1.66,74.13,[]
EU,eu,eu,2026-04-18 01:07:37,2021-01-01,2021-01-02,825.9856,3776.0,21.87,431.54,5711.0,5279.5,1119.9887,11189.49,19574.66,-,-,-,E,0.0,73.75,[]
EU,eu,eu,2026-04-18 01:07:37,2021-01-02,2021-01-03,820.0704,3776.0,21.72,299.7,6298.4,5998.7,1120.011,11190.67,19572.32,-,-,-,E,-0.53,73.22,[]
EU,eu,eu,2026-04-18 01:07:37,2021-01-03,2021-01-04,813.714,3776.0,21.55,262.76,6551.3,6288.5,1120.011,11191.23,19570.84,-,-,-,E,-0.57,72.65,[]
EU,eu,eu,2026-04-18 01:07:37,2021-01-04,2021-01-05,805.1843,3776.0,21.32,167.23,8689.8,8522.5,1120.011,11191.92,19569.02,-,-,-,E,-0.76,71.89,[]
EU,eu,eu,2026-04-18 01:07:37,2021-01-05,2021-01-06,795.9524,3776.0,21.08,139.01,9296.5,9157.5,1120.011,11192.79,19566.7,-,-,-,E,-0.82,71.07,[]
EU,eu,eu,2026-04-18 01:07:37,2021-01-06,2021-01-07,787.1214,3776.0,20.85,162.83,9379.2,9216.4,1120.011,11193.72,19554.64,-,-,-,E,-0.79,70.28,[]
EU,eu,eu,2026-04-18 01:07:37,2021-01-07,2021-01-08,777.2378,3776.0,20.58,149.65,9936.1,9786.4,1120.011,11194.65,19425.81,-,-,-,E,-0.88,69.4,[]
EU,eu,eu,2026-04-18 01:07:37,2021-01-08,2021-01-09,767.2417,3776.0,20.32,120.83,10006.9,9886.0,1120.011,11195.22,19560.29,-,-,-,E,-0.89,68.5,[]
EU,eu,eu,2026-04-18 01:07:37,2021-01-09,2021-01-10,758.4266,3776.0,20.09,161.26,8956.6,8795.4,1120.011,11196.12,19557.92,-,-,-,E,-0.79,67.72,[]
EU,eu,eu,2026-04-18 01:07:37,2021-01-10,2021-01-11,749.8406,3776.0,19.86,200.38,8737.5,8537.1,1120.011,11197.06,19555.44,-,-,-,E,-0.77,66.95,[]
EU,eu,eu,2026-04-18 01:07:37,2021-01-11,2021-01-12,739.7254,3776.0,19.59,112.48,10236.6,10124.1,1120.011,11197.93,19553.14,-,-,-,E,-0.9,66.05,[]
EU,eu,eu,2026-04-18 01:07:37,2021-01-12,2021-01-13,729.9468,3776.0,19.33,117.38,9904.2,9786.9,1120.011,11198.87,19550.65,-,-,-,E,-0.87,65.17,[]
EU,eu,eu,2026-04-18 01:07:37,2021-01-13,2021-01-14,720.5865,3776.0,19.08,227.26,9860.9,9633.7,1120.011,11199.83,19533.12,-,-,-,E,-0.84,64.34,[]
EU,eu,eu,2026-04-18 01:07:37,2021-01-14,2021-01-15,710.5084,3776.0,18.82,133.07,10179.5,10046.4,1120.011,11201.02,19529.98,-,-,-,E,-0.9,63.44,[]
EU,eu,eu,2026-04-18 01:07:37,2021-01-15,2021-01-16,699.7224,3776.0,18.53,149.33,10871.1,10721.8,1120.011,11249.06,19526.71,-,-,-,E,-0.96,62.47,[]
EU,eu,eu,2026-04-18 01:07:37,2021-01-16,2021-01-17,690.1831,3776.0,18.28,180.83,9692.8,9512.0,1120.011,11250.3,19523.44,-,-,-,E,-0.85,61.62,[]
EU,eu,eu,2026-04-18 01:07:37,2021-01-17,2021-01-18,681.0721,3776.0,18.04,255.84,9283.4,9027.5,1120.011,11251.51,19520.22,-,-,-,E,-0.81,60.81,[]
EU,eu,eu,2026-04-18 01:07:37,2021-01-18,2021-01-19,670.6721,3776.0,17.76,134.22,10520.1,10385.9,1120.011,11252.69,19516.94,-,-,-,E,-0.93,59.88,[]
EU,eu,eu,2026-04-18 01:07:37,2021-01-19,2021-01-20,661.575,3776.0,17.52,196.42,9239.4,9043.0,1120.011,11253.9,19513.93,-,-,-,E,-0.81,59.07,[]
EU,eu,eu,2026-04-18 01:07:37,2021-01-20,2021-01-21,654.1584,3776.0,17.32,273.02,7638.0,7365.0,1120.011,11255.04,19510.9,-,-,-,E,-0.66,58.41,[]
EU,eu,eu,2026-04-18 01:07:37,2021-01-21,2021-01-22,647.7463,3776.0,17.15,628.26,7030.1,6401.8,1120.011,11256.08,19488.17,-,-,-,E,-0.57,57.83,[]
EU,eu,eu,2026-04-18 01:07:37,2021-01-22,2021-01-23,641.0833,3776.0,16.98,350.66,7201.0,6850.4,1120.011,11257.21,19401.14,-,-,-,E,-0.59,57.24,[]
EU,eu,eu,2026-04-18 01:07:37,2021-01-23,2021-01-24,634.9859,3776.0,16.82,410.97,6467.7,6056.7,1120.011,11258.31,19257.35,-,-,-,E,-0.54,56.69,[]
EU,eu,eu,2026-04-18 01:07:37,2021-01-24,2021-01-25,628.6504,3776.0,16.65,371.21,6858.3,6487.1,1120.011,11259.03,19263.76,-,-,-,E,-0.57,56.13,[]
EU,eu,eu,2026-04-18 01:07:37,2021-01-25,2021-01-26,619.7549,3776.0,16.41,164.31,9176.4,9012.1,1120.011,11259.49,19280.54,-,-,-,E,-0.79,55.33,[]
EU,eu,eu,2026-04-18 01:07:37,2021-01-26,2021-01-27,611.0161,3776.0,16.18,280.07,9016.3,8736.2,1120.011,11260.12,19279.58,-,-,-,E,-0.78,54.55,[]
EU,eu,eu,2026-04-18 01:07:37,2021-01-27,2021-01-28,602.1993,3776.0,15.95,225.83,9011.6,8785.8,1119.9029,11261.31,19281.42,-,-,-,E,-0.79,53.77,[]
EU,eu,eu,2026-04-18 01:07:37,2021-01-28,2021-01-29,594.8405,3776.0,15.75,458.99,7888.8,7429.8,1119.9029,11261.97,19285.04,-,-,-,E,-0.66,53.12,[]
EU,eu,eu,2026-04-18 01:07:37,2021-01-29,2021-01-30,588.6843,3776.0,15.59,575.76,6728.2,6152.5,1119.9029,11262.62,19320.22,-,-,-,E,-0.55,52.57,[]
EU,eu,eu,2026-04-18 01:07:37,2021-01-30,2021-01-31,582.9579,3776.0,15.44,470.83,6356.2,5885.4,1119.9029,11263.16,19306.13,-,-,-,E,-0.51,52.05,[]
EU,eu,eu,2026-04-18 01:07:37,2021-01-31,2021-02-01,576.4815,3776.0,15.27,394.51,6770.9,6376.4,1119.9029,11263.84,19304.99,-,-,-,E,-0.58,51.48,[]
EU,eu,eu,2026-04-18 01:07:37,2021-02-01,2021-02-02,568.9971,3776.0,15.07,458.93,8414.9,7956.0,1119.9029,11264.56,19281.8,-,-,-,E,-0.67,50.81,[]
EU,eu,eu,2026-04-18 01:07:37,2021-02-02,2021-02-03,562.3215,3776.0,14.89,342.65,6979.0,6636.4,1119.9029,11265.23,19285.21,-,-,-,E,-0.6,50.21,[]
EU,eu,eu,2026-04-18 01:07:37,2021-02-03,2021-02-04,557.068,3776.0,14.75,482.54,5678.1,5195.6,1119.9029,11265.74,19284.36,-,-,-,E,-0.47,49.74,[]
EU,eu,eu,2026-04-18 01:07:37,2021-02-04,2021-02-05,551.3046,3776.0,14.6,396.66,6142.7,5746.1,1119.9029,11266.1,19296.45,-,-,-,E,-0.51,49.23,[]
EU,eu,eu,2026-04-18 01:07:37,2021-02-05,2021-02-06,545.9073,3776.0,14.46,438.78,5818.7,5379.9,1119.9029,11266.61,19310.96,-,-,-,E,-0.48,48.75,[]
EU,eu,eu,2026-04-18 01:07:37,2021-02-06,2021-02-07,541.4256,3776.0,14.34,588.33,5030.5,4442.2,1119.9029,11267.17,19354.85,-,-,-,E,-0.4,48.35,[]
EU,eu,eu,2026-04-18 01:07:37,2021-02-07,2021-02-08,535.4559,3776.0,14.18,337.22,6294.6,5957.4,1119.9029,11267.42,19354.38,-,-,-,E,-0.53,47.81,[]
EU,eu,eu,2026-04-18 01:07:37,2021-02-08,2021-02-09,526.163,3776.0,13.93,177.95,9440.3,9262.4,1119.9029,11267.78,19363.43,-,-,-,E,-0.83,46.98,[]
EU,eu,eu,2026-04-18 01:07:37,2021-02-09,2021-02-10,516.1888,3776.0,13.67,235.35,10160.3,9925.0,1119.9029,11268.45,19305.78,-,-,-,E,-0.89,46.09,[]
EU,eu,eu,2026-04-18 01:07:37,2021-02-10,2021-02-11,506.0321,3776.0,13.4,225.13,10336.4,10111.3,1119.9028,11248.77,19306.39,-,-,-,E,-0.91,45.19,[]
EU,eu,eu,2026-04-18 01:07:37,2021-02-11,2021-02-12,495.9929,3776.0,13.14,258.03,10287.0,10029.0,1119.9028,11249.59,19190.51,-,-,-,E,-0.9,44.29,[]
EU,eu,eu,2026-04-18 01:07:37,2021-02-12,2021-02-13,485.7231,3776.0,12.86,174.4,10394.3,10219.9,1119.8263,11249.42,19002.93,-,-,-,E,-0.92,43.37,[]
EU,eu,eu,2026-04-18 01:07:37,2021-02-13,2021-02-14,476.087,3776.0,12.61,172.07,9762.8,9590.8,1119.8263,11249.96,19023.8,-,-,-,E,-0.86,42.51,[]
EU,eu,eu,2026-04-18 01:07:37,2021-02-14,2021-02-15,467.4391,3776.0,12.38,204.71,8784.7,8580.0,1119.8262,11250.53,19022.88,-,-,-,E,-0.77,41.74,[]
EU,eu,eu,2026-04-18 01:07:37,2021-02-15,2021-02-16,458.5666,3776.0,12.14,212.73,9045.0,8832.3,1119.8261,11251.09,19024.36,-,-,-,E,-0.79,40.95,[]
EU,eu,eu,2026-04-18 01:07:37,2021-02-16,2021-02-17,451.8461,3776.0,11.97,241.52,6874.0,6632.5,1119.8261,11251.64,19039.07,-,-,-,E,-0.6,40.35,[]
EU,eu,eu,2026-04-18 01:07:37,2021-02-17,2021-02-18,446.5736,3776.0,11.83,342.99,5567.1,5224.1,1119.7978,11252.1,19078.01,-,-,-,E,-0.47,39.88,[]
EU,eu,eu,2026-04-18 01:07:37,2021-02-18,2021-02-19,441.5959,3776.0,11.69,252.15,5096.4,4844.2,1119.7836,11252.46,19081.61,-,-,-,E,-0.44,39.44,[]
EU,eu,eu,2026-04-18 01:07:37,2021-02-19,2021-02-20,436.827,3776.0,11.57,295.17,5017.6,4722.5,1119.7835,11252.81,19062.39,-,-,-,E,-0.43,39.01,[]
EU,eu,eu,2026-04-18 01:07:37,2021-02-20,2021-02-21,433.9129,3776.0,11.49,802.79,3663.5,2860.7,1119.7834,11253.3,19069.76,-,-,-,E,-0.26,38.75,[]
EU,eu,eu,2026-04-18 01:07:37,2021-02-21,2021-02-22,431.7064,3776.0,11.43,889.04,3077.3,2188.2,1119.7834,11253.71,19048.73,-,-,-,E,-0.2,38.55,[]
EU,eu,eu,2026-04-18 01:07:37,2021-02-22,2021-02-23,427.6689,3776.0,11.33,427.36,4443.9,4016.6,1119.7834,11254.23,19011.78,-,-,-,E,-0.36,38.19,[]
EU,eu,eu,2026-04-18 01:07:37,2021-02-23,2021-02-24,424.4579,3776.0,11.24,697.07,3880.3,3183.2,1119.7833,11254.77,18897.53,-,-,-,E,-0.29,37.91,[]
EU,eu,eu,2026-04-18 01:07:37,2021-02-24,2021-02-25,422.3406,3776.0,11.18,1208.12,3311.9,2103.8,1119.7831,11255.19,18933.9,-,-,-,E,-0.19,37.72,[]
EU,eu,eu,2026-04-18 01:07:37,2021-02-25,2021-02-26,419.5405,3776.0,11.11,706.46,3470.9,2764.4,1119.7828,11255.27,19302.76,-,-,-,E,-0.25,37.47,[]
EU,eu,eu,2026-04-18 01:07:37,2021-02-26,2021-02-27,416.8013,3776.0,11.04,627.35,3458.8,2831.4,1119.7828,11255.69,19306.37,-,-,-,E,-0.24,37.22,[]
EU,eu,eu,2026-04-18 01:07:37,2021-02-27,2021-02-28,414.5626,3776.0,10.98,493.99,2674.0,2180.0,1119.7828,11256.08,19287.91,-,-,-,E,-0.2,37.02,[]
EU,eu,eu,2026-04-18 01:07:37,2021-02-28,2021-03-01,411.8842,3776.0,10.91,382.49,2976.1,2593.6,1119.7828,11256.56,19275.25,-,-,-,E,-0.24,36.78,[]
EU,eu,eu,2026-04-18 01:07:37,2021-03-01,2021-03-02,407.9084,3776.0,10.8,278.61,4326.5,4047.9,1119.7828,11257.03,19254.0,-,-,-,E,-0.36,36.43,[]
EU,eu,eu,2026-04-18 01:07:37,2021-03-02,2021-03-03,404.2351,3776.0,10.71,321.7,4084.3,3762.6,1119.7828,11304.44,19257.34,-,-,-,E,-0.33,36.1,[]
EU,eu,eu,2026-04-18 01:07:37,2021-03-03,2021-03-04,400.5674,3776.0,10.61,252.62,4040.8,3788.2,1119.7828,11305.05,19198.56,-,-,-,E,-0.33,35.77,[]
EU,eu,eu,2026-04-18 01:07:37,2021-03-04,2021-03-05,396.3385,3776.0,10.5,248.29,4577.4,4329.1,1119.7828,11305.55,19208.36,-,-,-,E,-0.38,35.39,[]
EU,eu,eu,2026-04-18 01:07:37,2021-03-05,2021-03-06,391.7639,3776.0,10.38,310.6,4947.8,4637.2,1119.7828,11306.19,19202.01,-,-,-,E,-0.41,34.99,[]
EU,eu,eu,2026-04-18 01:07:37,2021-03-06,2021-03-07,388.2186,3776.0,10.28,319.35,3822.6,3503.2,1119.7828,11306.78,19235.47,-,-,-,E,-0.32,34.67,[]
EU,eu,eu,2026-04-18 01:07:37,2021-03-07,2021-03-08,384.5949,3776.0,10.19,342.92,3914.0,3571.1,1119.7828,11307.37,19225.39,-,-,-,E,-0.32,34.35,[]
EU,eu,eu,2026-04-18 01:07:37,2021-03-08,2021-03-09,379.5061,3776.0,10.05,308.26,5329.3,5021.1,1119.7828,11283.8,19242.72,-,-,-,E,-0.45,33.89,[]
EU,eu,eu,2026-04-18 01:07:37,2021-03-09,2021-03-10,374.4717,3776.0,9.92,215.44,5181.4,4966.0,1119.769,11284.31,19225.64,-,-,-,E,-0.45,33.44,[]
EU,eu,eu,2026-04-18 01:07:37,2021-03-10,2021-03-11,370.8154,3776.0,9.82,372.24,3992.5,3620.3,1119.782,11284.77,19153.32,-,-,-,E,-0.33,33.11,[]
EU,eu,eu,2026-04-18 01:07:37,2021-03-11,2021-03-12,368.575,3776.0,9.76,766.33,2986.2,2219.9,1119.7812,11309.15,19236.42,-,-,-,E,-0.2,32.91,[]
EU,eu,eu,2026-04-18 01:07:37,2021-03-12,2021-03-13,366.7949,3776.0,9.71,827.82,2592.9,1765.0,1113.4084,11309.66,19320.67,-,-,-,E,-0.16,32.94,[]
EU,eu,eu,2026-04-18 01:07:37,2021-03-13,2021-03-14,365.5924,3776.0,9.68,971.11,2168.2,1197.1,1119.7808,11310.17,19229.2,-,-,-,E,-0.11,32.65,[]
EU,eu,eu,2026-04-18 01:07:37,2021-03-14,2021-03-15,364.0853,3776.0,9.64,731.35,2235.0,1503.7,1119.7808,11310.66,19224.3,-,-,-,E,-0.13,32.51,[]
EU,eu,eu,2026-04-18 01:07:37,2021-03-15,2021-03-16,361.7185,3776.0,9.58,456.21,3218.3,2762.0,1120.9271,11311.11,19304.57,-,-,-,E,-0.21,32.27,[]
EU,eu,eu,2026-04-18 01:07:37,2021-03-16,2021-03-17,358.5754,3776.0,9.5,549.89,3644.3,3094.5,1120.9271,11311.61,19249.26,-,-,-,E,-0.28,31.99,[]
EU,eu,eu,2026-04-18 01:07:37,2021-03-17,2021-03-18,355.1749,3776.0,9.41,483.16,3838.3,3355.1,1120.9271,11312.21,19235.79,-,-,-,E,-0.3,31.69,[]
EU,eu,eu,2026-04-18 01:07:37,2021-03-18,2021-03-19,351.0523,3776.0,9.3,261.16,4249.3,3988.2,1120.9271,11312.89,19227.15,-,-,-,E,-0.37,31.32,[]
EU,eu,eu,2026-04-18 01:07:37,2021-03-19,2021-03-20,347.37,3776.0,9.2,364.32,4015.5,3651.2,1120.9271,11313.57,19304.86,-,-,-,E,-0.33,30.99,[]
EU,eu,eu,2026-04-18 01:07:37,2021-03-20,2021-03-21,344.8344,3776.0,9.13,630.17,3124.0,2493.8,1120.9271,11329.94,19282.6,-,-,-,E,-0.23,30.76,[]
EU,eu,eu,2026-04-18 01:07:37,2021-03-21,2021-03-22,343.022,3776.0,9.08,790.13,2579.6,1789.5,1120.9271,11314.51,19278.96,-,-,-,E,-0.16,30.6,[]
EU,eu,eu,2026-04-18 01:07:37,2021-03-22,2021-03-23,339.5541,3776.0,8.99,323.66,3759.3,3435.6,1120.9271,11314.98,19255.57,-,-,-,E,-0.31,30.29,[]
EU,eu,eu,2026-04-18 01:07:37,2021-03-23,2021-03-24,336.8219,3776.0,8.92,553.47,3243.3,2689.9,1120.9252,11315.64,19260.55,-,-,-,E,-0.24,30.05,[]
EU,eu,eu,2026-04-18 01:07:37,2021-03-24,2021-03-25,334.927,3776.0,8.87,798.34,2677.3,1879.0,1120.9252,11316.31,19303.6,-,-,-,E,-0.17,29.88,[]
EU,eu,eu,2026-04-18 01:07:37,2021-03-25,2021-03-26,333.7216,3776.0,8.84,906.02,2119.7,1213.7,1120.9252,11316.82,19279.95,-,-,-,E,-0.11,29.77,[]
EU,eu,eu,2026-04-18 01:07:37,2021-03-26,2021-03-27,333.9284,3776.0,8.84,1548.52,1351.5,-197.0,1120.9238,11317.4,19300.37,-,-,-,E,0.02,29.79,[]
EU,eu,eu,2026-04-18 01:07:37,2021-03-27,2021-03-28,334.3579,3776.0,8.85,1697.44,1215.4,-482.1,1119.9301,11153.75,19029.4,-,-,-,E,0.04,29.86,[]
EU,eu,eu,2026-04-18 01:07:37,2021-03-28,2021-03-29,334.9525,3776.0,8.87,1723.59,1141.3,-582.3,1120.9238,11323.23,19298.21,-,-,-,E,0.05,29.88,[]
EU,eu,eu,2026-04-18 01:07:37,2021-03-29,2021-03-30,335.1305,3776.0,8.88,1699.9,1255.0,-444.9,1120.9238,11323.53,19216.19,-,-,-,E,0.02,29.9,[]
EU,eu,eu,2026-04-18 01:07:37,2021-03-30,2021-03-31,337.028,3776.0,8.93,2149.54,1045.1,-1104.4,1120.9238,11323.94,19291.87,-,-,-,E,0.17,30.07,[]
EU,eu,eu,2026-04-18 01:07:37,2021-03-31,2021-04-01,337.9001,3776.0,8.95,2645.97,1599.9,-1046.1,1126.5885,11461.03,19549.52,-,-,-,E,0.08,29.99,[]
EU,eu,eu,2026-04-18 01:07:37,2021-04-01,2021-04-02,343.0023,3776.0,9.08,2861.91,365.0,-2496.9,1122.7377,11255.52,19536.82,-,-,-,E,0.45,30.55,[]
EU,eu,eu,2026-04-18 01:07:37,2021-04-02,2021-04-03,345.0231,3776.0,9.14,2678.48,513.6,-2164.9,1122.7377,11260.86,19536.19,-,-,-,E,0.18,30.73,[]
EU,eu,eu,2026-04-18 01:07:37,2021-04-03,2021-04-04,347.2507,3776.0,9.2,2764.63,541.5,-2223.2,1122.7377,11196.72,19536.4,-,-,-,E,0.2,30.93,[]
EU,eu,eu,2026-04-18 01:07:37,2021-04-04,2021-04-05,349.4529,3776.0,9.25,2763.81,536.6,-2227.2,1122.7377,11197.15,19537.02,-,-,-,E,0.2,31.13,[]
EU,eu,eu,2026-04-18 01:07:37,2021-04-05,2021-04-06,350.3698,3776.0,9.28,2023.23,1100.1,-923.1,1122.7377,11258.09,19537.79,-,-,-,E,0.08,31.21,[]
EU,eu,eu,2026-04-18 01:07:37,2021-04-06,2021-04-07,348.4116,3776.0,9.23,989.6,2886.5,1896.9,1122.7377,11307.88,19538.42,-,-,-,E,-0.17,31.03,[]
EU,eu,eu,2026-04-18 01:07:37,2021-04-07,2021-04-08,345.25,3776.0,9.14,416.72,3531.1,3114.4,1122.7377,11434.95,19471.22,-,-,-,E,-0.28,30.75,[]
EU,eu,eu,2026-04-18 01:07:37,2021-04-08,2021-04-09,342.483,3776.0,9.07,438.43,3178.2,2739.8,1122.7377,11435.2,19516.82,-,-,-,E,-0.25,30.5,[]
EU,eu,eu,2026-04-18 01:07:37,2021-04-09,2021-04-10,340.7722,3776.0,9.02,695.12,2361.9,1666.8,1122.7377,11435.61,19474.27,-,-,-,E,-0.15,30.35,[]
EU,eu,eu,2026-04-18 01:07:37,2021-04-10,2021-04-11,340.3205,3776.0,9.01,929.22,1440.8,511.6,1122.7377,11435.66,19493.88,-,-,-,E,-0.04,30.31,[]
EU,eu,eu,2026-04-18 01:07:37,2021-04-11,2021-04-12,340.4558,3776.0,9.02,1465.08,1500.5,35.4,1122.7377,11435.73,19481.05,-,-,-,E,0.01,30.32,[]
EU,eu,eu,2026-04-18 01:07:37,2021-04-12,2021-04-13,337.5356,3776.0,8.94,591.26,3476.9,2885.6,1122.7309,11435.62,19434.8,-,-,-,E,-0.26,30.06,[]
EU,eu,eu,2026-04-18 01:07:37,2021-04-13,2021-04-14,334.1632,3776.0,8.85,487.81,3798.5,3310.6,1122.7309,11435.98,19351.08,-,-,-,E,-0.3,29.76,[]
EU,eu,eu,2026-04-18 01:07:37,2021-04-14,2021-04-15,331.0085,3776.0,8.77,399.56,3439.2,3039.6,1122.2744,11436.3,19428.42,-,-,-,E,-0.28,29.49,[]
EU,eu,eu,2026-04-18 01:07:37,2021-04-15,2021-04-16,328.3099,3776.0,8.69,355.99,3030.8,2674.8,1122.2744,11436.6,19458.9,-,-,-,E,-0.24,29.25,[]
EU,eu,eu,2026-04-18 01:07:37,2021-04-16,2021-04-17,326.7471,3776.0,8.65,745.54,2268.3,1522.8,1122.2744,11436.84,19493.49,-,-,-,E,-0.14,29.11,[]
EU,eu,eu,2026-04-18 01:07:37,2021-04-17,2021-04-18,326.6411,3776.0,8.65,1125.59,1209.5,83.9,1122.2744,11437.0,19521.6,-,-,-,E,-0.01,29.11,[]
EU,eu,eu,2026-04-18 01:07:37,2021-04-18,2021-04-19,327.024,3776.0,8.66,1428.4,1013.4,-415.0,1122.2744,11437.09,19514.32,-,-,-,E,0.03,29.14,[]
EU,eu,eu,2026-04-18 01:07:37,2021-04-19,2021-04-20,326.4643,3776.0,8.65,866.33,1434.3,568.0,1122.27,11437.03,19506.71,-,-,-,E,-0.05,29.09,[]
EU,eu,eu,2026-04-18 01:07:37,2021-04-20,2021-04-21,326.4169,3776.0,8.64,1173.44,1208.5,35.1,1122.27,11437.08,19506.7,-,-,-,E,-0.0,29.09,[]
EU,eu,eu,2026-04-18 01:07:37,2021-04-21,2021-04-22,327.1148,3776.0,8.66,1396.7,689.7,-707.0,1122.27,11436.94,19498.44,-,-,-,E,0.06,29.15,[]
EU,eu,eu,2026-04-18 01:07:37,2021-04-22,2021-04-23,327.8492,3776.0,8.68,1493.24,760.8,-732.4,1122.27,11436.98,19498.34,-,-,-,E,0.07,29.21,[]
EU,eu,eu,2026-04-18 01:07:37,2021-04-23,2021-04-24,328.7841,3776.0,8.71,1579.19,629.3,-949.9,1122.27,11436.93,19498.46,-,-,-,E,0.08,29.3,[]
EU,eu,eu,2026-04-18 01:07:37,2021-04-24,2021-04-25,331.4765,3776.0,8.78,2964.84,284.2,-2680.7,1121.27,11436.92,19498.48,-,-,-,E,0.24,29.56,[]
EU,eu,eu,2026-04-18 01:07:37,2021-04-25,2021-04-26,334.1302,3776.0,8.85,2946.69,292.8,-2653.9,1122.27,11436.82,19498.76,-,-,-,E,0.24,29.77,[]
EU,eu,eu,2026-04-18 01:07:37,2021-04-26,2021-04-27,335.1666,3776.0,8.88,1640.96,604.1,-1036.9,1122.272,11436.76,19499.15,-,-,-,E,0.09,29.87,[]
EU,eu,eu,2026-04-18 01:07:37,2021-04-27,2021-04-28,336.0143,3776.0,8.9,1535.58,666.9,-868.7,1122.272,11409.89,19499.17,-,-,-,E,0.08,29.94,[]
EU,eu,eu,2026-04-18 01:07:37,2021-04-28,2021-04-29,337.1018,3776.0,8.93,1696.73,607.0,-1089.7,1122.272,11414.79,19499.36,-,-,-,E,0.1,30.04,[]
EU,eu,eu,2026-04-18 01:07:37,2021-04-29,2021-04-30,338.1295,3776.0,8.95,1702.73,670.8,-1031.9,1122.272,11436.76,19499.71,-,-,-,E,0.09,30.13,[]
EU,eu,eu,2026-04-18 01:07:37,2021-04-30,2021-05-01,336.0534,3776.0,8.9,1504.06,907.7,-596.4,1122.272,11474.89,19499.43,-,-,-,E,-0.18,29.94,[]
EU,eu,eu,2026-04-18 01:07:37,2021-05-01,2021-05-02,338.4377,3776.0,8.96,2779.23,352.5,-2426.7,1121.892,11520.31,19398.0,-,-,-,E,0.21,30.17,[]
EU,eu,eu,2026-04-18 01:07:37,2021-05-02,2021-05-03,340.8527,3776.0,9.03,2804.53,371.7,-2432.9,1121.892,11613.86,19402.56,-,-,-,E,0.22,30.38,[]
EU,eu,eu,2026-04-18 01:07:37,2021-05-03,2021-05-04,341.9475,3776.0,9.06,1978.33,915.9,-1062.5,1121.8905,11621.83,19402.45,-,-,-,E,0.1,30.48,[]
EU,eu,eu,2026-04-18 01:07:37,2021-05-04,2021-05-05,343.3034,3776.0,9.09,2182.85,807.0,-1375.9,1121.8905,11624.93,19336.26,-,-,-,E,0.12,30.6,[]
EU,eu,eu,2026-04-18 01:07:37,2021-05-05,2021-05-06,343.6199,3776.0,9.1,1772.64,1424.1,-348.5,1121.8905,11625.05,19204.22,-,-,-,E,0.03,30.63,[]
EU,eu,eu,2026-04-18 01:07:37,2021-05-06,2021-05-07,343.5909,3776.0,9.1,1766.37,1796.0,29.6,1121.8906,11625.35,19206.66,-,-,-,E,-0.0,30.63,[]
EU,eu,eu,2026-04-18 01:07:37,2021-05-07,2021-05-08,344.1167,3776.0,9.11,1966.63,1419.5,-547.1,1121.8906,11625.62,19271.45,-,-,-,E,0.05,30.67,[]
EU,eu,eu,2026-04-18 01:07:37,2021-05-08,2021-05-09,347.263,3776.0,9.2,3398.21,241.5,-3156.7,1121.8906,11625.79,19399.91,-,-,-,E,0.28,30.95,[]
EU,eu,eu,2026-04-18 01:07:37,2021-05-09,2021-05-10,351.8024,3776.0,9.32,4701.05,130.4,-4570.7,1121.8906,11625.76,19399.99,-,-,-,E,0.4,31.36,[]
EU,eu,eu,2026-04-18 01:07:37,2021-05-10,2021-05-11,355.9459,3776.0,9.43,4222.66,177.2,-4045.4,1121.8926,11625.8,19400.11,-,-,-,E,0.37,31.73,[]
EU,eu,eu,2026-04-18 01:07:37,2021-05-11,2021-05-12,359.4331,3776.0,9.52,3756.06,266.4,-3489.7,1121.8926,11625.66,19400.5,-,-,-,E,0.31,32.04,[]
EU,eu,eu,2026-04-18 01:07:37,2021-05-12,2021-05-13,362.6226,3776.0,9.6,3515.16,327.6,-3187.6,1121.8926,11625.63,19400.56,-,-,-,E,0.28,32.32,[]
EU,eu,eu,2026-04-18 01:07:37,2021-05-13,2021-05-14,366.3428,3776.0,9.7,3957.01,255.1,-3701.9,1122.4926,11625.63,19360.14,-,-,-,E,0.33,32.64,[]
EU,eu,eu,2026-04-18 01:07:37,2021-05-14,2021-05-15,369.782,3776.0,9.79,3692.69,270.5,-3422.2,1121.8926,11625.56,19400.75,-,-,-,E,0.31,32.96,[]
EU,eu,eu,2026-04-18 01:07:37,2021-05-15,2021-05-16,373.4829,3776.0,9.89,4112.39,411.4,-3701.0,1121.8926,11625.55,19400.78,-,-,-,E,0.33,33.29,[]
EU,eu,eu,2026-04-18 01:07:37,2021-05-16,2021-05-17,377.2896,3776.0,9.99,4208.6,396.3,-3812.3,1123.9676,11625.61,19125.69,-,-,-,E,0.34,33.57,[]
EU,eu,eu,2026-04-18 01:07:37,2021-05-17,2021-05-18,379.6248,3776.0,10.05,3144.86,781.4,-2363.4,1123.9681,11625.72,19118.88,-,-,-,E,0.21,33.78,[]
EU,eu,eu,2026-04-18 01:07:37,2021-05-18,2021-05-19,381.2107,3776.0,10.1,2614.29,994.4,-1619.9,1123.9681,11625.86,19108.65,-,-,-,E,0.14,33.92,[]
EU,eu,eu,2026-04-18 01:07:37,2021-05-19,2021-05-20,383.0195,3776.0,10.14,2662.57,846.1,-1816.4,1123.9681,11626.0,19108.6,-,-,-,E,0.16,34.08,[]
EU,eu,eu,2026-04-18 01:07:37,2021-05-20,2021-05-21,385.8929,3776.0,10.22,3461.45,570.3,-2891.2,1123.9681,11626.12,19154.08,-,-,-,E,0.26,34.33,[]
EU,eu,eu,2026-04-18 01:07:37,2021-05-21,2021-05-22,389.3853,3776.0,10.31,3830.15,337.2,-3492.9,1123.9681,11626.1,19305.81,-,-,-,E,0.31,34.64,[]
EU,eu,eu,2026-04-18 01:07:37,2021-05-22,2021-05-23,393.3714,3776.0,10.42,4323.07,326.8,-3996.2,1123.9681,11626.09,19399.4,-,-,-,E,0.35,35.0,[]
EU,eu,eu,2026-04-18 01:07:37,2021-05-23,2021-05-24,397.5584,3776.0,10.53,4544.48,293.6,-4250.9,1123.9681,11626.07,19399.47,-,-,-,E,0.37,35.37,[]
EU,eu,eu,2026-04-18 01:07:37,2021-05-24,2021-05-25,401.1457,3776.0,10.62,3901.63,364.5,-3537.2,1123.9627,11625.85,19399.42,-,-,-,E,0.32,35.69,[]
EU,eu,eu,2026-04-18 01:07:37,2021-05-25,2021-05-26,403.7628,3776.0,10.69,3283.08,639.4,-2643.7,1123.9627,11625.77,19399.64,-,-,-,E,0.23,35.92,[]
EU,eu,eu,2026-04-18 01:07:37,2021-05-26,2021-05-27,405.8979,3776.0,10.75,2810.43,664.5,-2146.0,1123.9627,11625.69,19399.83,-,-,-,E,0.19,36.11,[]
EU,eu,eu,2026-04-18 01:07:37,2021-05-27,2021-05-28,407.6938,3776.0,10.8,2704.94,858.6,-1846.4,1123.9627,11625.74,19302.61,-,-,-,E,0.16,36.27,[]
EU,eu,eu,2026-04-18 01:07:37,2021-05-28,2021-05-29,410.4953,3776.0,10.87,3318.36,472.3,-2846.0,1123.9627,11625.85,19212.14,-,-,-,E,0.25,36.52,[]
EU,eu,eu,2026-04-18 01:07:37,2021-05-29,2021-05-30,415.0799,3776.0,10.99,4770.84,153.7,-4617.1,1123.9627,11625.89,19399.32,-,-,-,E,0.41,36.93,[]
EU,eu,eu,2026-04-18 01:07:37,2021-05-30,2021-05-31,419.8913,3776.0,11.12,4977.55,195.8,-4781.7,1123.9627,11625.77,19399.63,-,-,-,E,0.43,37.36,[]
EU,eu,eu,2026-04-18 01:07:37,2021-05-31,2021-06-01,422.5138,3776.0,11.19,4706.25,200.0,-4506.2,1123.972,11625.89,19400.36,-,-,-,E,0.23,37.59,[]
EU,eu,eu,2026-04-18 01:07:37,2021-06-01,2021-06-02,426.6578,3776.0,11.3,4428.63,224.4,-4204.2,1124.222,11625.76,19400.71,-,-,-,E,0.37,37.95,[]
EU,eu,eu,2026-04-18 01:07:37,2021-06-02,2021-06-03,431.3447,3776.0,11.42,4824.9,204.0,-4620.9,1124.222,11625.71,19400.86,-,-,-,E,0.42,38.37,[]
EU,eu,eu,2026-04-18 01:07:37,2021-06-03,2021-06-04,435.8824,3776.0,11.54,4639.75,128.8,-4511.0,1124.222,11625.7,19400.88,-,-,-,E,0.4,38.77,[]
EU,eu,eu,2026-04-18 01:07:37,2021-06-04,2021-06-05,440.2905,3776.0,11.66,4519.3,116.9,-4402.4,1124.222,11625.5,19401.39,-,-,-,E,0.39,39.16,[]
EU,eu,eu,2026-04-18 01:07:37,2021-06-05,2021-06-06,445.0886,3776.0,11.79,4898.22,112.6,-4785.6,1124.222,11625.34,19401.82,-,-,-,E,0.43,39.59,[]
EU,eu,eu,2026-04-18 01:07:37,2021-06-06,2021-06-07,449.9995,3776.0,11.92,5027.88,123.2,-4904.7,1124.222,11625.17,19402.28,-,-,-,E,0.44,40.03,[]
EU,eu,eu,2026-04-18 01:07:37,2021-06-07,2021-06-08,453.5808,3776.0,12.01,3849.23,267.9,-3581.3,1124.2259,11625.11,19402.88,-,-,-,E,0.32,40.35,[]
EU,eu,eu,2026-04-18 01:07:37,2021-06-08,2021-06-09,457.0595,3776.0,12.1,3757.77,280.9,-3476.8,1124.2259,11625.6,19401.6,-,-,-,E,0.31,40.66,[]
EU,eu,eu,2026-04-18 01:07:37,2021-06-09,2021-06-10,459.5693,3776.0,12.17,3183.27,636.1,-2547.2,1124.2259,11625.45,19277.4,-,-,-,E,0.22,40.88,[]
EU,eu,eu,2026-04-18 01:07:37,2021-06-10,2021-06-11,462.8818,3776.0,12.26,3690.52,426.7,-3263.8,1124.2259,11625.52,19401.79,-,-,-,E,0.29,41.17,[]
EU,eu,eu,2026-04-18 01:07:37,2021-06-11,2021-06-12,466.4505,3776.0,12.35,3891.69,305.4,-3586.3,1124.2259,11625.38,19402.15,-,-,-,E,0.32,41.49,[]
EU,eu,eu,2026-04-18 01:07:37,2021-06-12,2021-06-13,471.3373,3776.0,12.48,5024.79,124.1,-4900.7,1124.2259,11625.38,19402.17,-,-,-,E,0.43,41.93,[]
EU,eu,eu,2026-04-18 01:07:37,2021-06-13,2021-06-14,476.4825,3776.0,12.62,5169.46,124.4,-5045.1,1124.2259,11625.36,19402.22,-,-,-,E,0.46,42.38,[]
EU,eu,eu,2026-04-18 01:07:37,2021-06-14,2021-06-15,480.4695,3776.0,12.72,4126.31,152.2,-3974.1,1124.2244,11625.26,19402.31,-,-,-,E,0.35,42.74,[]
EU,eu,eu,2026-04-18 01:07:37,2021-06-15,2021-06-16,483.7557,3776.0,12.81,3582.87,312.2,-3270.7,1124.2244,11625.19,19402.49,-,-,-,E,0.29,43.03,[]
EU,eu,eu,2026-04-18 01:07:37,2021-06-16,2021-06-17,486.9022,3776.0,12.89,3368.55,226.4,-3142.2,1124.2244,11625.24,19402.37,-,-,-,E,0.28,43.31,[]
EU,eu,eu,2026-04-18 01:07:37,2021-06-17,2021-06-18,490.0117,3776.0,12.98,3446.65,336.3,-3110.3,1124.2244,11625.17,19402.56,-,-,-,E,0.28,43.59,[]
EU,eu,eu,2026-04-18 01:07:37,2021-06-18,2021-06-19,493.8497,3776.0,13.08,4003.26,144.4,-3858.9,1124.2244,11625.1,19402.75,-,-,-,E,0.34,43.93,[]
EU,eu,eu,2026-04-18 01:07:37,2021-06-19,2021-06-20,498.2845,3776.0,13.2,4568.45,140.6,-4427.8,1124.2244,11625.0,19403.0,-,-,-,E,0.39,44.32,[]
EU,eu,eu,2026-04-18 01:07:37,2021-06-20,2021-06-21,502.7627,3776.0,13.31,4576.32,107.6,-4468.7,1124.2244,11624.85,19403.4,-,-,-,E,0.4,44.72,[]
EU,eu,eu,2026-04-18 01:07:37,2021-06-21,2021-06-22,506.1188,3776.0,13.4,3567.01,231.0,-3336.0,1124.2215,11624.71,19403.44,-,-,-,E,0.3,45.02,[]
EU,eu,eu,2026-04-18 01:07:37,2021-06-22,2021-06-23,508.3495,3776.0,13.46,2828.68,560.2,-2268.4,1124.2215,11624.79,19330.31,-,-,-,E,0.2,45.22,[]
EU,eu,eu,2026-04-18 01:07:37,2021-06-23,2021-06-24,510.5949,3776.0,13.52,2669.58,415.2,-2254.4,1124.2215,11624.83,19403.13,-,-,-,E,0.2,45.42,[]
EU,eu,eu,2026-04-18 01:07:37,2021-06-24,2021-06-25,513.0258,3776.0,13.59,2704.91,281.7,-2423.2,1124.2215,11624.84,19403.08,-,-,-,E,0.22,45.63,[]
EU,eu,eu,2026-04-18 01:07:37,2021-06-25,2021-06-26,515.9164,3776.0,13.66,3076.81,194.9,-2881.9,1124.2215,11624.84,19403.09,-,-,-,E,0.26,45.89,[]
EU,eu,eu,2026-04-18 01:07:37,2021-06-26,2021-06-27,520.0434,3776.0,13.77,4401.34,271.7,-4129.6,1124.2215,11624.79,19403.22,-,-,-,E,0.37,46.26,[]
EU,eu,eu,2026-04-18 01:07:37,2021-06-27,2021-06-28,524.4934,3776.0,13.89,4640.21,188.2,-4452.0,1124.2215,11624.52,19403.94,-,-,-,E,0.4,46.65,[]
EU,eu,eu,2026-04-18 01:07:37,2021-06-28,2021-06-29,527.8429,3776.0,13.98,3452.98,115.7,-3337.3,1124.2088,11624.02,19403.81,-,-,-,E,0.3,46.95,[]
EU,eu,eu,2026-04-18 01:07:37,2021-06-29,2021-06-30,531.0474,3776.0,14.06,3349.52,150.1,-3199.4,1124.2088,11623.92,19404.07,-,-,-,E,0.29,47.24,[]
EU,eu,eu,2026-04-18 01:07:37,2021-06-30,2021-07-01,534.1234,3776.0,14.15,3798.25,226.1,-3572.1,1124.2088,11623.87,19404.21,-,-,-,E,0.27,47.51,[]
EU,eu,eu,2026-04-18 01:07:37,2021-07-01,2021-07-02,537.4291,3776.0,14.23,3219.47,339.4,-2880.0,1124.358,11623.86,19404.24,-,-,-,E,0.29,47.8,[]
EU,eu,eu,2026-04-18 01:07:37,2021-07-02,2021-07-03,540.3217,3776.0,14.31,3244.4,355.7,-2888.7,1124.358,11623.92,19404.07,-,-,-,E,0.26,48.06,[]
EU,eu,eu,2026-04-18 01:07:37,2021-07-03,2021-07-04,545.019,3776.0,14.43,4870.67,171.9,-4698.8,1124.358,11623.97,19403.95,-,-,-,E,0.42,48.47,[]
EU,eu,eu,2026-04-18 01:07:37,2021-07-04,2021-07-05,549.9634,3776.0,14.56,5051.82,117.2,-4934.7,1124.358,11623.81,19404.36,-,-,-,E,0.44,48.91,[]
EU,eu,eu,2026-04-18 01:07:37,2021-07-05,2021-07-06,554.1224,3776.0,14.67,4255.08,194.2,-4060.9,1124.3619,11623.72,19405.05,-,-,-,E,0.37,49.28,[]
EU,eu,eu,2026-04-18 01:07:37,2021-07-06,2021-07-07,557.1571,3776.0,14.76,3718.03,691.9,-3026.2,1124.3619,11576.81,19405.32,-,-,-,E,0.27,49.55,[]
EU,eu,eu,2026-04-18 01:07:37,2021-07-07,2021-07-08,559.7112,3776.0,14.82,3357.8,763.7,-2594.1,1124.3619,11576.57,19255.89,-,-,-,E,0.23,49.78,[]
EU,eu,eu,2026-04-18 01:07:37,2021-07-08,2021-07-09,562.2263,3776.0,14.89,3310.79,803.1,-2507.7,1124.3619,11577.05,19323.99,-,-,-,E,0.22,50.0,[]
EU,eu,eu,2026-04-18 01:07:37,2021-07-09,2021-07-10,565.4922,3776.0,14.98,3825.29,539.1,-3286.2,1124.3619,11577.27,19380.58,-,-,-,E,0.29,50.29,[]
EU,eu,eu,2026-04-18 01:07:37,2021-07-10,2021-07-11,570.0635,3776.0,15.1,4687.78,128.3,-4559.5,1124.3619,11577.42,19403.72,-,-,-,E,0.41,50.7,[]
EU,eu,eu,2026-04-18 01:07:37,2021-07-11,2021-07-12,574.7358,3776.0,15.22,4797.38,140.5,-4656.9,1124.3619,11577.11,19404.54,-,-,-,E,0.42,51.12,[]
EU,eu,eu,2026-04-18 01:07:37,2021-07-12,2021-07-13,578.0113,3776.0,15.31,3562.39,303.5,-3258.9,1124.3546,11576.72,19346.51,-,-,-,E,0.29,51.41,[]
EU,eu,eu,2026-04-18 01:07:37,2021-07-13,2021-07-14,579.8196,3776.0,15.36,2805.54,963.5,-1842.0,1124.3546,11576.67,19397.78,-,-,-,E,0.16,51.57,[]
EU,eu,eu,2026-04-18 01:07:37,2021-07-14,2021-07-15,581.7566,3776.0,15.41,2808.73,874.3,-1934.4,1124.3546,11576.44,19388.23,-,-,-,E,0.17,51.74,[]
EU,eu,eu,2026-04-18 01:07:37,2021-07-15,2021-07-16,583.5267,3776.0,15.45,2724.99,948.2,-1776.8,1123.3778,11576.54,19395.12,-,-,-,E,0.16,51.94,[]
EU,eu,eu,2026-04-18 01:07:37,2021-07-16,2021-07-17,586.208,3776.0,15.52,3137.44,753.7,-2383.8,1122.3778,11576.75,19381.02,-,-,-,E,0.24,52.23,[]
EU,eu,eu,2026-04-18 01:07:37,2021-07-17,2021-07-18,589.5373,3776.0,15.61,3954.27,648.3,-3306.0,1122.3778,11576.85,19404.39,-,-,-,E,0.3,52.53,[]
EU,eu,eu,2026-04-18 01:07:37,2021-07-18,2021-07-19,592.9821,3776.0,15.7,4088.39,663.1,-3425.3,1122.3778,11576.74,19404.69,-,-,-,E,0.31,52.83,[]
EU,eu,eu,2026-04-18 01:07:37,2021-07-19,2021-07-20,595.4542,3776.0,15.77,3295.67,849.4,-2446.3,1122.3837,11576.85,19356.53,-,-,-,E,0.22,53.05,[]
EU,eu,eu,2026-04-18 01:07:37,2021-07-20,2021-07-21,597.521,3776.0,15.82,2755.28,944.1,-1811.1,1122.3837,11577.13,19372.0,-,-,-,E,0.18,53.24,[]
EU,eu,eu,2026-04-18 01:07:37,2021-07-21,2021-07-22,599.4707,3776.0,15.88,2836.08,926.4,-1909.7,1122.3837,11577.25,19392.23,-,-,-,E,0.17,53.41,[]
EU,eu,eu,2026-04-18 01:07:37,2021-07-22,2021-07-23,601.4287,3776.0,15.93,2759.19,801.0,-1958.2,1122.3837,11577.36,19389.07,-,-,-,E,0.17,53.58,[]
EU,eu,eu,2026-04-18 01:07:37,2021-07-23,2021-07-24,605.1799,3776.0,16.03,3927.1,164.6,-3762.5,1122.3837,11577.53,19398.42,-,-,-,E,0.33,53.92,[]
EU,eu,eu,2026-04-18 01:07:37,2021-07-24,2021-07-25,609.8726,3776.0,16.15,4861.07,191.0,-4670.1,1122.3837,11577.69,19402.83,-,-,-,E,0.42,54.34,[]
EU,eu,eu,2026-04-18 01:07:37,2021-07-25,2021-07-26,614.5048,3776.0,16.27,4795.83,154.7,-4641.1,1122.3837,11577.47,19403.42,-,-,-,E,0.41,54.75,[]
EU,eu,eu,2026-04-18 01:07:37,2021-07-26,2021-07-27,618.1718,3776.0,16.37,3925.11,273.8,-3651.3,1122.3905,11576.99,19405.46,-,-,-,E,0.33,55.08,[]
EU,eu,eu,2026-04-18 01:07:37,2021-07-27,2021-07-28,621.8518,3776.0,16.47,3855.98,193.0,-3662.9,1122.3905,11576.36,19407.12,-,-,-,E,0.33,55.4,[]
EU,eu,eu,2026-04-18 01:07:37,2021-07-28,2021-07-29,625.7547,3776.0,16.57,4070.52,170.6,-3899.9,1122.3905,11575.75,19408.75,-,-,-,E,0.35,55.75,[]
EU,eu,eu,2026-04-18 01:07:37,2021-07-29,2021-07-30,629.6982,3776.0,16.68,4189.28,241.8,-3947.5,1122.3905,11575.58,19409.18,-,-,-,E,0.35,56.1,[]
EU,eu,eu,2026-04-18 01:07:37,2021-07-30,2021-07-31,633.5637,3776.0,16.78,4075.95,237.2,-3838.7,1122.4272,11575.37,19409.75,-,-,-,E,0.34,56.45,[]
EU,eu,eu,2026-04-18 01:07:37,2021-07-31,2021-08-01,637.9227,3776.0,16.89,5785.18,202.0,-5583.2,1122.4272,11575.11,19410.43,-,-,-,E,0.39,56.83,[]
EU,eu,eu,2026-04-18 01:07:37,2021-08-01,2021-08-02,641.6465,3776.0,16.99,4509.3,203.6,-4305.7,1120.2784,11574.91,19410.96,-,-,-,E,0.33,57.28,[]
EU,eu,eu,2026-04-18 01:07:37,2021-08-02,2021-08-03,645.6469,3776.0,17.1,3749.84,359.0,-3390.9,1120.2833,11574.99,19411.31,-,-,-,E,0.36,57.63,[]
EU,eu,eu,2026-04-18 01:07:37,2021-08-03,2021-08-04,649.028,3776.0,17.19,3479.54,405.4,-3074.2,1120.2833,11574.92,19557.48,-,-,-,E,0.3,57.93,[]
EU,eu,eu,2026-04-18 01:07:37,2021-08-04,2021-08-05,652.2912,3776.0,17.27,3649.4,391.7,-3257.7,1120.2833,11575.01,19557.26,-,-,-,E,0.29,58.23,[]
EU,eu,eu,2026-04-18 01:07:37,2021-08-05,2021-08-06,655.7198,3776.0,17.37,3902.53,487.0,-3415.6,1120.2833,11575.12,19556.97,-,-,-,E,0.31,58.53,[]
EU,eu,eu,2026-04-18 01:07:37,2021-08-06,2021-08-07,659.925,3776.0,17.48,4554.17,380.5,-4173.7,1120.2833,11575.06,19411.13,-,-,-,E,0.38,58.91,[]
EU,eu,eu,2026-04-18 01:07:37,2021-08-07,2021-08-08,664.3121,3776.0,17.59,4773.08,401.3,-4371.8,1120.2833,11575.3,19410.49,-,-,-,E,0.39,59.3,[]
EU,eu,eu,2026-04-18 01:07:37,2021-08-08,2021-08-09,668.6785,3776.0,17.71,4758.67,411.8,-4346.8,1120.2833,11575.47,19410.05,-,-,-,E,0.39,59.69,[]
EU,eu,eu,2026-04-18 01:07:37,2021-08-09,2021-08-10,672.1011,3776.0,17.8,3916.31,543.0,-3373.3,1120.2711,11575.4,19393.34,-,-,-,E,0.31,59.99,[]
EU,eu,eu,2026-04-18 01:07:37,2021-08-10,2021-08-11,675.7553,3776.0,17.9,4118.82,472.9,-3645.9,1120.2711,11575.74,19407.92,-,-,-,E,0.33,60.32,[]
EU,eu,eu,2026-04-18 01:07:37,2021-08-11,2021-08-12,678.9042,3776.0,17.98,4189.12,744.0,-3445.2,1120.2711,11575.96,19407.35,-,-,-,E,0.28,60.6,[]
EU,eu,eu,2026-04-18 01:07:37,2021-08-12,2021-08-13,682.309,3776.0,18.07,4189.98,804.2,-3385.7,1120.2711,11576.06,19407.07,-,-,-,E,0.3,60.91,[]
EU,eu,eu,2026-04-18 01:07:37,2021-08-13,2021-08-14,686.0707,3776.0,18.17,4478.06,734.7,-3743.4,1120.2711,11575.76,19407.87,-,-,-,E,0.34,61.24,[]
EU,eu,eu,2026-04-18 01:07:37,2021-08-14,2021-08-15,690.5919,3776.0,18.29,5012.71,506.0,-4506.7,1120.2711,11575.35,19408.96,-,-,-,E,0.4,61.65,[]
EU,eu,eu,2026-04-18 01:07:37,2021-08-15,2021-08-16,695.0051,3776.0,18.41,4917.53,517.1,-4400.4,1120.2711,11574.93,19410.08,-,-,-,E,0.39,62.04,[]
EU,eu,eu,2026-04-18 01:07:37,2021-08-16,2021-08-17,698.822,3776.0,18.51,4597.54,606.8,-3990.7,1120.2642,11574.44,19410.59,-,-,-,E,0.34,62.38,[]
EU,eu,eu,2026-04-18 01:07:37,2021-08-17,2021-08-18,702.0817,3776.0,18.59,4003.67,549.7,-3454.0,1120.2642,11574.16,19411.31,-,-,-,E,0.29,62.67,[]
EU,eu,eu,2026-04-18 01:07:37,2021-08-18,2021-08-19,705.4953,3776.0,18.68,3916.2,513.3,-3402.9,1120.2642,11574.14,19411.37,-,-,-,E,0.3,62.98,[]
EU,eu,eu,2026-04-18 01:07:37,2021-08-19,2021-08-20,708.9664,3776.0,18.78,3929.3,475.8,-3453.5,1120.2642,11574.01,19411.71,-,-,-,E,0.31,63.29,[]
EU,eu,eu,2026-04-18 01:07:37,2021-08-20,2021-08-21,712.8232,3776.0,18.88,4263.02,433.8,-3829.2,1120.2642,11574.0,19411.75,-,-,-,E,0.34,63.63,[]
EU,eu,eu,2026-04-18 01:07:37,2021-08-21,2021-08-22,716.9448,3776.0,18.99,4486.01,380.1,-4105.9,1120.2642,11573.92,19411.95,-,-,-,E,0.37,64.0,[]
EU,eu,eu,2026-04-18 01:07:37,2021-08-22,2021-08-23,721.1405,3776.0,19.1,4548.66,373.8,-4174.9,1120.2642,11535.67,19412.42,-,-,-,E,0.37,64.37,[]
EU,eu,eu,2026-04-18 01:07:37,2021-08-23,2021-08-24,724.8595,3776.0,19.2,3963.72,262.7,-3701.0,1120.2759,11567.47,19413.56,-,-,-,E,0.33,64.7,[]
EU,eu,eu,2026-04-18 01:07:37,2021-08-24,2021-08-25,728.5991,3776.0,19.3,3915.1,197.6,-3717.5,1120.2759,11567.33,19413.95,-,-,-,E,0.33,65.04,[]
EU,eu,eu,2026-04-18 01:07:37,2021-08-25,2021-08-26,732.1555,3776.0,19.39,3769.66,186.4,-3583.2,1120.2759,11535.2,19415.0,-,-,-,E,0.32,65.35,[]
EU,eu,eu,2026-04-18 01:07:37,2021-08-26,2021-08-27,735.6869,3776.0,19.48,3732.07,245.5,-3486.5,1120.2759,11534.71,19416.29,-,-,-,E,0.32,65.67,[]
EU,eu,eu,2026-04-18 01:07:37,2021-08-27,2021-08-28,739.5998,3776.0,19.59,4195.51,257.0,-3938.5,1120.2759,11534.32,19417.32,-,-,-,E,0.35,66.02,[]
EU,eu,eu,2026-04-18 01:07:37,2021-08-28,2021-08-29,743.8505,3776.0,19.7,4467.63,185.2,-4282.5,1120.2759,11533.78,19418.75,-,-,-,E,0.38,66.4,[]
EU,eu,eu,2026-04-18 01:07:37,2021-08-29,2021-08-30,748.2359,3776.0,19.82,4589.87,171.7,-4418.2,1120.2759,11533.39,19419.78,-,-,-,E,0.39,66.79,[]
EU,eu,eu,2026-04-18 01:07:37,2021-08-30,2021-08-31,751.7746,3776.0,19.91,3685.29,190.8,-3494.5,1120.2803,11533.07,19421.12,-,-,-,E,0.32,67.11,[]
EU,eu,eu,2026-04-18 01:07:37,2021-08-31,2021-09-01,753.8002,3776.0,19.96,3550.5,438.1,-3112.4,1120.2803,11532.78,19421.89,-,-,-,E,0.18,67.29,[]
EU,eu,eu,2026-04-18 01:07:37,2021-09-01,2021-09-02,758.9021,3776.0,20.1,3674.98,292.1,-3382.9,1120.5803,11532.42,19422.86,-,-,-,E,0.46,67.72,[]
EU,eu,eu,2026-04-18 01:07:37,2021-09-02,2021-09-03,761.2179,3776.0,20.16,2810.22,504.0,-2306.2,1120.5803,11532.25,19423.29,-,-,-,E,0.21,67.93,[]
EU,eu,eu,2026-04-18 01:07:37,2021-09-03,2021-09-04,763.7573,3776.0,20.23,2794.83,273.2,-2521.6,1120.5803,11532.12,19423.65,-,-,-,E,0.23,68.16,[]
EU,eu,eu,2026-04-18 01:07:37,2021-09-04,2021-09-05,767.0997,3776.0,20.32,3582.02,252.1,-3329.9,1120.5803,11531.93,19424.14,-,-,-,E,0.3,68.46,[]
EU,eu,eu,2026-04-18 01:07:37,2021-09-05,2021-09-06,770.8914,3776.0,20.42,3969.44,190.7,-3778.7,1120.5803,11531.57,19425.08,-,-,-,E,0.34,68.79,[]
EU,eu,eu,2026-04-18 01:07:37,2021-09-06,2021-09-07,773.3166,3776.0,20.48,2341.75,243.7,-2098.1,1118.7535,11530.49,19424.88,-,-,-,E,0.22,69.12,[]
EU,eu,eu,2026-04-18 01:07:37,2021-09-07,2021-09-08,775.2655,3776.0,20.53,2298.76,358.8,-1939.9,1118.7535,11530.16,19425.75,-,-,-,E,0.17,69.3,[]
EU,eu,eu,2026-04-18 01:07:37,2021-09-08,2021-09-09,777.6213,3776.0,20.59,2631.67,285.9,-2345.8,1118.7535,11529.77,19426.77,-,-,-,E,0.21,69.51,[]
EU,eu,eu,2026-04-18 01:07:37,2021-09-09,2021-09-10,780.0382,3776.0,20.66,2655.95,288.2,-2367.8,1118.7535,11529.58,19427.28,-,-,-,E,0.22,69.72,[]
EU,eu,eu,2026-04-18 01:07:37,2021-09-10,2021-09-11,782.3392,3776.0,20.72,2556.38,268.2,-2288.2,1118.7535,11529.26,19428.12,-,-,-,E,0.21,69.93,[]
EU,eu,eu,2026-04-18 01:07:37,2021-09-11,2021-09-12,785.5548,3776.0,20.8,3427.01,226.8,-3200.2,1118.7535,11529.03,19428.74,-,-,-,E,0.29,70.22,[]
EU,eu,eu,2026-04-18 01:07:37,2021-09-12,2021-09-13,788.8784,3776.0,20.89,3480.32,178.0,-3302.3,1118.7535,11528.75,19429.48,-,-,-,E,0.3,70.51,[]
EU,eu,eu,2026-04-18 01:07:37,2021-09-13,2021-09-14,790.7787,3776.0,20.94,2384.42,486.9,-1897.5,1118.751,11528.38,19430.19,-,-,-,E,0.17,70.68,[]
EU,eu,eu,2026-04-18 01:07:37,2021-09-14,2021-09-15,792.3193,3776.0,20.98,1965.04,434.3,-1530.7,1118.751,11528.49,19429.89,-,-,-,E,0.14,70.82,[]
EU,eu,eu,2026-04-18 01:07:37,2021-09-15,2021-09-16,793.5583,3776.0,21.02,1622.77,377.4,-1245.4,1118.751,11528.57,19429.66,-,-,-,E,0.11,70.93,[]
EU,eu,eu,2026-04-18 01:07:37,2021-09-16,2021-09-17,794.9216,3776.0,21.05,1700.24,347.2,-1353.1,1118.751,11529.63,19426.87,-,-,-,E,0.12,71.05,[]
EU,eu,eu,2026-04-18 01:07:37,2021-09-17,2021-09-18,797.2105,3776.0,21.11,2500.23,327.3,-2172.9,1118.751,11529.49,19427.25,-,-,-,E,0.2,71.26,[]
EU,eu,eu,2026-04-18 01:07:37,2021-09-18,2021-09-19,800.4983,3776.0,21.2,3495.99,225.0,-3271.0,1118.751,11529.25,19427.88,-,-,-,E,0.29,71.55,[]
EU,eu,eu,2026-04-18 01:07:37,2021-09-19,2021-09-20,803.882,3776.0,21.29,3600.74,223.8,-3377.0,1118.751,11528.83,19429.0,-,-,-,E,0.3,71.86,[]
EU,eu,eu,2026-04-18 01:07:37,2021-09-20,2021-09-21,805.9291,3776.0,21.34,2459.35,421.1,-2038.2,1118.751,11504.43,19576.05,-,-,-,E,0.18,72.04,[]
EU,eu,eu,2026-04-18 01:07:37,2021-09-21,2021-09-22,807.7443,3776.0,21.39,2096.91,288.6,-1808.4,1118.751,11504.35,19576.25,-,-,-,E,0.16,72.2,[]
EU,eu,eu,2026-04-18 01:07:37,2021-09-22,2021-09-23,809.4897,3776.0,21.44,2195.01,457.5,-1737.6,1118.751,11504.34,19576.27,-,-,-,E,0.16,72.36,[]
EU,eu,eu,2026-04-18 01:07:37,2021-09-23,2021-09-24,812.0252,3776.0,21.5,2840.6,316.3,-2524.3,1118.9921,11504.08,19576.97,-,-,-,E,0.23,72.57,[]
EU,eu,eu,2026-04-18 01:07:37,2021-09-24,2021-09-25,814.7736,3776.0,21.58,3166.06,425.7,-2740.4,1118.9921,11503.56,19578.33,-,-,-,E,0.25,72.81,[]
EU,eu,eu,2026-04-18 01:07:37,2021-09-25,2021-09-26,818.7743,3776.0,21.68,3890.29,228.7,-3661.6,1115.1921,11527.06,19579.66,-,-,-,E,0.36,73.42,[]
EU,eu,eu,2026-04-18 01:07:37,2021-09-26,2021-09-27,823.1071,3776.0,21.8,4572.96,248.8,-4324.2,1115.1921,11526.56,19580.98,-,-,-,E,0.39,73.81,[]
EU,eu,eu,2026-04-18 01:07:37,2021-09-27,2021-09-28,826.1825,3776.0,21.88,3391.25,321.2,-3070.0,1115.2774,11526.19,19582.57,-,-,-,E,0.28,74.08,[]
EU,eu,eu,2026-04-18 01:07:37,2021-09-28,2021-09-29,828.7753,3776.0,21.95,3036.2,449.7,-2586.5,1115.6052,11525.7,19583.86,-,-,-,E,0.23,74.29,[]
EU,eu,eu,2026-04-18 01:07:37,2021-09-29,2021-09-30,831.5619,3776.0,22.02,3156.83,323.5,-2833.3,1115.6052,11525.24,19585.09,-,-,-,E,0.25,74.54,[]
EU,eu,eu,2026-04-18 01:07:37,2021-09-30,2021-10-01,834.1568,3776.0,22.09,3287.58,342.8,-2944.7,1116.582,11524.78,19586.3,-,-,-,E,0.23,74.71,[]
EU,eu,eu,2026-04-18 01:07:37,2021-10-01,2021-10-02,836.6555,3776.0,22.16,2811.52,524.7,-2286.8,1116.544,11500.29,19611.58,-,-,-,E,0.22,74.93,[]
EU,eu,eu,2026-04-18 01:07:37,2021-10-02,2021-10-03,839.3384,3776.0,22.23,3314.43,261.7,-3052.8,1116.544,11109.82,19230.15,-,-,-,E,0.24,75.17,[]
EU,eu,eu,2026-04-18 01:07:37,2021-10-03,2021-10-04,842.7648,3776.0,22.32,3458.2,249.2,-3209.0,1116.544,11109.82,19230.15,-,-,-,E,0.31,75.48,[]
EU,eu,eu,2026-04-18 01:07:37,2021-10-04,2021-10-05,844.7065,3776.0,22.37,2284.19,386.9,-1897.3,1116.5523,11110.03,19230.55,-,-,-,E,0.17,75.65,[]
EU,eu,eu,2026-04-18 01:07:37,2021-10-05,2021-10-06,847.1772,3776.0,22.44,2478.81,482.2,-1996.6,1116.5523,11110.03,19230.55,-,-,-,E,0.22,75.87,[]
EU,eu,eu,2026-04-18 01:07:37,2021-10-06,2021-10-07,848.4123,3776.0,22.47,1870.96,613.4,-1257.6,1116.5523,11110.03,19230.55,-,-,-,E,0.11,75.99,[]
EU,eu,eu,2026-04-18 01:07:37,2021-10-07,2021-10-08,849.0516,3776.0,22.49,1615.73,915.7,-700.0,1116.5523,11110.03,19230.55,-,-,-,E,0.06,76.04,[]
EU,eu,eu,2026-04-18 01:07:37,2021-10-08,2021-10-09,850.2872,3776.0,22.52,1663.02,428.2,-1234.8,1116.5523,11110.03,19230.55,-,-,-,E,0.11,76.15,[]
EU,eu,eu,2026-04-18 01:07:37,2021-10-09,2021-10-10,852.6626,3776.0,22.58,2432.67,344.7,-2087.9,1116.5523,11110.03,19230.55,-,-,-,E,0.21,76.37,[]
EU,eu,eu,2026-04-18 01:07:37,2021-10-10,2021-10-11,859.5715,3776.0,22.76,2364.28,423.0,-1941.2,1116.5523,11110.03,19240.82,-,-,-,E,0.62,76.98,[]
EU,eu,eu,2026-04-18 01:07:37,2021-10-11,2021-10-12,859.5586,3776.0,22.76,1363.42,859.5,-503.9,1116.5567,11110.14,19241.04,-,-,-,E,-0.0,76.98,[]
EU,eu,eu,2026-04-18 01:07:37,2021-10-12,2021-10-13,860.0922,3776.0,22.78,1049.55,888.1,-161.5,1116.5567,11110.14,19241.04,-,-,-,E,0.05,77.03,[]
EU,eu,eu,2026-04-18 01:07:37,2021-10-13,2021-10-14,859.3858,3776.0,22.76,803.28,1350.7,547.5,1116.5567,11110.14,19241.04,-,-,-,E,-0.06,76.97,[]
EU,eu,eu,2026-04-18 01:07:37,2021-10-14,2021-10-15,859.2567,3776.0,22.76,1060.71,1117.3,56.6,1116.5567,11110.14,19241.04,-,-,-,E,-0.01,76.96,[]
EU,eu,eu,2026-04-18 01:07:37,2021-10-15,2021-10-16,859.2377,3776.0,22.76,959.01,949.8,-9.2,1116.5567,10984.14,19368.04,-,-,-,E,-0.0,76.95,[]
EU,eu,eu,2026-04-18 01:07:37,2021-10-16,2021-10-17,860.0944,3776.0,22.78,1557.69,698.7,-859.0,1116.5567,10984.14,19368.04,-,-,-,E,0.08,77.03,[]
EU,eu,eu,2026-04-18 01:07:37,2021-10-17,2021-10-18,861.1373,3776.0,22.81,1758.32,671.1,-1087.2,1116.5567,10984.14,19368.04,-,-,-,E,0.09,77.12,[]
EU,eu,eu,2026-04-18 01:07:37,2021-10-18,2021-10-19,861.1145,3776.0,22.8,1050.64,1133.8,83.1,1116.5611,10984.24,19368.25,-,-,-,E,-0.0,77.12,[]
EU,eu,eu,2026-04-18 01:07:37,2021-10-19,2021-10-20,861.756,3776.0,22.82,1468.37,789.0,-679.4,1116.5611,10984.24,19368.25,-,-,-,E,0.06,77.18,[]
EU,eu,eu,2026-04-18 01:07:37,2021-10-20,2021-10-21,863.1588,3776.0,22.86,1984.62,566.0,-1418.6,1116.5611,10984.24,19368.25,-,-,-,E,0.13,77.31,[]
EU,eu,eu,2026-04-18 01:07:37,2021-10-21,2021-10-22,863.3303,3776.0,22.86,1346.92,1475.6,128.7,1116.5611,10984.24,19368.25,-,-,-,E,0.02,77.32,[]
EU,eu,eu,2026-04-18 01:07:37,2021-10-22,2021-10-23,862.6392,3776.0,22.85,680.62,1370.2,689.6,1116.5611,10984.24,19368.25,-,-,-,E,-0.06,77.26,[]
EU,eu,eu,2026-04-18 01:07:37,2021-10-23,2021-10-24,862.3943,3776.0,22.84,936.42,1145.1,208.7,1116.5611,11374.21,19751.0,-,-,-,E,-0.02,77.24,[]
EU,eu,eu,2026-04-18 01:07:37,2021-10-24,2021-10-25,862.579,3776.0,22.84,1191.51,999.2,-192.3,1116.5611,11373.92,19751.77,-,-,-,E,0.02,77.25,[]
EU,eu,eu,2026-04-18 01:07:37,2021-10-25,2021-10-26,861.2098,3776.0,22.81,553.23,1929.6,1376.4,1116.5679,11373.76,19752.97,-,-,-,E,-0.12,77.13,[]
EU,eu,eu,2026-04-18 01:07:37,2021-10-26,2021-10-27,860.2264,3776.0,22.78,642.06,1605.7,963.7,1116.5679,11373.6,19753.41,-,-,-,E,-0.09,77.04,[]
EU,eu,eu,2026-04-18 01:07:37,2021-10-27,2021-10-28,860.4956,3776.0,22.79,1556.47,1288.0,-268.5,1116.5679,11373.46,19753.78,-,-,-,E,0.02,77.07,[]
EU,eu,eu,2026-04-18 01:07:37,2021-10-28,2021-10-29,860.0409,3776.0,22.78,889.07,1350.6,461.5,1116.5679,11373.17,19754.54,-,-,-,E,-0.04,77.03,[]
EU,eu,eu,2026-04-18 01:07:37,2021-10-29,2021-10-30,859.8745,3776.0,22.77,1053.73,1169.5,115.8,1116.5679,11372.77,19755.59,-,-,-,E,-0.01,77.01,[]
EU,eu,eu,2026-04-18 01:07:37,2021-10-30,2021-10-31,860.4678,3776.0,22.79,1517.63,1083.0,-434.6,1117.4692,11559.93,20050.04,-,-,-,E,0.05,77.0,[]
EU,eu,eu,2026-04-18 01:07:37,2021-10-31,2021-11-01,861.0656,3776.0,22.8,1668.95,920.3,-748.6,1116.5679,11370.65,19761.2,-,-,-,E,0.05,77.12,[]
EU,eu,eu,2026-04-18 01:07:37,2021-11-01,2021-11-02,861.0767,3776.0,22.8,1408.61,1693.8,285.2,1116.5713,11370.28,19766.74,-,-,-,E,0.0,77.12,[]
EU,eu,eu,2026-04-18 01:07:37,2021-11-02,2021-11-03,858.2454,3776.0,22.73,424.42,3261.4,2837.0,1116.5713,11369.82,19767.94,-,-,-,E,-0.25,76.86,[]
EU,eu,eu,2026-04-18 01:07:37,2021-11-03,2021-11-04,854.6944,3776.0,22.63,295.7,3866.1,3570.4,1116.5713,11369.62,19768.47,-,-,-,E,-0.32,76.55,[]
EU,eu,eu,2026-04-18 01:07:37,2021-11-04,2021-11-05,851.8254,3776.0,22.56,409.04,3287.2,2878.1,1116.5713,11369.64,19768.42,-,-,-,E,-0.26,76.29,[]
EU,eu,eu,2026-04-18 01:07:37,2021-11-05,2021-11-06,849.1455,3776.0,22.49,463.85,3145.9,2682.1,1116.5713,11370.9,19765.1,-,-,-,E,-0.24,76.05,[]
EU,eu,eu,2026-04-18 01:07:37,2021-11-06,2021-11-07,848.1256,3776.0,22.46,1180.07,2167.2,987.1,1116.5713,11370.79,19765.38,-,-,-,E,-0.09,75.96,[]
EU,eu,eu,2026-04-18 01:07:37,2021-11-07,2021-11-08,847.5038,3776.0,22.44,1288.33,1901.5,613.1,1116.5713,11370.6,19765.89,-,-,-,E,-0.06,75.9,[]
EU,eu,eu,2026-04-18 01:07:37,2021-11-08,2021-11-09,844.3955,3776.0,22.36,431.3,3584.8,3153.5,1116.5552,11369.91,19765.87,-,-,-,E,-0.28,75.63,[]
EU,eu,eu,2026-04-18 01:07:37,2021-11-09,2021-11-10,841.0618,3776.0,22.27,294.38,3600.2,3305.8,1116.5552,11369.87,19765.98,-,-,-,E,-0.3,75.33,[]
EU,eu,eu,2026-04-18 01:07:37,2021-11-10,2021-11-11,837.8039,3776.0,22.19,342.13,3593.9,3251.7,1116.5552,11370.01,19765.6,-,-,-,E,-0.29,75.03,[]
EU,eu,eu,2026-04-18 01:07:37,2021-11-11,2021-11-12,834.4279,3776.0,22.1,390.38,3759.0,3368.6,1116.5552,11370.18,19765.15,-,-,-,E,-0.3,74.73,[]
EU,eu,eu,2026-04-18 01:07:37,2021-11-12,2021-11-13,830.7749,3776.0,22.0,467.24,4078.8,3611.6,1116.5552,11370.25,19764.97,-,-,-,E,-0.33,74.41,[]
EU,eu,eu,2026-04-18 01:07:37,2021-11-13,2021-11-14,828.8526,3776.0,21.95,814.48,2719.4,1905.0,1116.5552,11370.18,19765.16,-,-,-,E,-0.17,74.23,[]
EU,eu,eu,2026-04-18 01:07:37,2021-11-14,2021-11-15,827.5905,3776.0,21.92,1142.84,2396.5,1253.7,1116.5552,11369.91,19765.87,-,-,-,E,-0.11,74.12,[]
EU,eu,eu,2026-04-18 01:07:37,2021-11-15,2021-11-16,824.0177,3776.0,21.82,277.53,4057.5,3780.0,1116.5567,11369.61,19766.84,-,-,-,E,-0.32,73.8,[]
EU,eu,eu,2026-04-18 01:07:37,2021-11-16,2021-11-17,819.8102,3776.0,21.71,338.82,4513.5,4174.7,1116.5567,11369.52,19767.08,-,-,-,E,-0.38,73.42,[]
EU,eu,eu,2026-04-18 01:07:37,2021-11-17,2021-11-18,816.1366,3776.0,21.61,372.12,4045.6,3673.5,1116.5567,11369.79,19640.37,-,-,-,E,-0.33,73.09,[]
EU,eu,eu,2026-04-18 01:07:37,2021-11-18,2021-11-19,812.9124,3776.0,21.53,413.69,3635.0,3221.3,1116.5567,11369.85,19640.2,-,-,-,E,-0.29,72.81,[]
EU,eu,eu,2026-04-18 01:07:37,2021-11-19,2021-11-20,810.7081,3776.0,21.47,926.92,3098.6,2171.7,1116.5567,11369.91,19766.05,-,-,-,E,-0.2,72.61,[]
EU,eu,eu,2026-04-18 01:07:37,2021-11-20,2021-11-21,809.0409,3776.0,21.43,980.89,2628.2,1647.4,1116.5567,11370.0,19765.81,-,-,-,E,-0.15,72.46,[]
EU,eu,eu,2026-04-18 01:07:37,2021-11-21,2021-11-22,806.9434,3776.0,21.37,691.32,2774.3,2083.0,1116.5567,11370.01,19765.79,-,-,-,E,-0.19,72.27,[]
EU,eu,eu,2026-04-18 01:07:37,2021-11-22,2021-11-23,802.3186,3776.0,21.25,217.92,4890.6,4672.7,1116.5674,11370.35,19766.1,-,-,-,E,-0.41,71.86,[]
EU,eu,eu,2026-04-18 01:07:37,2021-11-23,2021-11-24,796.9836,3776.0,21.11,181.24,5482.0,5300.8,1116.5674,11370.71,19765.15,-,-,-,E,-0.48,71.38,[]
EU,eu,eu,2026-04-18 01:07:37,2021-11-24,2021-11-25,790.7634,3776.0,20.94,180.23,6126.1,5945.9,1116.5674,11371.07,19764.22,-,-,-,E,-0.56,70.82,[]
EU,eu,eu,2026-04-18 01:07:37,2021-11-25,2021-11-26,784.851,3776.0,20.79,219.54,6135.6,5916.1,1116.5674,11371.49,19744.78,-,-,-,E,-0.53,70.29,[]
EU,eu,eu,2026-04-18 01:07:37,2021-11-26,2021-11-27,779.1364,3776.0,20.63,221.51,5884.7,5663.2,1116.5674,11371.6,19744.48,-,-,-,E,-0.51,69.78,[]
EU,eu,eu,2026-04-18 01:07:37,2021-11-27,2021-11-28,774.3973,3776.0,20.51,513.56,5191.6,4678.0,1116.5674,11371.99,19743.47,-,-,-,E,-0.42,69.36,[]
EU,eu,eu,2026-04-18 01:07:37,2021-11-28,2021-11-29,769.6518,3776.0,20.38,465.57,5157.8,4692.3,1116.5674,11372.35,19742.51,-,-,-,E,-0.43,68.93,[]
EU,eu,eu,2026-04-18 01:07:37,2021-11-29,2021-11-30,763.0644,3776.0,20.21,181.44,6788.2,6606.8,1116.5582,11372.49,19741.09,-,-,-,E,-0.59,68.34,[]
EU,eu,eu,2026-04-18 01:07:37,2021-11-30,2021-12-01,756.8966,3776.0,20.04,177.99,6289.9,6111.9,1116.5582,11372.86,19740.11,-,-,-,E,-0.55,67.79,[]
EU,eu,eu,2026-04-18 01:07:37,2021-12-01,2021-12-02,750.5951,3776.0,19.88,382.73,6125.5,5742.8,1116.5582,11373.23,19739.13,-,-,-,E,-0.56,67.22,[]
EU,eu,eu,2026-04-18 01:07:37,2021-12-02,2021-12-03,744.0328,3776.0,19.7,330.02,7046.5,6716.4,1116.5582,11373.59,19738.17,-,-,-,E,-0.59,66.64,[]
EU,eu,eu,2026-04-18 01:07:37,2021-12-03,2021-12-04,737.5599,3776.0,19.53,291.75,6700.9,6409.1,1116.5582,11374.04,19736.98,-,-,-,E,-0.58,66.06,[]
EU,eu,eu,2026-04-18 01:07:37,2021-12-04,2021-12-05,732.4913,3776.0,19.4,572.48,5607.3,5034.8,1116.5582,11374.49,19735.81,-,-,-,E,-0.45,65.6,[]
EU,eu,eu,2026-04-18 01:07:37,2021-12-05,2021-12-06,727.3707,3776.0,19.26,466.11,5590.2,5124.1,1116.5582,11374.83,19734.89,-,-,-,E,-0.46,65.14,[]
EU,eu,eu,2026-04-18 01:07:37,2021-12-06,2021-12-07,720.3376,3776.0,19.08,299.08,7370.9,7071.8,1116.5562,11375.13,19733.88,-,-,-,E,-0.63,64.51,[]
EU,eu,eu,2026-04-18 01:07:37,2021-12-07,2021-12-08,713.506,3776.0,18.9,274.1,7064.0,6789.9,1116.5562,11375.61,19732.63,-,-,-,E,-0.61,63.9,[]
EU,eu,eu,2026-04-18 01:07:37,2021-12-08,2021-12-09,706.7146,3776.0,18.72,221.9,6981.7,6759.8,1116.5562,11375.96,19731.7,-,-,-,E,-0.61,63.29,[]
EU,eu,eu,2026-04-18 01:07:37,2021-12-09,2021-12-10,699.446,3776.0,18.52,194.89,7469.5,7274.6,1116.5562,11376.3,19730.79,-,-,-,E,-0.65,62.64,[]
EU,eu,eu,2026-04-18 01:07:37,2021-12-10,2021-12-11,692.7351,3776.0,18.35,247.88,6950.8,6702.9,1116.5562,11376.66,19729.84,-,-,-,E,-0.6,62.04,[]
EU,eu,eu,2026-04-18 01:07:37,2021-12-11,2021-12-12,687.227,3776.0,18.2,581.72,6069.6,5487.9,1116.5562,11376.94,19729.01,-,-,-,E,-0.49,61.55,[]
EU,eu,eu,2026-04-18 01:07:37,2021-12-12,2021-12-13,682.831,3776.0,18.08,724.18,5035.3,4311.1,1116.5562,11377.08,19728.64,-,-,-,E,-0.39,61.16,[]
EU,eu,eu,2026-04-18 01:07:37,2021-12-13,2021-12-14,676.8271,3776.0,17.92,476.08,6491.7,6015.7,1116.5611,11356.54,19653.02,-,-,-,E,-0.54,60.62,[]
EU,eu,eu,2026-04-18 01:07:37,2021-12-14,2021-12-15,671.2745,3776.0,17.78,366.37,5871.6,5505.2,1116.5611,11353.88,19641.4,-,-,-,E,-0.5,60.12,[]
EU,eu,eu,2026-04-18 01:07:37,2021-12-15,2021-12-16,666.0072,3776.0,17.64,403.23,5625.6,5222.4,1116.5611,11354.22,19640.52,-,-,-,E,-0.47,59.65,[]
EU,eu,eu,2026-04-18 01:07:37,2021-12-16,2021-12-17,660.6565,3776.0,17.5,429.1,5766.3,5337.2,1116.5611,11354.48,19639.81,-,-,-,E,-0.48,59.17,[]
EU,eu,eu,2026-04-18 01:07:37,2021-12-17,2021-12-18,655.2715,3776.0,17.35,351.55,5735.7,5384.2,1116.5611,11365.81,19713.94,-,-,-,E,-0.48,58.69,[]
EU,eu,eu,2026-04-18 01:07:37,2021-12-18,2021-12-19,650.7606,3776.0,17.23,328.7,4777.7,4449.0,1116.5611,11379.23,19723.53,-,-,-,E,-0.4,58.28,[]
EU,eu,eu,2026-04-18 01:07:37,2021-12-19,2021-12-20,645.9406,3776.0,17.11,301.18,5089.7,4788.5,1116.5611,11379.37,19723.14,-,-,-,E,-0.43,57.85,[]
EU,eu,eu,2026-04-18 01:07:37,2021-12-20,2021-12-21,638.3257,3776.0,16.9,98.28,7702.2,7603.9,1116.5587,11379.63,19722.18,-,-,-,E,-0.68,57.17,[]
EU,eu,eu,2026-04-18 01:07:37,2021-12-21,2021-12-22,629.7425,3776.0,16.68,152.05,8694.6,8542.6,1116.5587,11380.07,19717.13,-,-,-,E,-0.77,56.4,[]
EU,eu,eu,2026-04-18 01:07:37,2021-12-22,2021-12-23,620.9815,3776.0,16.45,131.33,8777.8,8646.5,1116.5587,11380.55,19715.86,-,-,-,E,-0.78,55.62,[]
EU,eu,eu,2026-04-18 01:07:37,2021-12-23,2021-12-24,614.1794,3776.0,16.27,240.27,7024.4,6784.2,1116.5587,11380.03,19717.24,-,-,-,E,-0.61,55.01,[]
EU,eu,eu,2026-04-18 01:07:37,2021-12-24,2021-12-25,610.3632,3776.0,16.16,815.45,4581.8,3766.3,1116.5587,11380.46,19716.09,-,-,-,E,-0.34,54.66,[]
EU,eu,eu,2026-04-18 01:07:37,2021-12-25,2021-12-26,607.3713,3776.0,16.09,1081.6,4020.1,2938.5,1116.5587,11380.81,19715.19,-,-,-,E,-0.27,54.4,[]
EU,eu,eu,2026-04-18 01:07:37,2021-12-26,2021-12-27,603.5878,3776.0,15.98,827.02,4574.8,3747.8,1116.5587,11380.63,19715.65,-,-,-,E,-0.34,54.06,[]
EU,eu,eu,2026-04-18 01:07:37,2021-12-27,2021-12-28,600.2427,3776.0,15.9,1134.95,4455.7,3320.8,1116.5591,11380.72,19715.48,-,-,-,E,-0.3,53.76,[]
EU,eu,eu,2026-04-18 01:07:37,2021-12-28,2021-12-29,597.6261,3776.0,15.83,1480.01,4064.1,2584.1,1116.5591,11380.51,19716.02,-,-,-,E,-0.23,53.52,[]
EU,eu,eu,2026-04-18 01:07:37,2021-12-29,2021-12-30,596.5261,3776.0,15.8,2001.14,3209.0,1207.9,1116.5591,11380.28,19716.64,-,-,-,E,-0.1,53.43,[]
EU,eu,eu,2026-04-18 01:07:37,2021-12-30,2021-12-31,596.2895,3776.0,15.79,2667.42,2882.0,214.6,1116.5591,11384.43,19717.48,-,-,-,E,-0.02,53.4,[]
EU,eu,eu,2026-04-18 01:07:37,2021-12-31,2022-01-01,597.9398,3776.0,15.84,2921.16,1966.9,-954.3,1116.5591,11380.41,19716.3,-,-,-,E,0.15,53.55,[]
EU,eu,eu,2026-04-18 01:07:37,2022-01-01,2022-01-02,600.4245,3766.25,15.94,3996.83,1906.8,-2090.0,1116.5841,11379.92,19707.38,-,-,-,E,0.0,53.77,[]
EU,eu,eu,2026-04-18 01:07:37,2022-01-02,2022-01-03,600.4137,3766.25,15.94,2378.92,2384.3,5.3,1116.6065,11379.69,19708.74,-,-,-,E,-0.0,53.77,[]
EU,eu,eu,2026-04-18 01:07:37,2022-01-03,2022-01-04,598.9044,3766.25,15.9,1628.62,3190.2,1561.5,1116.6231,11379.74,19710.52,-,-,-,E,-0.14,53.64,[]
EU,eu,eu,2026-04-18 01:07:37,2022-01-04,2022-01-05,596.1655,3766.25,15.83,1209.06,3961.6,2752.5,1116.6231,11379.57,19710.96,-,-,-,E,-0.25,53.39,[]
EU,eu,eu,2026-04-18 01:07:37,2022-01-05,2022-01-06,591.8799,3766.25,15.72,592.25,4867.8,4275.5,1116.6231,11379.76,19710.47,-,-,-,E,-0.38,53.01,[]
EU,eu,eu,2026-04-18 01:07:37,2022-01-06,2022-01-07,587.5168,3766.25,15.6,421.43,5743.9,5322.5,1116.6231,11380.16,19709.41,-,-,-,E,-0.39,52.62,[]
EU,eu,eu,2026-04-18 01:07:37,2022-01-07,2022-01-08,581.7404,3766.25,15.45,373.63,6130.8,5757.2,1116.6231,11380.49,19708.53,-,-,-,E,-0.52,52.1,[]
EU,eu,eu,2026-04-18 01:07:37,2022-01-08,2022-01-09,576.9609,3766.25,15.32,413.62,5149.5,4735.9,1116.6231,11380.88,19707.5,-,-,-,E,-0.43,51.67,[]
EU,eu,eu,2026-04-18 01:07:37,2022-01-09,2022-01-10,572.1768,3766.25,15.19,401.09,5153.9,4752.8,1116.6231,11381.3,19706.4,-,-,-,E,-0.43,51.24,[]
EU,eu,eu,2026-04-18 01:07:37,2022-01-10,2022-01-11,564.0221,3766.25,14.98,201.02,7915.3,7714.2,1116.7573,11384.97,19712.0,-,-,-,E,-0.73,50.51,[]
EU,eu,eu,2026-04-18 01:07:37,2022-01-11,2022-01-12,555.9013,3766.25,14.76,253.26,8360.7,8107.4,1116.8081,11385.46,19714.93,-,-,-,E,-0.73,49.78,[]
EU,eu,eu,2026-04-18 01:07:37,2022-01-12,2022-01-13,547.6744,3766.25,14.54,217.57,8423.5,8205.9,1116.8081,11385.89,19713.78,-,-,-,E,-0.74,49.04,[]
EU,eu,eu,2026-04-18 01:07:37,2022-01-13,2022-01-14,539.756,3766.25,14.33,272.84,8187.7,7914.9,1116.8081,11386.31,19712.67,-,-,-,E,-0.71,48.33,[]
EU,eu,eu,2026-04-18 01:07:37,2022-01-14,2022-01-15,531.8066,3766.25,14.12,211.71,8092.4,7880.7,1116.8081,11386.12,19713.18,-,-,-,E,-0.71,47.62,[]
EU,eu,eu,2026-04-18 01:07:37,2022-01-15,2022-01-16,525.5723,3766.25,13.95,369.98,6602.2,6232.3,1116.8081,11386.61,19711.89,-,-,-,E,-0.56,47.06,[]
EU,eu,eu,2026-04-18 01:07:37,2022-01-16,2022-01-17,520.0626,3766.25,13.81,487.32,5969.1,5481.7,1116.8081,11387.11,19710.57,-,-,-,E,-0.49,46.57,[]
EU,eu,eu,2026-04-18 01:07:37,2022-01-17,2022-01-18,512.875,3766.25,13.62,222.61,7420.6,7198.0,1116.7081,11385.03,19661.08,-,-,-,E,-0.64,45.93,[]
EU,eu,eu,2026-04-18 01:07:37,2022-01-18,2022-01-19,505.119,3766.25,13.41,205.93,7907.8,7701.9,1116.7081,11385.39,19703.68,-,-,-,E,-0.69,45.23,[]
EU,eu,eu,2026-04-18 01:07:37,2022-01-19,2022-01-20,498.1384,3766.25,13.23,224.53,7396.8,7172.3,1116.7081,11385.94,19659.18,-,-,-,E,-0.63,44.61,[]
EU,eu,eu,2026-04-18 01:07:37,2022-01-20,2022-01-21,490.8656,3766.25,13.03,166.89,7445.9,7279.0,1116.7081,11386.34,19644.04,-,-,-,E,-0.65,43.96,[]
EU,eu,eu,2026-04-18 01:07:37,2022-01-21,2022-01-22,483.1578,3766.25,12.83,170.22,7865.0,7694.7,1116.7081,11386.74,19680.33,-,-,-,E,-0.69,43.27,[]
EU,eu,eu,2026-04-18 01:07:37,2022-01-22,2022-01-23,476.6819,3766.25,12.66,239.24,6704.5,6465.3,1116.7081,11386.22,19681.71,-,-,-,E,-0.58,42.69,[]
EU,eu,eu,2026-04-18 01:07:37,2022-01-23,2022-01-24,470.5199,3766.25,12.49,266.37,6297.3,6030.9,1116.7081,11386.64,19680.6,-,-,-,E,-0.55,42.13,[]
EU,eu,eu,2026-04-18 01:07:37,2022-01-24,2022-01-25,462.7379,3766.25,12.29,182.19,7965.7,7783.5,1116.6861,11386.51,19645.21,-,-,-,E,-0.7,41.44,[]
EU,eu,eu,2026-04-18 01:07:37,2022-01-25,2022-01-26,454.6487,3766.25,12.07,172.42,8247.6,8075.2,1116.6861,11386.91,19677.36,-,-,-,E,-0.72,40.71,[]
EU,eu,eu,2026-04-18 01:07:37,2022-01-26,2022-01-27,447.0515,3766.25,11.87,243.8,7878.5,7634.7,1116.6861,11387.34,19676.23,-,-,-,E,-0.68,40.03,[]
EU,eu,eu,2026-04-18 01:07:37,2022-01-27,2022-01-28,440.4757,3766.25,11.7,289.51,6829.8,6540.3,1116.6861,11387.8,19675.03,-,-,-,E,-0.59,39.44,[]
EU,eu,eu,2026-04-18 01:07:37,2022-01-28,2022-01-29,434.2103,3766.25,11.53,214.93,6475.0,6260.1,1116.6861,11388.11,19674.22,-,-,-,E,-0.56,38.88,[]
EU,eu,eu,2026-04-18 01:07:37,2022-01-29,2022-01-30,430.2332,3766.25,11.42,621.11,4594.0,3972.9,1116.6861,11388.5,19654.69,-,-,-,E,-0.36,38.53,[]
EU,eu,eu,2026-04-18 01:07:37,2022-01-30,2022-01-31,426.3531,3766.25,11.32,536.72,4408.8,3872.1,1116.6861,11388.75,19654.01,-,-,-,E,-0.35,38.18,[]
EU,eu,eu,2026-04-18 01:07:37,2022-01-31,2022-02-01,420.2242,3766.25,11.16,271.94,6401.2,6129.3,1116.6739,11388.75,19652.62,-,-,-,E,-0.55,37.63,[]
EU,eu,eu,2026-04-18 01:07:37,2022-02-01,2022-02-02,415.2835,3766.25,11.03,325.48,5305.4,4979.9,1116.6739,11389.06,19631.72,-,-,-,E,-0.44,37.19,[]
EU,eu,eu,2026-04-18 01:07:37,2022-02-02,2022-02-03,410.4205,3766.25,10.9,289.96,5131.8,4841.9,1116.6739,11389.36,19597.95,-,-,-,E,-0.44,36.75,[]
EU,eu,eu,2026-04-18 01:07:37,2022-02-03,2022-02-04,405.8298,3766.25,10.78,427.9,5002.7,4574.8,1116.6739,11389.63,19630.21,-,-,-,E,-0.41,36.34,[]
EU,eu,eu,2026-04-18 01:07:37,2022-02-04,2022-02-05,402.0459,3766.25,10.67,600.15,4357.8,3757.7,1116.6739,11389.84,19629.65,-,-,-,E,-0.34,36.0,[]
EU,eu,eu,2026-04-18 01:07:37,2022-02-05,2022-02-06,399.3311,3766.25,10.6,606.65,3310.3,2703.7,1116.6739,11389.84,19629.65,-,-,-,E,-0.24,35.76,[]
EU,eu,eu,2026-04-18 01:07:37,2022-02-06,2022-02-07,396.8214,3766.25,10.54,652.8,3082.0,2429.2,1116.6739,11389.92,19629.45,-,-,-,E,-0.22,35.54,[]
EU,eu,eu,2026-04-18 01:07:37,2022-02-07,2022-02-08,392.4174,3766.25,10.42,335.64,4715.1,4379.5,1116.6749,11389.99,19629.38,-,-,-,E,-0.39,35.14,[]
EU,eu,eu,2026-04-18 01:07:37,2022-02-08,2022-02-09,388.3226,3766.25,10.31,354.28,4435.8,4081.5,1116.6749,11390.35,19628.41,-,-,-,E,-0.37,34.77,[]
EU,eu,eu,2026-04-18 01:07:37,2022-02-09,2022-02-10,384.4337,3766.25,10.21,522.27,4508.1,3985.8,1116.6749,11390.56,19627.87,-,-,-,E,-0.35,34.43,[]
EU,eu,eu,2026-04-18 01:07:37,2022-02-10,2022-02-11,379.8319,3766.25,10.09,466.19,5062.6,4596.4,1116.6749,11390.94,19626.86,-,-,-,E,-0.41,34.01,[]
EU,eu,eu,2026-04-18 01:07:37,2022-02-11,2022-02-12,375.1295,3766.25,9.96,446.27,5162.5,4716.2,1116.6749,11391.23,19594.88,-,-,-,E,-0.42,33.59,[]
EU,eu,eu,2026-04-18 01:07:37,2022-02-12,2022-02-13,371.3088,3766.25,9.86,496.53,4274.3,3777.8,1116.6749,11391.52,19594.11,-,-,-,E,-0.34,33.25,[]
EU,eu,eu,2026-04-18 01:07:37,2022-02-13,2022-02-14,368.3807,3766.25,9.78,801.32,3723.0,2921.7,1116.6749,11391.73,19593.58,-,-,-,E,-0.26,32.99,[]
EU,eu,eu,2026-04-18 01:07:37,2022-02-14,2022-02-15,364.4237,3766.25,9.68,629.81,4619.8,3990.0,1116.6725,11391.79,19593.14,-,-,-,E,-0.35,32.63,[]
EU,eu,eu,2026-04-18 01:07:37,2022-02-15,2022-02-16,360.3072,3766.25,9.57,391.03,4349.6,3958.6,1116.6725,11391.88,19592.9,-,-,-,E,-0.37,32.27,[]
EU,eu,eu,2026-04-18 01:07:37,2022-02-16,2022-02-17,356.9757,3766.25,9.48,634.6,3968.9,3334.3,1116.6725,11392.04,19592.47,-,-,-,E,-0.3,31.97,[]
EU,eu,eu,2026-04-18 01:07:37,2022-02-17,2022-02-18,354.4056,3766.25,9.41,733.93,3351.4,2617.5,1116.6725,11392.21,19592.01,-,-,-,E,-0.23,31.74,[]
EU,eu,eu,2026-04-18 01:07:37,2022-02-18,2022-02-19,351.7258,3766.25,9.34,581.23,3260.8,2679.6,1116.6725,11392.11,19592.29,-,-,-,E,-0.24,31.5,[]
EU,eu,eu,2026-04-18 01:07:37,2022-02-19,2022-02-20,349.2588,3766.25,9.27,735.58,3207.9,2472.3,1116.6725,11392.15,19592.18,-,-,-,E,-0.22,31.28,[]
EU,eu,eu,2026-04-18 01:07:37,2022-02-20,2022-02-21,347.3623,3766.25,9.22,888.2,2784.5,1896.3,1116.6725,11392.46,19591.36,-,-,-,E,-0.17,31.11,[]
EU,eu,eu,2026-04-18 01:07:37,2022-02-21,2022-02-22,343.7363,3766.25,9.13,373.84,4021.9,3648.0,1116.6725,11392.73,19550.34,-,-,-,E,-0.32,30.78,[]
EU,eu,eu,2026-04-18 01:07:37,2022-02-22,2022-02-23,340.0494,3766.25,9.03,415.67,4094.0,3678.4,1116.6725,11393.08,19549.42,-,-,-,E,-0.33,30.45,[]
EU,eu,eu,2026-04-18 01:07:37,2022-02-23,2022-02-24,336.967,3766.25,8.95,496.0,3577.9,3081.9,1116.6725,11393.4,19548.59,-,-,-,E,-0.28,30.18,[]
EU,eu,eu,2026-04-18 01:07:37,2022-02-24,2022-02-25,334.1767,3766.25,8.87,506.01,3280.0,2774.0,1116.6725,11393.77,19547.62,-,-,-,E,-0.25,29.93,[]
EU,eu,eu,2026-04-18 01:07:37,2022-02-25,2022-02-26,331.4167,3766.25,8.8,375.17,3286.4,2911.2,1116.6725,11425.77,19546.88,-,-,-,E,-0.25,29.68,[]
EU,eu,eu,2026-04-18 01:07:37,2022-02-26,2022-02-27,329.5142,3766.25,8.75,742.71,2653.5,1910.8,1116.6725,11505.34,19545.89,-,-,-,E,-0.17,29.51,[]
EU,eu,eu,2026-04-18 01:07:37,2022-02-27,2022-02-28,327.7781,3766.25,8.7,987.44,2712.4,1724.9,1116.6725,11495.55,19545.35,-,-,-,E,-0.16,29.35,[]
EU,eu,eu,2026-04-18 01:07:37,2022-02-28,2022-03-01,323.9264,3766.25,8.6,621.12,4451.0,3829.9,1116.671,11469.01,19544.71,-,-,-,E,-0.34,29.01,[]
EU,eu,eu,2026-04-18 01:07:37,2022-03-01,2022-03-02,320.018,3766.25,8.5,684.53,4537.3,3852.8,1116.671,11472.82,19520.05,-,-,-,E,-0.35,28.66,[]
EU,eu,eu,2026-04-18 01:07:37,2022-03-02,2022-03-03,316.3522,3766.25,8.4,644.17,4315.4,3671.2,1116.671,11478.23,19518.97,-,-,-,E,-0.33,28.33,[]
EU,eu,eu,2026-04-18 01:07:37,2022-03-03,2022-03-04,312.9677,3766.25,8.31,639.55,3982.2,3342.7,1116.671,11478.63,19517.9,-,-,-,E,-0.3,28.03,[]
EU,eu,eu,2026-04-18 01:07:37,2022-03-04,2022-03-05,309.9788,3766.25,8.23,790.67,3770.3,2979.7,1116.671,11500.71,19516.97,-,-,-,E,-0.27,27.76,[]
EU,eu,eu,2026-04-18 01:07:37,2022-03-05,2022-03-06,307.9094,3766.25,8.18,949.53,3011.0,2061.4,1116.671,11501.06,19516.03,-,-,-,E,-0.19,27.57,[]
EU,eu,eu,2026-04-18 01:07:37,2022-03-06,2022-03-07,305.5945,3766.25,8.11,909.86,3219.2,2309.4,1116.671,11501.28,19491.86,-,-,-,E,-0.21,27.37,[]
EU,eu,eu,2026-04-18 01:07:37,2022-03-07,2022-03-08,301.3755,3766.25,8.0,647.77,4848.9,4201.1,1116.671,11501.53,19491.21,-,-,-,E,-0.38,26.99,[]
EU,eu,eu,2026-04-18 01:07:37,2022-03-08,2022-03-09,297.842,3766.25,7.91,598.92,4114.9,3516.0,1116.671,11496.83,19490.4,-,-,-,E,-0.32,26.67,[]
EU,eu,eu,2026-04-18 01:07:37,2022-03-09,2022-03-10,295.1212,3766.25,7.84,803.75,3391.0,2587.3,1116.671,11506.76,19490.58,-,-,-,E,-0.24,26.43,[]
EU,eu,eu,2026-04-18 01:07:37,2022-03-10,2022-03-11,294.1433,3766.25,7.81,1857.9,2822.9,965.0,1116.671,11506.68,19490.81,-,-,-,E,-0.09,26.34,[]
EU,eu,eu,2026-04-18 01:07:37,2022-03-11,2022-03-12,292.9763,3766.25,7.78,1458.27,2617.1,1158.8,1116.671,11506.43,19491.45,-,-,-,E,-0.1,26.24,[]
EU,eu,eu,2026-04-18 01:07:37,2022-03-12,2022-03-13,292.9924,3766.25,7.78,1888.0,1966.0,78.0,1116.671,11506.07,19492.41,-,-,-,E,0.0,26.24,[]
EU,eu,eu,2026-04-18 01:07:37,2022-03-13,2022-03-14,292.9607,3766.25,7.78,1814.02,1820.9,6.9,1116.671,11510.81,19493.09,-,-,-,E,-0.0,26.24,[]
EU,eu,eu,2026-04-18 01:07:37,2022-03-14,2022-03-15,290.9945,3766.25,7.73,817.17,2646.9,1829.8,1116.67,11510.57,19493.61,-,-,-,E,-0.18,26.06,[]
EU,eu,eu,2026-04-18 01:07:37,2022-03-15,2022-03-16,289.226,3766.25,7.68,849.63,2596.2,1746.6,1116.6785,11518.72,19510.65,-,-,-,E,-0.16,25.9,[]
EU,eu,eu,2026-04-18 01:07:37,2022-03-16,2022-03-17,288.0839,3766.25,7.65,1448.9,2585.1,1136.2,1116.6785,11530.02,19510.65,-,-,-,E,-0.1,25.8,[]
EU,eu,eu,2026-04-18 01:07:37,2022-03-17,2022-03-18,287.1092,3766.25,7.62,1656.58,2625.9,969.3,1116.6785,11539.94,19510.86,-,-,-,E,-0.09,25.71,[]
EU,eu,eu,2026-04-18 01:07:37,2022-03-18,2022-03-19,286.4804,3766.25,7.61,2013.98,2632.6,618.6,1116.6785,11524.96,19510.8,-,-,-,E,-0.06,25.65,[]
EU,eu,eu,2026-04-18 01:07:37,2022-03-19,2022-03-20,285.4293,3766.25,7.58,2547.49,1679.6,-867.9,1116.6785,11525.01,19510.67,-,-,-,E,-0.09,25.56,[]
EU,eu,eu,2026-04-18 01:07:37,2022-03-20,2022-03-21,287.6582,3766.25,7.64,2256.92,1928.3,-328.6,1116.6785,11527.99,19510.71,-,-,-,E,0.2,25.76,[]
EU,eu,eu,2026-04-18 01:07:37,2022-03-21,2022-03-22,287.0232,3766.25,7.62,1789.98,2423.9,633.9,1116.6766,11533.07,19510.3,-,-,-,E,-0.06,25.7,[]
EU,eu,eu,2026-04-18 01:07:37,2022-03-22,2022-03-23,287.0366,3766.25,7.62,1909.88,1848.1,-61.8,1116.6766,11531.22,19509.88,-,-,-,E,0.0,25.7,[]
EU,eu,eu,2026-04-18 01:07:37,2022-03-23,2022-03-24,287.473,3766.25,7.63,2065.46,1684.9,-380.5,1116.6766,11531.3,19509.67,-,-,-,E,0.04,25.74,[]
EU,eu,eu,2026-04-18 01:07:37,2022-03-24,2022-03-25,288.8328,3766.25,7.67,2437.68,1498.1,-939.6,1116.6766,11531.38,19509.46,-,-,-,E,0.12,25.87,[]
EU,eu,eu,2026-04-18 01:07:37,2022-03-25,2022-03-26,290.2077,3766.25,7.71,3175.67,1408.6,-1767.0,1116.6766,11531.49,19509.18,-,-,-,E,0.12,25.99,[]
EU,eu,eu,2026-04-18 01:07:37,2022-03-26,2022-03-27,292.6377,3766.25,7.77,3437.18,1014.5,-2422.6,1115.6069,11337.04,19214.43,-,-,-,E,0.22,26.23,[]
EU,eu,eu,2026-04-18 01:07:37,2022-03-27,2022-03-28,295.2473,3766.25,7.84,3258.77,857.1,-2401.7,1116.6766,11530.53,19511.7,-,-,-,E,0.23,26.44,[]
EU,eu,eu,2026-04-18 01:07:37,2022-03-28,2022-03-29,296.4385,3766.25,7.87,2621.69,1411.9,-1209.8,1116.6859,11519.43,19513.02,-,-,-,E,0.11,26.55,[]
EU,eu,eu,2026-04-18 01:07:37,2022-03-29,2022-03-30,297.5422,3766.25,7.9,2544.94,1425.4,-1119.6,1116.6859,11519.23,19513.56,-,-,-,E,0.1,26.65,[]
EU,eu,eu,2026-04-18 01:07:37,2022-03-30,2022-03-31,297.8521,3766.25,7.91,2024.52,1716.7,-307.8,1116.6859,11518.99,19514.19,-,-,-,E,0.03,26.67,[]
EU,eu,eu,2026-04-18 01:07:37,2022-03-31,2022-04-01,293.761,3766.25,7.8,1749.59,1984.4,234.8,1113.9859,11518.88,19514.47,-,-,-,E,-0.37,26.37,[]
EU,eu,eu,2026-04-18 01:07:37,2022-04-01,2022-04-02,293.897,3766.25,7.8,985.3,2161.1,1175.8,1107.3653,11514.85,19527.68,-,-,-,E,0.01,26.54,[]
EU,eu,eu,2026-04-18 01:07:37,2022-04-02,2022-04-03,293.4023,3766.25,7.79,1167.21,1649.2,482.0,1107.1829,11523.37,19540.31,-,-,-,E,-0.04,26.5,[]
EU,eu,eu,2026-04-18 01:07:37,2022-04-03,2022-04-04,292.7519,3766.25,7.77,1208.96,1702.3,493.3,1106.8083,11503.85,19546.14,-,-,-,E,-0.06,26.45,[]
EU,eu,eu,2026-04-18 01:07:37,2022-04-04,2022-04-05,291.7666,3766.25,7.75,987.44,1979.6,992.1,1106.8083,11503.93,19545.92,-,-,-,E,-0.09,26.36,[]
EU,eu,eu,2026-04-18 01:07:37,2022-04-05,2022-04-06,291.2176,3766.25,7.73,1115.02,1346.0,230.9,1106.8083,11504.13,19545.42,-,-,-,E,-0.05,26.31,[]
EU,eu,eu,2026-04-18 01:07:37,2022-04-06,2022-04-07,292.5942,3766.25,7.77,2030.97,671.8,-1359.2,1106.8083,11504.35,19544.84,-,-,-,E,0.12,26.44,[]
EU,eu,eu,2026-04-18 01:07:37,2022-04-07,2022-04-08,294.2388,3766.25,7.81,2465.87,378.6,-2087.3,1106.9859,11512.31,19639.71,-,-,-,E,0.15,26.58,[]
EU,eu,eu,2026-04-18 01:07:37,2022-04-08,2022-04-09,295.9217,3766.25,7.86,2325.26,636.6,-1688.6,1105.7691,11504.24,19638.92,-,-,-,E,0.15,26.76,[]
EU,eu,eu,2026-04-18 01:07:37,2022-04-09,2022-04-10,297.9926,3766.25,7.91,2633.38,514.1,-2119.3,1105.7691,11504.14,19639.18,-,-,-,E,0.19,26.95,[]
EU,eu,eu,2026-04-18 01:07:37,2022-04-10,2022-04-11,300.3703,3766.25,7.98,2558.11,525.1,-2033.0,1105.7691,11504.03,19633.86,-,-,-,E,0.22,27.16,[]
EU,eu,eu,2026-04-18 01:07:37,2022-04-11,2022-04-12,301.6242,3766.25,8.01,2211.37,635.7,-1575.7,1105.7681,11503.91,19634.08,-,-,-,E,0.11,27.28,[]
EU,eu,eu,2026-04-18 01:07:37,2022-04-12,2022-04-13,304.1278,3766.25,8.08,3069.38,548.9,-2520.5,1105.7681,11503.99,19633.87,-,-,-,E,0.23,27.5,[]
EU,eu,eu,2026-04-18 01:07:37,2022-04-13,2022-04-14,307.0514,3766.25,8.15,3293.38,373.8,-2919.6,1105.7681,11503.92,19609.05,-,-,-,E,0.26,27.77,[]
EU,eu,eu,2026-04-18 01:07:37,2022-04-14,2022-04-15,310.4633,3766.25,8.24,3807.73,389.8,-3418.0,1105.7681,11503.8,19609.35,-,-,-,E,0.31,28.08,[]
EU,eu,eu,2026-04-18 01:07:37,2022-04-15,2022-04-16,315.2153,3766.25,8.37,4352.68,265.3,-4087.3,1106.3905,11503.42,19610.36,-,-,-,E,0.43,28.49,[]
EU,eu,eu,2026-04-18 01:07:37,2022-04-16,2022-04-17,319.9148,3766.25,8.49,4883.81,182.2,-4701.6,1106.3905,11502.98,19605.32,-,-,-,E,0.42,28.92,[]
EU,eu,eu,2026-04-18 01:07:37,2022-04-17,2022-04-18,324.7294,3766.25,8.62,5003.81,174.3,-4829.5,1106.3905,11502.47,19606.67,-,-,-,E,0.44,29.35,[]
EU,eu,eu,2026-04-18 01:07:37,2022-04-18,2022-04-19,329.2962,3766.25,8.74,4903.91,183.2,-4720.8,1106.39,11501.93,19608.05,-,-,-,E,0.41,29.76,[]
EU,eu,eu,2026-04-18 01:07:37,2022-04-19,2022-04-20,332.4172,3766.25,8.83,3494.78,569.9,-2924.9,1106.39,11501.4,19609.45,-,-,-,E,0.28,30.05,[]
EU,eu,eu,2026-04-18 01:07:37,2022-04-20,2022-04-21,335.1868,3766.25,8.9,3424.06,647.1,-2776.9,1106.39,11501.07,19610.31,-,-,-,E,0.25,30.3,[]
EU,eu,eu,2026-04-18 01:07:37,2022-04-21,2022-04-22,338.2845,3766.25,8.98,3567.6,473.7,-3093.9,1107.537,11523.5,19631.08,-,-,-,E,0.28,30.54,[]
EU,eu,eu,2026-04-18 01:07:37,2022-04-22,2022-04-23,341.8817,3766.25,9.08,3978.11,365.0,-3613.1,1107.537,11523.13,19632.07,-,-,-,E,0.32,30.87,[]
EU,eu,eu,2026-04-18 01:07:37,2022-04-23,2022-04-24,346.3989,3766.25,9.2,4735.43,177.7,-4557.7,1107.537,11522.83,19632.86,-,-,-,E,0.41,31.28,[]
EU,eu,eu,2026-04-18 01:07:37,2022-04-24,2022-04-25,351.0869,3766.25,9.32,4880.37,206.3,-4674.1,1107.537,11522.43,19633.9,-,-,-,E,0.42,31.7,[]
EU,eu,eu,2026-04-18 01:07:37,2022-04-25,2022-04-26,354.0308,3766.25,9.4,3576.23,658.9,-2917.3,1107.5477,11522.3,19635.48,-,-,-,E,0.27,31.97,[]
EU,eu,eu,2026-04-18 01:07:37,2022-04-26,2022-04-27,356.3135,3766.25,9.46,2920.96,699.3,-2221.6,1107.5477,11523.39,19624.31,-,-,-,E,0.21,32.17,[]
EU,eu,eu,2026-04-18 01:07:37,2022-04-27,2022-04-28,358.4407,3766.25,9.52,2733.05,617.6,-2115.5,1103.0415,11523.6,19623.75,-,-,-,E,0.19,32.5,[]
EU,eu,eu,2026-04-18 01:07:37,2022-04-28,2022-04-29,361.4656,3766.25,9.6,3433.38,394.4,-3039.0,1103.0415,11527.59,19623.78,-,-,-,E,0.27,32.77,[]
EU,eu,eu,2026-04-18 01:07:37,2022-04-29,2022-04-30,364.7967,3766.25,9.69,3693.31,369.0,-3324.3,1103.0415,11527.4,19624.28,-,-,-,E,0.3,33.07,[]
EU,eu,eu,2026-04-18 01:07:37,2022-04-30,2022-05-01,368.7328,3766.25,9.79,4388.8,160.0,-4228.8,1101.606,11527.26,19624.63,-,-,-,E,0.36,33.47,[]
EU,eu,eu,2026-04-18 01:07:37,2022-05-01,2022-05-02,373.7964,3766.25,9.92,5178.25,116.8,-5061.4,1103.838,11531.12,19463.04,-,-,-,E,0.46,33.86,[]
EU,eu,eu,2026-04-18 01:07:37,2022-05-02,2022-05-03,378.1233,3766.25,10.04,4525.83,227.3,-4298.5,1103.8585,11531.84,19464.8,-,-,-,E,0.39,34.25,[]
EU,eu,eu,2026-04-18 01:07:37,2022-05-03,2022-05-04,382.5679,3766.25,10.16,4614.84,166.3,-4448.5,1103.8585,11531.48,19465.76,-,-,-,E,0.4,34.66,[]
EU,eu,eu,2026-04-18 01:07:37,2022-05-04,2022-05-05,386.9052,3766.25,10.27,4766.47,401.2,-4365.3,1103.8585,11531.19,19466.51,-,-,-,E,0.39,35.05,[]
EU,eu,eu,2026-04-18 01:07:37,2022-05-05,2022-05-06,391.4184,3766.25,10.39,4786.78,280.3,-4506.5,1103.8585,11530.82,19467.5,-,-,-,E,0.41,35.46,[]
EU,eu,eu,2026-04-18 01:07:37,2022-05-06,2022-05-07,396.1074,3766.25,10.52,5531.21,842.5,-4688.8,1103.8585,11531.32,19468.81,-,-,-,E,0.42,35.88,[]
EU,eu,eu,2026-04-18 01:07:37,2022-05-07,2022-05-08,401.8442,3766.25,10.67,5904.69,218.2,-5686.5,1103.8585,11531.79,19470.22,-,-,-,E,0.52,36.4,[]
EU,eu,eu,2026-04-18 01:07:37,2022-05-08,2022-05-09,407.5155,3766.25,10.82,5923.71,243.4,-5680.4,1103.8585,11531.26,19471.62,-,-,-,E,0.51,36.92,[]
EU,eu,eu,2026-04-18 01:07:37,2022-05-09,2022-05-10,412.3347,3766.25,10.95,5330.21,520.2,-4810.0,1103.8595,11514.26,19473.05,-,-,-,E,0.44,37.35,[]
EU,eu,eu,2026-04-18 01:07:37,2022-05-10,2022-05-11,416.9331,3766.25,11.07,5406.01,803.8,-4602.2,1103.8595,11513.72,19474.46,-,-,-,E,0.42,37.77,[]
EU,eu,eu,2026-04-18 01:07:37,2022-05-11,2022-05-12,421.8772,3766.25,11.2,5439.03,498.8,-4940.3,1103.8595,11514.18,19482.33,-,-,-,E,0.45,38.22,[]
EU,eu,eu,2026-04-18 01:07:37,2022-05-12,2022-05-13,426.6538,3766.25,11.33,5397.44,705.3,-4692.2,1103.8595,11513.65,19483.72,-,-,-,E,0.43,38.65,[]
EU,eu,eu,2026-04-18 01:07:37,2022-05-13,2022-05-14,432.2637,3766.25,11.48,5766.7,180.3,-5586.4,1102.7513,11523.13,19485.11,-,-,-,E,0.51,39.2,[]
EU,eu,eu,2026-04-18 01:07:37,2022-05-14,2022-05-15,438.4219,3766.25,11.64,6223.65,82.8,-6140.8,1102.7513,11530.73,19486.45,-,-,-,E,0.56,39.76,[]
EU,eu,eu,2026-04-18 01:07:37,2022-05-15,2022-05-16,444.8755,3766.25,11.81,6517.6,63.9,-6453.7,1102.7513,11530.29,19487.63,-,-,-,E,0.59,40.34,[]
EU,eu,eu,2026-04-18 01:07:37,2022-05-16,2022-05-17,449.6483,3766.25,11.94,5066.53,308.3,-4758.3,1102.7713,11530.33,19489.79,-,-,-,E,0.43,40.77,[]
EU,eu,eu,2026-04-18 01:07:37,2022-05-17,2022-05-18,454.0455,3766.25,12.06,4615.53,238.1,-4377.5,1102.7713,11529.85,19491.05,-,-,-,E,0.4,41.17,[]
EU,eu,eu,2026-04-18 01:07:37,2022-05-18,2022-05-19,458.4326,3766.25,12.17,4719.2,287.1,-4432.1,1102.7503,11529.46,19492.1,-,-,-,E,0.4,41.57,[]
EU,eu,eu,2026-04-18 01:07:37,2022-05-19,2022-05-20,463.2931,3766.25,12.3,5020.51,226.4,-4794.2,1102.7503,11528.94,19493.46,-,-,-,E,0.44,42.01,[]
EU,eu,eu,2026-04-18 01:07:37,2022-05-20,2022-05-21,468.4334,3766.25,12.44,5226.38,235.4,-4991.0,1102.7503,11528.43,19494.81,-,-,-,E,0.47,42.48,[]
EU,eu,eu,2026-04-18 01:07:37,2022-05-21,2022-05-22,474.3776,3766.25,12.6,6039.64,94.6,-5945.0,1102.7503,11527.94,19496.09,-,-,-,E,0.54,43.02,[]
EU,eu,eu,2026-04-18 01:07:37,2022-05-22,2022-05-23,480.2333,3766.25,12.75,5957.11,112.4,-5844.7,1102.7503,11527.45,19497.4,-,-,-,E,0.53,43.55,[]
EU,eu,eu,2026-04-18 01:07:37,2022-05-23,2022-05-24,485.0387,3766.25,12.88,5041.55,246.2,-4795.4,1102.7664,11527.33,19499.55,-,-,-,E,0.44,43.98,[]
EU,eu,eu,2026-04-18 01:07:37,2022-05-24,2022-05-25,489.708,3766.25,13.0,4954.15,262.9,-4691.2,1102.7664,11526.83,19500.88,-,-,-,E,0.42,44.41,[]
EU,eu,eu,2026-04-18 01:07:37,2022-05-25,2022-05-26,494.729,3766.25,13.14,5184.87,278.4,-4906.5,1102.7664,11526.84,19500.85,-,-,-,E,0.46,44.86,[]
EU,eu,eu,2026-04-18 01:07:37,2022-05-26,2022-05-27,500.0618,3766.25,13.28,5509.26,167.6,-5341.7,1102.7664,11526.33,19502.2,-,-,-,E,0.48,45.35,[]
EU,eu,eu,2026-04-18 01:07:37,2022-05-27,2022-05-28,505.3683,3766.25,13.42,5395.09,93.2,-5301.9,1102.7664,11525.82,19503.53,-,-,-,E,0.48,45.83,[]
EU,eu,eu,2026-04-18 01:07:37,2022-05-28,2022-05-29,510.7558,3766.25,13.56,5514.97,132.2,-5382.7,1102.7664,11525.32,19504.86,-,-,-,E,0.49,46.32,[]
EU,eu,eu,2026-04-18 01:07:37,2022-05-29,2022-05-30,515.9441,3766.25,13.7,5373.56,204.1,-5169.5,1102.7664,11524.8,19506.22,-,-,-,E,0.47,46.79,[]
EU,eu,eu,2026-04-18 01:07:37,2022-05-30,2022-05-31,519.5383,3766.25,13.79,4073.87,672.2,-3401.7,1102.784,11524.64,19508.43,-,-,-,E,0.33,47.11,[]
EU,eu,eu,2026-04-18 01:07:37,2022-05-31,2022-06-01,522.7593,3766.25,13.88,3920.87,528.6,-3392.2,1102.784,11524.22,19509.77,-,-,-,E,0.29,47.4,[]
EU,eu,eu,2026-04-18 01:07:37,2022-06-01,2022-06-02,526.5777,3766.25,13.98,4111.98,281.4,-3830.6,1102.7839,11580.24,19585.02,-,-,-,E,0.35,47.75,[]
EU,eu,eu,2026-04-18 01:07:37,2022-06-02,2022-06-03,531.0707,3766.25,14.1,4796.68,287.0,-4509.7,1102.7839,11579.73,19586.35,-,-,-,E,0.41,48.16,[]
EU,eu,eu,2026-04-18 01:07:37,2022-06-03,2022-06-04,535.7671,3766.25,14.23,4851.11,192.7,-4658.4,1102.7839,11579.23,19587.69,-,-,-,E,0.43,48.58,[]
EU,eu,eu,2026-04-18 01:07:37,2022-06-04,2022-06-05,541.3408,3766.25,14.37,5706.35,142.1,-5564.3,1102.7839,11547.0,19589.02,-,-,-,E,0.51,49.09,[]
EU,eu,eu,2026-04-18 01:07:37,2022-06-05,2022-06-06,546.9115,3766.25,14.52,5721.37,162.5,-5558.9,1102.7839,11546.5,19590.34,-,-,-,E,0.51,49.59,[]
EU,eu,eu,2026-04-18 01:07:37,2022-06-06,2022-06-07,551.9051,3766.25,14.65,5154.91,179.6,-4975.3,1102.8015,11546.43,19592.54,-,-,-,E,0.45,50.05,[]
EU,eu,eu,2026-04-18 01:07:37,2022-06-07,2022-06-08,555.7274,3766.25,14.76,4270.9,457.3,-3813.6,1102.8015,11545.93,19593.86,-,-,-,E,0.35,50.39,[]
EU,eu,eu,2026-04-18 01:07:37,2022-06-08,2022-06-09,558.6392,3766.25,14.83,3750.41,848.0,-2902.4,1102.8015,11539.09,19595.17,-,-,-,E,0.26,50.66,[]
EU,eu,eu,2026-04-18 01:07:37,2022-06-09,2022-06-10,561.2394,3766.25,14.9,3760.14,894.5,-2865.6,1102.8016,11538.72,19596.14,-,-,-,E,0.24,50.89,[]
EU,eu,eu,2026-04-18 01:07:37,2022-06-10,2022-06-11,563.8665,3766.25,14.97,4018.14,627.5,-3390.6,1102.8015,11539.06,19595.23,-,-,-,E,0.24,51.13,[]
EU,eu,eu,2026-04-18 01:07:37,2022-06-11,2022-06-12,569.6185,3766.25,15.12,5814.42,72.8,-5741.6,1102.8015,11538.57,19596.52,-,-,-,E,0.52,51.65,[]
EU,eu,eu,2026-04-18 01:07:37,2022-06-12,2022-06-13,575.3248,3766.25,15.28,6020.98,71.6,-5949.4,1102.8015,11538.07,19597.85,-,-,-,E,0.52,52.17,[]
EU,eu,eu,2026-04-18 01:07:37,2022-06-13,2022-06-14,580.0739,3766.25,15.4,4280.77,229.3,-4051.4,1102.8069,11537.74,19599.55,-,-,-,E,0.43,52.6,[]
EU,eu,eu,2026-04-18 01:07:37,2022-06-14,2022-06-15,583.7135,3766.25,15.5,3984.44,396.8,-3587.6,1102.8082,11585.51,19631.25,-,-,-,E,0.33,52.93,[]
EU,eu,eu,2026-04-18 01:07:37,2022-06-15,2022-06-16,587.3955,3766.25,15.6,3957.89,286.1,-3671.8,1102.8085,11584.98,19632.7,-,-,-,E,0.33,53.26,[]
EU,eu,eu,2026-04-18 01:07:37,2022-06-16,2022-06-17,591.0715,3766.25,15.69,3979.53,303.2,-3676.3,1102.8086,11584.45,19634.14,-,-,-,E,0.33,53.6,[]
EU,eu,eu,2026-04-18 01:07:37,2022-06-17,2022-06-18,594.8578,3766.25,15.79,4019.29,207.3,-3812.0,1103.1503,11583.32,19637.23,-,-,-,E,0.34,53.92,[]
EU,eu,eu,2026-04-18 01:07:37,2022-06-18,2022-06-19,599.6499,3766.25,15.92,5058.28,233.5,-4824.8,1103.1512,11600.49,19638.83,-,-,-,E,0.43,54.36,[]
EU,eu,eu,2026-04-18 01:07:37,2022-06-19,2022-06-20,604.4824,3766.25,16.05,5046.94,213.6,-4833.3,1103.1522,11599.44,19640.47,-,-,-,E,0.44,54.8,[]
EU,eu,eu,2026-04-18 01:07:37,2022-06-20,2022-06-21,608.0218,3766.25,16.14,3944.35,403.8,-3540.6,1103.1244,11598.66,19640.66,-,-,-,E,0.32,55.12,[]
EU,eu,eu,2026-04-18 01:07:37,2022-06-21,2022-06-22,614.054,3766.25,16.3,3846.89,380.8,-3466.1,1111.0844,11682.07,19754.44,-,-,-,E,0.54,55.27,[]
EU,eu,eu,2026-04-18 01:07:37,2022-06-22,2022-06-23,617.0949,3766.25,16.38,3337.58,355.1,-2982.5,1110.9744,11689.53,19784.42,-,-,-,E,0.27,55.55,[]
EU,eu,eu,2026-04-18 01:07:37,2022-06-23,2022-06-24,620.1468,3766.25,16.47,3450.73,249.9,-3200.8,1110.9744,11702.02,19832.19,-,-,-,E,0.27,55.82,[]
EU,eu,eu,2026-04-18 01:07:37,2022-06-24,2022-06-25,623.7243,3766.25,16.56,3898.55,227.7,-3670.9,1110.9744,11701.69,19833.06,-,-,-,E,0.32,56.14,[]
EU,eu,eu,2026-04-18 01:07:37,2022-06-25,2022-06-26,628.502,3766.25,16.69,4935.9,138.1,-4797.8,1110.9745,11703.14,19834.6,-,-,-,E,0.43,56.57,[]
EU,eu,eu,2026-04-18 01:07:37,2022-06-26,2022-06-27,633.3563,3766.25,16.82,4983.31,130.6,-4852.7,1110.9749,11702.61,19836.04,-,-,-,E,0.44,57.01,[]
EU,eu,eu,2026-04-18 01:07:37,2022-06-27,2022-06-28,636.6311,3766.25,16.9,3791.6,516.1,-3275.4,1110.9566,11701.21,19835.02,-,-,-,E,0.29,57.3,[]
EU,eu,eu,2026-04-18 01:07:37,2022-06-28,2022-06-29,640.1583,3766.25,17.0,3895.25,466.2,-3429.0,1111.1066,11700.77,19836.18,-,-,-,E,0.32,57.61,[]
EU,eu,eu,2026-04-18 01:07:37,2022-06-29,2022-06-30,643.4265,3766.25,17.08,3847.53,565.6,-3281.9,1111.1066,11700.4,19837.15,-,-,-,E,0.29,57.91,[]
EU,eu,eu,2026-04-18 01:07:37,2022-06-30,2022-07-01,646.506,3766.25,17.17,3912.29,764.2,-3148.1,1111.1066,11716.27,19838.44,-,-,-,E,0.28,58.19,[]
EU,eu,eu,2026-04-18 01:07:37,2022-07-01,2022-07-02,650.7038,3766.25,17.28,4446.75,368.7,-4078.1,1111.2959,11716.22,19838.59,-,-,-,E,0.38,58.55,[]
EU,eu,eu,2026-04-18 01:07:37,2022-07-02,2022-07-03,655.4738,3766.25,17.4,5084.23,302.9,-4781.3,1111.296,11715.93,19839.4,-,-,-,E,0.43,58.98,[]
EU,eu,eu,2026-04-18 01:07:37,2022-07-03,2022-07-04,660.5334,3766.25,17.54,5303.47,237.2,-5066.3,1111.2961,11715.57,19840.36,-,-,-,E,0.46,59.44,[]
EU,eu,eu,2026-04-18 01:07:37,2022-07-04,2022-07-05,664.6153,3766.25,17.65,4360.39,275.3,-4085.0,1111.3203,11708.9,19842.61,-,-,-,E,0.37,59.8,[]
EU,eu,eu,2026-04-18 01:07:37,2022-07-05,2022-07-06,668.5845,3766.25,17.75,4261.78,278.6,-3983.2,1111.3203,11708.57,19843.49,-,-,-,E,0.36,60.16,[]
EU,eu,eu,2026-04-18 01:07:37,2022-07-06,2022-07-07,672.5842,3766.25,17.86,4377.48,372.4,-4005.1,1111.3203,11708.31,19844.19,-,-,-,E,0.36,60.52,[]
EU,eu,eu,2026-04-18 01:07:37,2022-07-07,2022-07-08,676.4676,3766.25,17.96,4417.28,522.8,-3894.5,1111.3211,11708.03,19845.1,-,-,-,E,0.35,60.87,[]
EU,eu,eu,2026-04-18 01:07:37,2022-07-08,2022-07-09,680.3679,3766.25,18.06,4340.88,424.9,-3915.9,1111.3211,11707.88,19845.51,-,-,-,E,0.35,61.22,[]
EU,eu,eu,2026-04-18 01:07:37,2022-07-09,2022-07-10,685.6538,3766.25,18.21,5484.89,179.5,-5305.4,1111.3211,11707.61,19846.22,-,-,-,E,0.48,61.7,[]
EU,eu,eu,2026-04-18 01:07:37,2022-07-10,2022-07-11,690.8969,3766.25,18.34,5439.25,183.4,-5255.8,1111.3211,11707.14,19847.47,-,-,-,E,0.47,62.17,[]
EU,eu,eu,2026-04-18 01:07:37,2022-07-11,2022-07-12,693.5519,3766.25,18.41,3607.69,792.7,-2815.0,1111.3313,11706.91,19849.23,-,-,-,E,0.24,62.41,[]
EU,eu,eu,2026-04-18 01:07:37,2022-07-12,2022-07-13,696.433,3766.25,18.49,4130.7,1233.3,-2897.4,1111.3313,11713.65,19849.66,-,-,-,E,0.26,62.67,[]
EU,eu,eu,2026-04-18 01:07:37,2022-07-13,2022-07-14,699.5628,3766.25,18.57,4054.13,910.5,-3143.6,1111.3313,11713.38,19850.38,-,-,-,E,0.28,62.95,[]
EU,eu,eu,2026-04-18 01:07:37,2022-07-14,2022-07-15,703.0542,3766.25,18.67,4291.37,796.0,-3495.4,1111.4413,11713.02,19851.3,-,-,-,E,0.31,63.26,[]
EU,eu,eu,2026-04-18 01:07:37,2022-07-15,2022-07-16,706.7668,3766.25,18.77,4654.34,933.4,-3721.0,1111.4413,11712.66,19852.24,-,-,-,E,0.33,63.59,[]
EU,eu,eu,2026-04-18 01:07:37,2022-07-16,2022-07-17,711.5183,3766.25,18.89,5355.42,608.7,-4746.8,1111.4413,11712.28,19853.25,-,-,-,E,0.43,64.02,[]
EU,eu,eu,2026-04-18 01:07:37,2022-07-17,2022-07-18,716.0245,3766.25,19.01,5033.62,523.2,-4510.4,1111.4413,11711.89,19854.28,-,-,-,E,0.41,64.42,[]
EU,eu,eu,2026-04-18 01:07:37,2022-07-18,2022-07-19,719.3617,3766.25,19.1,4194.54,864.6,-3330.0,1111.4462,11711.63,19855.53,-,-,-,E,0.3,64.72,[]
EU,eu,eu,2026-04-18 01:07:37,2022-07-19,2022-07-20,722.1142,3766.25,19.17,3865.44,976.4,-2889.0,1111.4462,11711.42,19856.08,-,-,-,E,0.25,64.97,[]
EU,eu,eu,2026-04-18 01:07:37,2022-07-20,2022-07-21,724.8959,3766.25,19.25,3770.53,990.6,-2780.0,1111.4462,11711.12,19856.87,-,-,-,E,0.25,65.22,[]
EU,eu,eu,2026-04-18 01:07:37,2022-07-21,2022-07-22,727.9941,3766.25,19.33,3986.79,894.4,-3092.4,1111.4462,11710.75,19857.85,-,-,-,E,0.28,65.5,[]
EU,eu,eu,2026-04-18 01:07:37,2022-07-22,2022-07-23,731.8093,3766.25,19.43,4317.82,507.7,-3810.2,1111.4462,11693.33,19858.54,-,-,-,E,0.34,65.84,[]
EU,eu,eu,2026-04-18 01:07:37,2022-07-23,2022-07-24,736.5857,3766.25,19.56,4889.46,166.5,-4723.0,1111.4461,11692.97,19859.47,-,-,-,E,0.43,66.27,[]
EU,eu,eu,2026-04-18 01:07:37,2022-07-24,2022-07-25,741.7096,3766.25,19.69,5197.84,87.3,-5110.5,1111.4461,11692.57,19860.53,-,-,-,E,0.46,66.73,[]
EU,eu,eu,2026-04-18 01:07:37,2022-07-25,2022-07-26,746.0328,3766.25,19.81,4533.37,222.9,-4310.5,1111.4598,11684.0,19862.23,-,-,-,E,0.39,67.12,[]
EU,eu,eu,2026-04-18 01:07:37,2022-07-26,2022-07-27,750.0578,3766.25,19.92,4295.24,281.2,-4014.1,1111.4598,11683.39,19863.14,-,-,-,E,0.36,67.48,[]
EU,eu,eu,2026-04-18 01:07:37,2022-07-27,2022-07-28,753.9249,3766.25,20.02,4294.84,435.9,-3858.9,1111.4598,11683.25,19863.49,-,-,-,E,0.35,67.83,[]
EU,eu,eu,2026-04-18 01:07:37,2022-07-28,2022-07-29,757.7655,3766.25,20.12,4214.27,376.6,-3837.7,1111.4598,11683.25,19863.5,-,-,-,E,0.35,68.18,[]
EU,eu,eu,2026-04-18 01:07:37,2022-07-29,2022-07-30,761.4913,3766.25,20.22,4075.33,357.4,-3717.9,1111.4598,11683.16,19863.74,-,-,-,E,0.34,68.51,[]
EU,eu,eu,2026-04-18 01:07:37,2022-07-30,2022-07-31,766.1234,3766.25,20.34,4774.53,154.8,-4619.7,1111.4598,11700.23,19863.97,-,-,-,E,0.42,68.93,[]
EU,eu,eu,2026-04-18 01:07:37,2022-07-31,2022-08-01,770.3283,3766.25,20.45,4970.88,159.6,-4811.3,1111.4598,11699.94,19864.74,-,-,-,E,0.38,69.31,[]
EU,eu,eu,2026-04-18 01:07:37,2022-08-01,2022-08-02,774.7829,3766.25,20.57,4194.62,224.9,-3969.7,1104.2352,11637.48,19796.1,-,-,-,E,0.4,70.16,[]
EU,eu,eu,2026-04-18 01:07:37,2022-08-02,2022-08-03,779.0509,3766.25,20.69,4419.14,162.9,-4256.3,1104.2342,11637.31,19796.55,-,-,-,E,0.39,70.55,[]
EU,eu,eu,2026-04-18 01:07:37,2022-08-03,2022-08-04,783.0479,3766.25,20.79,4158.32,159.1,-3999.3,1104.2342,11636.98,19797.42,-,-,-,E,0.36,70.91,[]
EU,eu,eu,2026-04-18 01:07:37,2022-08-04,2022-08-05,786.1631,3766.25,20.87,3939.88,310.0,-3629.9,1104.1442,11636.65,19798.3,-,-,-,E,0.28,71.2,[]
EU,eu,eu,2026-04-18 01:07:37,2022-08-05,2022-08-06,790.2438,3766.25,20.98,4374.4,280.6,-4093.8,1111.4071,11699.47,19868.79,-,-,-,E,0.37,71.1,[]
EU,eu,eu,2026-04-18 01:07:37,2022-08-06,2022-08-07,795.267,3766.25,21.12,5142.04,111.5,-5030.5,1111.4071,11699.34,19869.12,-,-,-,E,0.45,71.55,[]
EU,eu,eu,2026-04-18 01:07:37,2022-08-07,2022-08-08,800.4608,3766.25,21.25,5288.93,83.1,-5205.8,1111.4071,11699.0,19870.02,-,-,-,E,0.47,72.02,[]
EU,eu,eu,2026-04-18 01:07:37,2022-08-08,2022-08-09,804.6915,3766.25,21.37,4504.22,269.5,-4234.7,1111.4076,11677.76,19795.76,-,-,-,E,0.38,72.4,[]
EU,eu,eu,2026-04-18 01:07:37,2022-08-09,2022-08-10,809.0264,3766.25,21.48,4504.59,154.4,-4350.2,1111.4076,11685.41,19825.24,-,-,-,E,0.39,72.79,[]
EU,eu,eu,2026-04-18 01:07:37,2022-08-10,2022-08-11,813.5192,3766.25,21.6,4654.67,210.8,-4443.8,1111.3788,11698.22,19872.15,-,-,-,E,0.4,73.2,[]
EU,eu,eu,2026-04-18 01:07:37,2022-08-11,2022-08-12,817.6375,3766.25,21.71,4450.68,371.4,-4079.2,1111.3788,11697.96,19872.84,-,-,-,E,0.37,73.57,[]
EU,eu,eu,2026-04-18 01:07:37,2022-08-12,2022-08-13,821.9575,3766.25,21.82,4522.75,186.4,-4336.4,1111.6165,11697.76,19873.37,-,-,-,E,0.39,73.94,[]
EU,eu,eu,2026-04-18 01:07:37,2022-08-13,2022-08-14,826.8823,3766.25,21.96,5061.27,124.8,-4936.5,1111.6165,11697.51,19874.01,-,-,-,E,0.44,74.39,[]
EU,eu,eu,2026-04-18 01:07:37,2022-08-14,2022-08-15,831.7792,3766.25,22.09,5054.78,132.6,-4922.2,1111.6165,11697.12,19875.06,-,-,-,E,0.44,74.83,[]
EU,eu,eu,2026-04-18 01:07:37,2022-08-15,2022-08-16,836.2396,3766.25,22.2,4694.64,222.6,-4472.0,1111.8592,11698.36,19879.41,-,-,-,E,0.4,75.21,[]
EU,eu,eu,2026-04-18 01:07:37,2022-08-16,2022-08-17,840.2262,3766.25,22.31,4359.98,221.7,-4138.3,1111.8592,11697.94,19880.52,-,-,-,E,0.36,75.57,[]
EU,eu,eu,2026-04-18 01:07:37,2022-08-17,2022-08-18,843.8238,3766.25,22.4,3994.98,384.7,-3610.3,1111.8592,11697.52,19881.62,-,-,-,E,0.32,75.89,[]
EU,eu,eu,2026-04-18 01:07:37,2022-08-18,2022-08-19,847.6932,3766.25,22.51,4294.83,413.2,-3881.6,1112.5571,11697.53,19881.58,-,-,-,E,0.35,76.19,[]
EU,eu,eu,2026-04-18 01:07:37,2022-08-19,2022-08-20,851.8611,3766.25,22.62,4380.57,201.1,-4179.5,1112.5571,11697.72,19881.09,-,-,-,E,0.37,76.57,[]
EU,eu,eu,2026-04-18 01:07:37,2022-08-20,2022-08-21,856.726,3766.25,22.75,4983.22,109.4,-4873.8,1112.5571,11697.63,19881.33,-,-,-,E,0.44,77.01,[]
EU,eu,eu,2026-04-18 01:07:37,2022-08-21,2022-08-22,861.512,3766.25,22.87,4948.13,152.4,-4795.7,1112.5571,11697.14,19882.61,-,-,-,E,0.43,77.44,[]
EU,eu,eu,2026-04-18 01:07:37,2022-08-22,2022-08-23,865.1155,3766.25,22.97,3888.53,283.4,-3605.1,1112.5576,11696.77,19883.66,-,-,-,E,0.32,77.76,[]
EU,eu,eu,2026-04-18 01:07:37,2022-08-23,2022-08-24,868.6321,3766.25,23.06,3777.78,269.5,-3508.3,1112.6087,11697.24,19883.92,-,-,-,E,0.32,78.07,[]
EU,eu,eu,2026-04-18 01:07:37,2022-08-24,2022-08-25,872.3581,3766.25,23.16,4016.83,325.3,-3691.5,1113.2163,11697.07,19884.36,-,-,-,E,0.33,78.36,[]
EU,eu,eu,2026-04-18 01:07:37,2022-08-25,2022-08-26,876.1216,3766.25,23.26,4040.4,316.6,-3723.8,1113.2163,11696.96,19884.65,-,-,-,E,0.34,78.7,[]
EU,eu,eu,2026-04-18 01:07:37,2022-08-26,2022-08-27,879.6624,3766.25,23.36,3908.89,378.4,-3530.4,1113.2163,11696.57,19885.68,-,-,-,E,0.32,79.02,[]
EU,eu,eu,2026-04-18 01:07:37,2022-08-27,2022-08-28,883.9365,3766.25,23.47,4360.83,86.7,-4274.1,1113.2163,11679.21,19886.22,-,-,-,E,0.38,79.4,[]
EU,eu,eu,2026-04-18 01:07:37,2022-08-28,2022-08-29,888.3667,3766.25,23.59,4599.82,91.9,-4507.9,1113.2163,11678.91,19887.0,-,-,-,E,0.4,79.8,[]
EU,eu,eu,2026-04-18 01:07:37,2022-08-29,2022-08-30,891.4736,3766.25,23.67,3534.19,428.6,-3105.5,1113.1868,11679.5,19888.83,-,-,-,E,0.28,80.08,[]
EU,eu,eu,2026-04-18 01:07:37,2022-08-30,2022-08-31,894.4697,3766.25,23.75,3652.98,516.7,-3136.3,1113.1868,11679.28,19889.43,-,-,-,E,0.27,80.35,[]
EU,eu,eu,2026-04-18 01:07:37,2022-08-31,2022-09-01,895.7715,3766.25,23.78,3685.91,650.1,-3035.8,1113.1868,11679.06,19890.01,-,-,-,E,0.12,80.47,[]
EU,eu,eu,2026-04-18 01:07:37,2022-09-01,2022-09-02,899.7772,3766.25,23.89,3433.61,677.9,-2755.7,1114.2842,11728.85,19890.21,-,-,-,E,0.36,80.75,[]
EU,eu,eu,2026-04-18 01:07:37,2022-09-02,2022-09-03,903.0806,3766.25,23.98,3792.25,321.4,-3470.8,1114.2842,11728.91,19890.06,-,-,-,E,0.3,81.05,[]
EU,eu,eu,2026-04-18 01:07:37,2022-09-03,2022-09-04,907.5318,3766.25,24.1,4626.62,209.2,-4417.4,1114.2842,11728.7,19890.6,-,-,-,E,0.4,81.45,[]
EU,eu,eu,2026-04-18 01:07:37,2022-09-04,2022-09-05,912.133,3766.25,24.22,4745.63,196.9,-4548.7,1114.2842,11728.49,19891.17,-,-,-,E,0.41,81.86,[]
EU,eu,eu,2026-04-18 01:07:37,2022-09-05,2022-09-06,915.5598,3766.25,24.31,3776.29,386.3,-3390.0,1114.2907,11749.64,19887.04,-,-,-,E,0.31,82.17,[]
EU,eu,eu,2026-04-18 01:07:37,2022-09-06,2022-09-07,918.8292,3766.25,24.4,3716.84,483.7,-3233.1,1114.2907,11753.27,19892.42,-,-,-,E,0.29,82.46,[]
EU,eu,eu,2026-04-18 01:07:37,2022-09-07,2022-09-08,921.365,3766.25,24.46,3229.67,738.9,-2490.8,1114.2907,11753.05,19892.98,-,-,-,E,0.23,82.69,[]
EU,eu,eu,2026-04-18 01:07:37,2022-09-08,2022-09-09,924.7981,3766.25,24.55,3791.61,397.0,-3394.6,1114.2907,11753.09,19892.89,-,-,-,E,0.31,82.99,[]
EU,eu,eu,2026-04-18 01:07:37,2022-09-09,2022-09-10,928.0413,3766.25,24.64,3733.97,555.8,-3178.2,1114.2907,11752.91,19893.36,-,-,-,E,0.29,83.29,[]
EU,eu,eu,2026-04-18 01:07:37,2022-09-10,2022-09-11,931.9245,3766.25,24.74,4216.48,403.9,-3812.6,1114.2907,11752.67,19893.99,-,-,-,E,0.35,83.63,[]
EU,eu,eu,2026-04-18 01:07:37,2022-09-11,2022-09-12,935.8973,3766.25,24.85,4190.01,267.3,-3922.7,1114.2907,11752.45,19894.57,-,-,-,E,0.36,83.99,[]
EU,eu,eu,2026-04-18 01:07:37,2022-09-12,2022-09-13,938.707,3766.25,24.92,3152.86,377.4,-2775.5,1114.2907,11752.23,19895.14,-,-,-,E,0.25,84.24,[]
EU,eu,eu,2026-04-18 01:07:37,2022-09-13,2022-09-14,941.3366,3766.25,24.99,3011.52,407.4,-2604.1,1114.088,11747.5,19886.77,-,-,-,E,0.24,84.49,[]
EU,eu,eu,2026-04-18 01:07:37,2022-09-14,2022-09-15,943.8733,3766.25,25.06,2971.93,475.6,-2496.3,1114.088,11747.33,19887.22,-,-,-,E,0.23,84.72,[]
EU,eu,eu,2026-04-18 01:07:37,2022-09-15,2022-09-16,946.6639,3766.25,25.14,3132.28,380.3,-2752.0,1114.088,11747.18,19887.61,-,-,-,E,0.25,84.97,[]
EU,eu,eu,2026-04-18 01:07:37,2022-09-16,2022-09-17,950.3228,3766.25,25.23,3908.59,142.9,-3765.6,1114.088,11746.98,19888.13,-,-,-,E,0.33,85.3,[]
EU,eu,eu,2026-04-18 01:07:37,2022-09-17,2022-09-18,954.4169,3766.25,25.34,4239.18,184.2,-4055.0,1114.088,11746.77,19888.7,-,-,-,E,0.37,85.67,[]
EU,eu,eu,2026-04-18 01:07:37,2022-09-18,2022-09-19,958.4001,3766.25,25.45,4130.36,180.4,-3949.9,1114.088,11746.62,19889.08,-,-,-,E,0.36,86.03,[]
EU,eu,eu,2026-04-18 01:07:37,2022-09-19,2022-09-20,960.9462,3766.25,25.51,2863.68,355.1,-2508.6,1114.088,11746.53,19889.32,-,-,-,E,0.23,86.25,[]
EU,eu,eu,2026-04-18 01:07:37,2022-09-20,2022-09-21,963.3722,3766.25,25.58,2640.48,246.4,-2394.1,1114.088,11722.47,19889.47,-,-,-,E,0.22,86.47,[]
EU,eu,eu,2026-04-18 01:07:37,2022-09-21,2022-09-22,965.738,3766.25,25.64,2667.5,336.7,-2330.8,1114.0911,11722.44,19889.55,-,-,-,E,0.21,86.68,[]
EU,eu,eu,2026-04-18 01:07:37,2022-09-22,2022-09-23,968.2078,3766.25,25.71,2766.23,267.3,-2498.9,1114.2075,11746.41,19889.64,-,-,-,E,0.22,86.9,[]
EU,eu,eu,2026-04-18 01:07:37,2022-09-23,2022-09-24,970.8637,3766.25,25.78,2244.35,188.6,-2055.8,1114.2173,11746.36,19889.76,-,-,-,E,0.24,87.13,[]
EU,eu,eu,2026-04-18 01:07:37,2022-09-24,2022-09-25,974.28,3766.25,25.87,3543.28,149.3,-3394.0,1114.219,11746.32,19889.89,-,-,-,E,0.31,87.44,[]
EU,eu,eu,2026-04-18 01:07:37,2022-09-25,2022-09-26,977.8193,3766.25,25.96,3741.03,184.2,-3556.8,1114.219,11746.28,19889.98,-,-,-,E,0.32,87.76,[]
EU,eu,eu,2026-04-18 01:07:37,2022-09-26,2022-09-27,980.3369,3766.25,26.03,2843.77,330.6,-2513.2,1114.219,11746.26,19890.06,-,-,-,E,0.23,87.98,[]
EU,eu,eu,2026-04-18 01:07:37,2022-09-27,2022-09-28,982.523,3766.25,26.09,2641.0,416.5,-2224.5,1114.227,11763.47,19889.93,-,-,-,E,0.2,88.18,[]
EU,eu,eu,2026-04-18 01:07:37,2022-09-28,2022-09-29,984.1002,3766.25,26.13,2648.36,627.0,-2021.4,1114.9572,11763.54,19889.72,-,-,-,E,0.14,88.26,[]
EU,eu,eu,2026-04-18 01:07:37,2022-09-29,2022-09-30,986.1431,3766.25,26.18,2357.24,627.9,-1729.3,1113.8662,11763.77,19889.11,-,-,-,E,0.18,88.53,[]
EU,eu,eu,2026-04-18 01:07:37,2022-09-30,2022-10-01,987.4342,3766.25,26.22,2750.36,354.9,-2395.4,1112.8662,11763.75,19889.17,-,-,-,E,0.12,88.73,[]
EU,eu,eu,2026-04-18 01:07:37,2022-10-01,2022-10-02,991.0759,3766.25,26.31,3444.67,156.7,-3287.9,1112.8678,11713.87,19888.3,-,-,-,E,0.33,89.06,[]
EU,eu,eu,2026-04-18 01:07:37,2022-10-02,2022-10-03,994.9371,3766.25,26.42,3959.76,114.3,-3845.4,1112.8678,11716.92,19893.16,-,-,-,E,0.35,89.4,[]
EU,eu,eu,2026-04-18 01:07:37,2022-10-03,2022-10-04,997.7611,3766.25,26.49,3392.23,593.0,-2799.2,1112.8678,11716.81,19893.47,-,-,-,E,0.25,89.66,[]
EU,eu,eu,2026-04-18 01:07:37,2022-10-04,2022-10-05,1000.1963,3766.25,26.56,3127.8,774.8,-2353.0,1112.8678,11716.67,19893.84,-,-,-,E,0.22,89.88,[]
EU,eu,eu,2026-04-18 01:07:37,2022-10-05,2022-10-06,1002.9346,3766.25,26.63,3450.24,701.6,-2748.6,1112.8678,11716.55,19966.14,-,-,-,E,0.25,90.12,[]
EU,eu,eu,2026-04-18 01:07:37,2022-10-06,2022-10-07,1005.7536,3766.25,26.7,3560.98,757.7,-2803.3,1112.8669,11956.47,19966.34,-,-,-,E,0.25,90.38,[]
EU,eu,eu,2026-04-18 01:07:37,2022-10-07,2022-10-08,1008.5687,3766.25,26.78,3799.03,716.9,-3082.1,1113.8729,11956.41,19966.52,-,-,-,E,0.25,90.55,[]
EU,eu,eu,2026-04-18 01:07:37,2022-10-08,2022-10-09,1012.1288,3766.25,26.87,4121.91,585.6,-3536.3,1113.8731,11956.33,19966.71,-,-,-,E,0.32,90.87,[]
EU,eu,eu,2026-04-18 01:07:37,2022-10-09,2022-10-10,1015.4058,3766.25,26.96,3827.43,587.0,-3240.5,1113.8731,11956.18,19967.12,-,-,-,E,0.29,91.16,[]
EU,eu,eu,2026-04-18 01:07:37,2022-10-10,2022-10-11,1017.8079,3766.25,27.02,3110.75,807.5,-2303.3,1113.8731,11956.03,19967.52,-,-,-,E,0.22,91.38,[]
EU,eu,eu,2026-04-18 01:07:37,2022-10-11,2022-10-12,1019.4402,3766.25,27.07,2695.65,753.7,-1941.9,1113.8731,11955.9,19967.85,-,-,-,E,0.15,91.52,[]
EU,eu,eu,2026-04-18 01:07:37,2022-10-12,2022-10-13,1020.8383,3766.25,27.1,2340.9,904.4,-1436.5,1113.8731,11955.91,19967.84,-,-,-,E,0.13,91.65,[]
EU,eu,eu,2026-04-18 01:07:37,2022-10-13,2022-10-14,1022.187,3766.25,27.14,2436.83,1046.7,-1390.1,1113.9731,11956.01,19967.56,-,-,-,E,0.12,91.76,[]
EU,eu,eu,2026-04-18 01:07:37,2022-10-14,2022-10-15,1024.3546,3766.25,27.2,2883.49,741.0,-2142.5,1114.9731,11956.06,19967.42,-,-,-,E,0.19,91.87,[]
EU,eu,eu,2026-04-18 01:07:37,2022-10-15,2022-10-16,1027.5279,3766.25,27.28,3655.51,531.7,-3123.8,1114.9731,11925.05,20093.46,-,-,-,E,0.28,92.16,[]
EU,eu,eu,2026-04-18 01:07:37,2022-10-16,2022-10-17,1030.6657,3766.25,27.37,3766.58,538.0,-3228.6,1114.9731,11924.89,20093.87,-,-,-,E,0.28,92.44,[]
EU,eu,eu,2026-04-18 01:07:37,2022-10-17,2022-10-18,1033.0195,3766.25,27.43,2983.52,709.0,-2274.5,1114.9731,11924.87,20094.28,-,-,-,E,0.21,92.65,[]
EU,eu,eu,2026-04-18 01:07:37,2022-10-18,2022-10-19,1034.8382,3766.25,27.48,2434.87,676.1,-1758.8,1114.9731,11924.87,20094.29,-,-,-,E,0.16,92.81,[]
EU,eu,eu,2026-04-18 01:07:37,2022-10-19,2022-10-20,1036.3637,3766.25,27.52,2303.35,825.3,-1478.0,1115.0401,11924.9,20094.21,-,-,-,E,0.14,92.94,[]
EU,eu,eu,2026-04-18 01:07:37,2022-10-20,2022-10-21,1037.579,3766.25,27.55,2212.54,997.4,-1215.1,1114.6241,11924.95,20094.07,-,-,-,E,0.11,93.09,[]
EU,eu,eu,2026-04-18 01:07:37,2022-10-21,2022-10-22,1038.9309,3766.25,27.59,2241.51,899.2,-1342.4,1114.6241,11924.93,20094.13,-,-,-,E,0.12,93.21,[]
EU,eu,eu,2026-04-18 01:07:37,2022-10-22,2022-10-23,1041.3192,3766.25,27.65,2913.1,508.1,-2405.0,1114.6241,11924.94,20094.1,-,-,-,E,0.21,93.42,[]
EU,eu,eu,2026-04-18 01:07:37,2022-10-23,2022-10-24,1043.7044,3766.25,27.71,3164.86,471.6,-2693.2,1114.6253,11519.24,19586.68,-,-,-,E,0.21,93.64,[]
EU,eu,eu,2026-04-18 01:07:37,2022-10-24,2022-10-25,1045.8332,3766.25,27.77,2252.46,441.8,-1810.7,1114.6253,11522.2,19590.6,-,-,-,E,0.19,93.83,[]
EU,eu,eu,2026-04-18 01:07:37,2022-10-25,2022-10-26,1047.0659,3766.25,27.8,2018.61,783.8,-1234.8,1115.4253,11522.2,19590.6,-,-,-,E,0.11,93.87,[]
EU,eu,eu,2026-04-18 01:07:37,2022-10-26,2022-10-27,1048.1046,3766.25,27.83,1831.14,821.3,-1009.9,1115.4553,11514.28,19590.6,-,-,-,E,0.09,93.96,[]
EU,eu,eu,2026-04-18 01:07:37,2022-10-27,2022-10-28,1049.6886,3766.25,27.87,2073.71,508.8,-1565.0,1115.4553,11514.28,19590.6,-,-,-,E,0.14,94.1,[]
EU,eu,eu,2026-04-18 01:07:37,2022-10-28,2022-10-29,1051.498,3766.25,27.92,2312.86,444.7,-1868.2,1115.4553,11515.74,19592.71,-,-,-,E,0.16,94.27,[]
EU,eu,eu,2026-04-18 01:07:37,2022-10-29,2022-10-30,1054.058,3766.25,27.99,2773.31,324.4,-2449.0,1116.8795,11633.78,19789.16,-,-,-,E,0.23,94.38,[]
EU,eu,eu,2026-04-18 01:07:37,2022-10-30,2022-10-31,1056.6069,3766.25,28.05,2667.7,264.4,-2403.3,1115.4553,11912.95,20088.81,-,-,-,E,0.23,94.72,[]
EU,eu,eu,2026-04-18 01:07:37,2022-10-31,2022-11-01,1058.2953,3766.25,28.1,2094.19,495.2,-1599.0,1116.4553,11917.03,20094.06,-,-,-,E,0.15,94.79,[]
EU,eu,eu,2026-04-18 01:07:37,2022-11-01,2022-11-02,1060.2462,3766.25,28.15,2235.86,285.8,-1950.1,1116.4633,11851.54,20094.08,-,-,-,E,0.17,94.96,[]
EU,eu,eu,2026-04-18 01:07:37,2022-11-02,2022-11-03,1061.2311,3766.25,28.18,1624.94,526.5,-1098.4,1116.5263,11851.46,20094.3,-,-,-,E,0.09,95.05,[]
EU,eu,eu,2026-04-18 01:07:37,2022-11-03,2022-11-04,1061.4308,3766.25,28.18,1288.9,1067.0,-221.9,1116.5893,11851.44,20094.34,-,-,-,E,0.02,95.06,[]
EU,eu,eu,2026-04-18 01:07:37,2022-11-04,2022-11-05,1062.0635,3766.25,28.2,1399.91,780.6,-619.3,1116.8413,11859.43,20094.15,-,-,-,E,0.06,95.1,[]
EU,eu,eu,2026-04-18 01:07:37,2022-11-05,2022-11-06,1063.3031,3766.25,28.23,1678.33,474.8,-1203.6,1117.8737,11897.98,20102.45,-,-,-,E,0.11,95.12,[]
EU,eu,eu,2026-04-18 01:07:37,2022-11-06,2022-11-07,1064.696,3766.25,28.27,1757.72,398.3,-1359.5,1117.8737,11899.28,20104.38,-,-,-,E,0.12,95.24,[]
EU,eu,eu,2026-04-18 01:07:37,2022-11-07,2022-11-08,1065.2325,3766.25,28.28,1183.36,680.6,-502.7,1117.8997,11874.22,20104.53,-,-,-,E,0.05,95.29,[]
EU,eu,eu,2026-04-18 01:07:37,2022-11-08,2022-11-09,1065.8808,3766.25,28.3,1393.65,748.5,-645.1,1117.9657,11874.22,20104.53,-,-,-,E,0.06,95.34,[]
EU,eu,eu,2026-04-18 01:07:37,2022-11-09,2022-11-10,1066.5893,3766.25,28.32,1284.78,614.1,-670.7,1117.9657,11874.24,20104.49,-,-,-,E,0.06,95.4,[]
EU,eu,eu,2026-04-18 01:07:37,2022-11-10,2022-11-11,1067.2482,3766.25,28.34,1332.88,690.0,-642.9,1118.0267,11879.24,20104.47,-,-,-,E,0.06,95.46,[]
EU,eu,eu,2026-04-18 01:07:37,2022-11-11,2022-11-12,1067.8995,3766.25,28.35,1213.49,583.2,-630.2,1118.0867,11884.28,20104.37,-,-,-,E,0.06,95.51,[]
EU,eu,eu,2026-04-18 01:07:37,2022-11-12,2022-11-13,1068.8525,3766.25,28.38,1449.28,480.1,-969.2,1118.1428,11879.27,20104.4,-,-,-,E,0.09,95.59,[]
EU,eu,eu,2026-04-18 01:07:37,2022-11-13,2022-11-14,1069.9086,3766.25,28.41,1432.78,452.4,-980.4,1118.1428,11879.25,20104.45,-,-,-,E,0.09,95.69,[]
EU,eu,eu,2026-04-18 01:07:37,2022-11-14,2022-11-15,1069.1771,3766.25,28.39,718.74,1464.1,745.3,1118.1758,11879.23,20104.5,-,-,-,E,-0.07,95.62,[]
EU,eu,eu,2026-04-18 01:07:37,2022-11-15,2022-11-16,1067.9428,3766.25,28.36,517.68,1762.8,1245.1,1118.2355,11879.3,20104.33,-,-,-,E,-0.11,95.5,[]
EU,eu,eu,2026-04-18 01:07:37,2022-11-16,2022-11-17,1067.2688,3766.25,28.34,725.86,1258.6,532.7,1118.3055,11879.26,20104.44,-,-,-,E,-0.06,95.44,[]
EU,eu,eu,2026-04-18 01:07:37,2022-11-17,2022-11-18,1066.8778,3766.25,28.33,692.35,1055.6,363.3,1118.5193,11874.26,20104.43,-,-,-,E,-0.03,95.38,[]
EU,eu,eu,2026-04-18 01:07:37,2022-11-18,2022-11-19,1065.6542,3766.25,28.29,407.28,1596.7,1189.4,1118.5193,11874.24,20104.47,-,-,-,E,-0.11,95.27,[]
EU,eu,eu,2026-04-18 01:07:37,2022-11-19,2022-11-20,1064.6139,3766.25,28.27,401.74,1406.7,1005.0,1118.5193,11874.25,20104.44,-,-,-,E,-0.09,95.18,[]
EU,eu,eu,2026-04-18 01:07:37,2022-11-20,2022-11-21,1063.3403,3766.25,28.23,398.76,1614.8,1216.0,1118.5393,11874.27,20104.4,-,-,-,E,-0.11,95.07,[]
EU,eu,eu,2026-04-18 01:07:37,2022-11-21,2022-11-22,1061.0532,3766.25,28.17,351.87,2690.8,2338.9,1118.5393,11634.29,20104.34,-,-,-,E,-0.2,94.86,[]
EU,eu,eu,2026-04-18 01:07:37,2022-11-22,2022-11-23,1058.4577,3766.25,28.1,345.33,2869.5,2524.2,1118.5393,11634.42,20104.01,-,-,-,E,-0.23,94.63,[]
EU,eu,eu,2026-04-18 01:07:37,2022-11-23,2022-11-24,1056.5257,3766.25,28.05,532.56,2419.1,1886.5,1118.9365,11632.92,20101.56,-,-,-,E,-0.17,94.42,[]
EU,eu,eu,2026-04-18 01:07:37,2022-11-24,2022-11-25,1054.5788,3766.25,28.0,282.29,2220.1,1937.8,1119.0297,11634.53,20103.7,-,-,-,E,-0.17,94.24,[]
EU,eu,eu,2026-04-18 01:07:37,2022-11-25,2022-11-26,1052.6613,3766.25,27.95,346.28,2177.7,1831.5,1119.0297,11634.53,20108.71,-,-,-,E,-0.17,94.07,[]
EU,eu,eu,2026-04-18 01:07:37,2022-11-26,2022-11-27,1051.9008,3766.25,27.93,708.51,1385.5,677.0,1119.0297,11634.52,20108.75,-,-,-,E,-0.07,94.0,[]
EU,eu,eu,2026-04-18 01:07:37,2022-11-27,2022-11-28,1051.2784,3766.25,27.91,703.59,1322.1,618.5,1119.0297,11634.41,20109.02,-,-,-,E,-0.06,93.95,[]
EU,eu,eu,2026-04-18 01:07:37,2022-11-28,2022-11-29,1047.93,3766.25,27.82,189.38,3439.0,3249.6,1119.0297,11634.34,20109.22,-,-,-,E,-0.3,93.65,[]
EU,eu,eu,2026-04-18 01:07:37,2022-11-29,2022-11-30,1043.4119,3766.25,27.7,193.53,4501.7,4308.2,1119.0297,11634.35,20109.19,-,-,-,E,-0.4,93.24,[]
EU,eu,eu,2026-04-18 01:07:37,2022-11-30,2022-12-01,1038.8324,3766.25,27.58,281.1,4559.2,4278.1,1119.0297,11634.51,20108.76,-,-,-,E,-0.41,92.83,[]
EU,eu,eu,2026-04-18 01:07:37,2022-12-01,2022-12-02,1033.5197,3766.25,27.44,776.87,5042.4,4265.6,1119.0297,11570.74,20112.33,-,-,-,E,-0.47,92.36,[]
EU,eu,eu,2026-04-18 01:07:37,2022-12-02,2022-12-03,1028.3802,3766.25,27.31,155.66,5145.1,4989.5,1119.0297,11810.86,20112.04,-,-,-,E,-0.46,91.9,[]
EU,eu,eu,2026-04-18 01:07:37,2022-12-03,2022-12-04,1025.075,3766.25,27.22,176.3,3394.3,3218.0,1119.0297,11811.08,20111.45,-,-,-,E,-0.3,91.6,[]
EU,eu,eu,2026-04-18 01:07:37,2022-12-04,2022-12-05,1021.829,3766.25,27.13,267.15,3369.4,3102.3,1119.0297,11811.22,20111.09,-,-,-,E,-0.29,91.31,[]
EU,eu,eu,2026-04-18 01:07:37,2022-12-05,2022-12-06,1017.1151,3766.25,27.01,173.96,4759.8,4585.9,1119.0297,11571.31,20112.85,-,-,-,E,-0.42,90.89,[]
EU,eu,eu,2026-04-18 01:07:37,2022-12-06,2022-12-07,1012.0558,3766.25,26.87,157.24,5128.6,4971.4,1119.0297,11571.5,20112.33,-,-,-,E,-0.45,90.44,[]
EU,eu,eu,2026-04-18 01:07:37,2022-12-07,2022-12-08,1006.6241,3766.25,26.73,201.11,5487.3,5286.2,1119.0297,11571.7,20111.81,-,-,-,E,-0.49,89.96,[]
EU,eu,eu,2026-04-18 01:07:37,2022-12-08,2022-12-09,1000.9526,3766.25,26.58,126.64,5666.0,5539.4,1119.0297,11571.91,20111.26,-,-,-,E,-0.51,89.45,[]
EU,eu,eu,2026-04-18 01:07:37,2022-12-09,2022-12-10,995.5367,3766.25,26.43,183.05,5581.7,5398.7,1119.0297,11572.15,20110.62,-,-,-,E,-0.48,88.96,[]
EU,eu,eu,2026-04-18 01:07:37,2022-12-10,2022-12-11,990.7029,3766.25,26.3,308.68,4974.1,4665.5,1119.0297,11572.37,20110.04,-,-,-,E,-0.43,88.53,[]
EU,eu,eu,2026-04-18 01:07:37,2022-12-11,2022-12-12,985.4662,3766.25,26.17,234.54,5313.1,5078.5,1119.0297,11572.54,20068.79,-,-,-,E,-0.47,88.06,[]
EU,eu,eu,2026-04-18 01:07:37,2022-12-12,2022-12-13,977.6165,3766.25,25.96,84.2,7911.3,7827.1,1119.0297,11572.73,20068.3,-,-,-,E,-0.7,87.36,[]
EU,eu,eu,2026-04-18 01:07:37,2022-12-13,2022-12-14,968.9158,3766.25,25.73,109.5,8581.2,8471.7,1119.0297,11571.36,20137.49,-,-,-,E,-0.78,86.59,[]
EU,eu,eu,2026-04-18 01:07:37,2022-12-14,2022-12-15,961.0664,3766.25,25.52,127.27,8006.3,7879.0,1119.0297,11573.21,20067.01,-,-,-,E,-0.7,85.88,[]
EU,eu,eu,2026-04-18 01:07:37,2022-12-15,2022-12-16,953.5757,3766.25,25.32,106.93,7579.5,7472.6,1119.0297,11573.57,20066.09,-,-,-,E,-0.67,85.21,[]
EU,eu,eu,2026-04-18 01:07:37,2022-12-16,2022-12-17,947.0468,3766.25,25.15,149.31,6511.4,6362.1,1119.0297,11574.16,20064.53,-,-,-,E,-0.58,84.63,[]
EU,eu,eu,2026-04-18 01:07:37,2022-12-17,2022-12-18,942.356,3766.25,25.02,290.52,4940.9,4650.3,1119.0297,11574.68,20063.15,-,-,-,E,-0.42,84.21,[]
EU,eu,eu,2026-04-18 01:07:37,2022-12-18,2022-12-19,938.3461,3766.25,24.91,482.7,4449.7,3967.0,1119.0297,11575.23,20061.71,-,-,-,E,-0.36,83.85,[]
EU,eu,eu,2026-04-18 01:07:37,2022-12-19,2022-12-20,934.2137,3766.25,24.8,481.04,4600.9,4119.9,1119.0297,11570.05,20052.91,-,-,-,E,-0.37,83.48,[]
EU,eu,eu,2026-04-18 01:07:37,2022-12-20,2022-12-21,931.1683,3766.25,24.72,669.42,3680.9,3011.5,1119.0297,11576.16,20059.25,-,-,-,E,-0.27,83.21,[]
EU,eu,eu,2026-04-18 01:07:37,2022-12-21,2022-12-22,929.7734,3766.25,24.69,1488.47,2863.5,1375.1,1119.4095,11567.54,20026.1,-,-,-,E,-0.12,83.06,[]
EU,eu,eu,2026-04-18 01:07:37,2022-12-22,2022-12-23,928.7365,3766.25,24.66,1316.88,2347.9,1031.0,1119.4095,11576.76,20059.65,-,-,-,E,-0.09,82.97,[]
EU,eu,eu,2026-04-18 01:07:37,2022-12-23,2022-12-24,928.3609,3766.25,24.65,1631.65,1963.5,331.9,1119.4095,11815.08,20064.09,-,-,-,E,-0.03,82.93,[]
EU,eu,eu,2026-04-18 01:07:37,2022-12-24,2022-12-25,929.2471,3766.25,24.67,2220.73,1088.1,-1132.6,1119.4095,11815.05,20064.17,-,-,-,E,0.08,83.01,[]
EU,eu,eu,2026-04-18 01:07:37,2022-12-25,2022-12-26,930.615,3766.25,24.71,2288.74,904.9,-1383.8,1119.4095,11814.97,20064.38,-,-,-,E,0.12,83.13,[]
EU,eu,eu,2026-04-18 01:07:37,2022-12-26,2022-12-27,931.7377,3766.25,24.74,2283.5,1141.6,-1141.9,1119.4095,11814.88,20064.63,-,-,-,E,0.1,83.23,[]
EU,eu,eu,2026-04-18 01:07:37,2022-12-27,2022-12-28,931.4395,3766.25,24.73,1618.22,1895.8,277.5,1119.4095,11814.81,20064.82,-,-,-,E,-0.03,83.21,[]
EU,eu,eu,2026-04-18 01:07:37,2022-12-28,2022-12-29,931.4201,3766.25,24.73,1684.62,1665.6,-19.0,1119.4095,11805.77,20032.78,-,-,-,E,-0.0,83.21,[]
EU,eu,eu,2026-04-18 01:07:37,2022-12-29,2022-12-30,931.789,3766.25,24.74,2180.83,1685.5,-495.4,1119.4095,11814.86,20065.69,-,-,-,E,0.03,83.24,[]
EU,eu,eu,2026-04-18 01:07:37,2022-12-30,2022-12-31,932.4036,3766.25,24.76,2027.9,1380.6,-647.3,1119.4095,11781.94,20065.7,-,-,-,E,0.05,83.29,[]
EU,eu,eu,2026-04-18 01:07:37,2022-12-31,2023-01-01,933.4146,3766.25,24.78,2559.79,933.1,-1626.7,1119.4095,11781.92,20065.75,-,-,-,E,0.09,83.38,[]
EU,eu,eu,2026-04-18 01:07:37,2023-01-01,2023-01-02,934.9269,3496.7,26.74,2341.51,767.9,-1573.6,1119.3095,11781.76,20066.18,-,-,-,E,0.0,83.53,[]
EU,eu,eu,2026-04-18 01:07:37,2023-01-02,2023-01-03,934.9074,3496.7,26.74,1521.14,1436.8,-84.3,1119.4212,11782.6,20067.76,-,-,-,E,-0.0,83.52,[]
EU,eu,eu,2026-04-18 01:07:37,2023-01-03,2023-01-04,933.9947,3496.7,26.71,1264.17,2198.3,934.2,1119.4212,11782.56,20067.86,-,-,-,E,-0.08,83.44,[]
EU,eu,eu,2026-04-18 01:07:37,2023-01-04,2023-01-05,933.2785,3496.7,26.69,997.29,1675.3,678.0,1119.4212,11773.57,20035.7,-,-,-,E,-0.06,83.37,[]
EU,eu,eu,2026-04-18 01:07:37,2023-01-05,2023-01-06,931.8386,3496.7,26.65,818.52,2141.7,1323.1,1119.4312,11782.6,20067.76,-,-,-,E,-0.13,83.24,[]
EU,eu,eu,2026-04-18 01:07:37,2023-01-06,2023-01-07,931.2802,3496.7,26.63,1122.45,1643.8,521.4,1119.4312,11782.63,20067.68,-,-,-,E,-0.05,83.19,[]
EU,eu,eu,2026-04-18 01:07:37,2023-01-07,2023-01-08,930.8104,3496.7,26.62,1128.11,1486.5,358.4,1119.4312,11782.62,20067.7,-,-,-,E,-0.04,83.15,[]
EU,eu,eu,2026-04-18 01:07:37,2023-01-08,2023-01-09,930.03,3496.7,26.6,941.39,1687.7,746.3,1119.4312,11782.63,20067.69,-,-,-,E,-0.07,83.08,[]
EU,eu,eu,2026-04-18 01:07:37,2023-01-09,2023-01-10,927.5206,3496.7,26.53,383.85,2888.5,2504.6,1119.4312,11782.63,20067.68,-,-,-,E,-0.22,82.86,[]
EU,eu,eu,2026-04-18 01:07:37,2023-01-10,2023-01-11,924.8934,3496.7,26.45,371.04,3065.1,2694.1,1119.4312,11782.68,20067.55,-,-,-,E,-0.23,82.62,[]
EU,eu,eu,2026-04-18 01:07:37,2023-01-11,2023-01-12,922.3836,3496.7,26.38,445.62,2953.2,2507.5,1119.956,11773.74,20024.76,-,-,-,E,-0.22,82.36,[]
EU,eu,eu,2026-04-18 01:07:37,2023-01-12,2023-01-13,920.0537,3496.7,26.31,448.46,2775.3,2326.8,1119.956,11782.76,20056.84,-,-,-,E,-0.21,82.15,[]
EU,eu,eu,2026-04-18 01:07:37,2023-01-13,2023-01-14,917.3944,3496.7,26.24,401.87,2992.1,2590.3,1119.956,11782.79,20056.75,-,-,-,E,-0.24,81.91,[]
EU,eu,eu,2026-04-18 01:07:37,2023-01-14,2023-01-15,915.3039,3496.7,26.18,623.42,2701.5,2078.1,1119.956,11782.86,20056.58,-,-,-,E,-0.19,81.73,[]
EU,eu,eu,2026-04-18 01:07:37,2023-01-15,2023-01-16,912.98,3496.7,26.11,494.93,2734.7,2239.8,1119.956,11782.89,20056.5,-,-,-,E,-0.21,81.52,[]
EU,eu,eu,2026-04-18 01:07:37,2023-01-16,2023-01-17,908.2565,3496.7,25.97,186.08,4763.6,4577.6,1119.956,11761.92,19981.46,-,-,-,E,-0.42,81.1,[]
EU,eu,eu,2026-04-18 01:07:37,2023-01-17,2023-01-18,902.9038,3496.7,25.82,172.85,5511.3,5338.5,1119.956,11759.11,19970.23,-,-,-,E,-0.48,80.62,[]
EU,eu,eu,2026-04-18 01:07:37,2023-01-18,2023-01-19,897.2544,3496.7,25.66,161.52,5758.1,5596.6,1120.746,11759.39,19969.5,-,-,-,E,-0.5,80.06,[]
EU,eu,eu,2026-04-18 01:07:37,2023-01-19,2023-01-20,890.6133,3496.7,25.47,123.36,6734.2,6610.8,1120.746,11759.7,19968.69,-,-,-,E,-0.59,79.47,[]
EU,eu,eu,2026-04-18 01:07:37,2023-01-20,2023-01-21,883.7173,3496.7,25.27,180.59,7052.1,6871.5,1120.746,11760.03,19967.81,-,-,-,E,-0.62,78.85,[]
EU,eu,eu,2026-04-18 01:07:37,2023-01-21,2023-01-22,877.8163,3496.7,25.1,264.41,6088.5,5824.1,1120.746,11760.07,19937.69,-,-,-,E,-0.53,78.32,[]
EU,eu,eu,2026-04-18 01:07:37,2023-01-22,2023-01-23,871.6349,3496.7,24.93,257.53,6340.3,6082.8,1120.746,11760.37,19936.92,-,-,-,E,-0.55,77.77,[]
EU,eu,eu,2026-04-18 01:07:37,2023-01-23,2023-01-24,863.5858,3496.7,24.7,133.56,8212.0,8078.4,1121.45,11765.83,19941.37,-,-,-,E,-0.72,77.01,[]
EU,eu,eu,2026-04-18 01:07:37,2023-01-24,2023-01-25,855.5187,3496.7,24.47,157.13,8251.2,8094.1,1121.45,11766.17,19940.48,-,-,-,E,-0.72,76.29,[]
EU,eu,eu,2026-04-18 01:07:37,2023-01-25,2023-01-26,847.8995,3496.7,24.25,168.21,7859.2,7691.0,1121.4501,11766.51,19939.59,-,-,-,E,-0.68,75.61,[]
EU,eu,eu,2026-04-18 01:07:37,2023-01-26,2023-01-27,840.6904,3496.7,24.04,178.64,7951.0,7772.4,1121.4501,11766.86,19938.66,-,-,-,E,-0.64,74.96,[]
EU,eu,eu,2026-04-18 01:07:37,2023-01-27,2023-01-28,832.8187,3496.7,23.82,159.86,7977.4,7817.5,1121.4501,11778.2,19977.02,-,-,-,E,-0.7,74.26,[]
EU,eu,eu,2026-04-18 01:07:37,2023-01-28,2023-01-29,826.3134,3496.7,23.63,199.59,6648.9,6449.3,1121.4501,11791.57,20022.45,-,-,-,E,-0.58,73.68,[]
EU,eu,eu,2026-04-18 01:07:37,2023-01-29,2023-01-30,820.4145,3496.7,23.46,255.43,5939.1,5683.6,1121.4501,11791.98,20021.38,-,-,-,E,-0.53,73.16,[]
EU,eu,eu,2026-04-18 01:07:37,2023-01-30,2023-01-31,813.9426,3496.7,23.28,118.89,6576.8,6457.9,1121.4501,11792.29,20020.57,-,-,-,E,-0.58,72.58,[]
EU,eu,eu,2024-10-01 13:40:10,2023-01-31,2023-02-01,810.1706,3496.7,23.17,193.58,6162.9,5969.3,1123.7501,11812.3,20093.65,-,-,-,E,-0.34,72.1,[]
EU,eu,eu,2024-10-01 13:50:52,2023-02-01,2023-02-02,804.8713,3496.7,23.02,215.59,5393.5,5177.9,1123.7501,11803.4,20023.59,-,-,-,E,-0.47,71.62,[]
EU,eu,eu,2024-10-01 14:09:00,2023-02-02,2023-02-03,799.7828,3496.7,22.87,238.62,5329.4,5090.8,1123.7501,11813.04,20055.09,-,-,-,E,-0.45,71.17,[]
EU,eu,eu,2024-10-01 13:33:07,2023-02-03,2023-02-04,795.4704,3496.7,22.75,233.03,4431.9,4198.9,1123.7501,11813.44,20057.06,-,-,-,E,-0.38,70.79,[]
EU,eu,eu,2024-10-01 13:37:06,2023-02-04,2023-02-05,791.983,3496.7,22.65,357.98,3802.6,3444.6,1123.7501,11813.74,20132.36,-,-,-,E,-0.31,70.48,[]
EU,eu,eu,2024-10-01 14:13:26,2023-02-05,2023-02-06,787.1428,3496.7,22.51,322.18,4158.2,3836.0,1121.7507,11759.96,20039.28,-,-,-,C,-0.43,70.17,[]
EU,eu,eu,2024-10-01 14:10:27,2023-02-06,2023-02-07,781.1436,3496.7,22.34,121.58,7202.0,7080.4,1123.7501,11814.14,20133.3,-,-,-,C,-0.53,69.51,[]
EU,eu,eu,2024-10-01 14:19:54,2023-02-07,2023-02-08,773.8454,3496.7,22.13,172.99,7586.4,7413.4,1123.7501,11814.5,20132.36,-,-,-,C,-0.65,68.86,[]
EU,eu,eu,2024-10-01 13:34:23,2023-02-08,2023-02-09,766.4737,3496.7,21.92,144.63,7497.2,7352.6,1123.7501,11805.88,20099.22,-,-,-,C,-0.66,68.21,[]
EU,eu,eu,2024-10-01 14:08:03,2023-02-09,2023-02-10,758.8946,3496.7,21.7,163.9,7704.7,7540.9,1123.7501,11815.26,20130.34,-,-,-,C,-0.67,67.53,[]
EU,eu,eu,2024-10-01 13:40:27,2023-02-10,2023-02-11,752.3464,3496.7,21.52,205.2,6750.0,6544.8,1123.7501,11815.61,20129.42,-,-,-,C,-0.58,66.95,[]
EU,eu,eu,2024-10-01 13:36:06,2023-02-11,2023-02-12,747.5334,3496.7,21.38,189.46,4970.4,4780.9,1123.7501,11815.96,20120.51,-,-,-,C,-0.43,66.52,[]
EU,eu,eu,2024-10-01 13:39:41,2023-02-12,2023-02-13,743.4935,3496.7,21.26,292.52,4162.3,3869.7,1123.7501,11816.33,20119.54,-,-,-,C,-0.36,66.16,[]
EU,eu,eu,2024-10-01 14:02:46,2023-02-13,2023-02-14,738.3865,3496.7,21.12,204.2,5300.5,5096.3,1123.7501,11816.64,20118.7,-,-,-,C,-0.45,65.71,[]
EU,eu,eu,2024-10-01 13:36:47,2023-02-14,2023-02-15,733.4188,3496.7,20.97,118.01,5072.6,4954.6,1123.7501,11817.13,20117.43,-,-,-,C,-0.44,65.27,[]
EU,eu,eu,2024-10-01 14:01:13,2023-02-15,2023-02-16,728.7353,3496.7,20.84,147.48,4785.5,4638.0,1123.7501,11808.66,20083.88,-,-,-,C,-0.42,64.85,[]
EU,eu,eu,2024-10-01 14:15:36,2023-02-16,2023-02-17,724.8763,3496.7,20.73,229.08,3995.4,3766.3,1123.7501,11817.72,20115.85,-,-,-,C,-0.34,64.51,[]
EU,eu,eu,2024-10-01 14:07:33,2023-02-17,2023-02-18,722.0692,3496.7,20.65,609.96,3346.7,2736.7,1123.7501,11817.84,20115.55,-,-,-,C,-0.25,64.26,[]
EU,eu,eu,2024-10-01 14:06:39,2023-02-18,2023-02-19,720.8646,3496.7,20.62,1160.67,2267.3,1106.7,1123.7501,11817.75,20115.78,-,-,-,C,-0.11,64.15,[]
EU,eu,eu,2024-10-01 13:41:26,2023-02-19,2023-02-20,719.4409,3496.7,20.57,888.15,2241.1,1353.0,1123.7501,11817.64,20116.08,-,-,-,C,-0.13,64.02,[]
EU,eu,eu,2024-10-01 14:06:51,2023-02-20,2023-02-21,716.7556,3496.7,20.5,541.25,3244.5,2703.3,1123.7501,11817.6,20116.19,-,-,-,C,-0.24,63.78,[]
EU,eu,eu,2024-10-01 14:37:15,2023-02-21,2023-02-22,713.3503,3496.7,20.4,415.09,3796.0,3380.9,1123.7501,11817.56,20092.08,-,-,-,C,-0.3,63.48,[]
EU,eu,eu,2024-10-01 14:13:39,2023-02-22,2023-02-23,710.0861,3496.7,20.31,364.24,3619.3,3255.1,1123.7501,11808.6,20059.85,-,-,-,C,-0.29,63.19,[]
EU,eu,eu,2024-10-01 13:48:49,2023-02-23,2023-02-24,707.0077,3496.7,20.22,443.54,3504.7,3061.2,1123.7502,11817.88,20091.24,-,-,-,E,-0.27,62.92,[]
EU,eu,eu,2024-10-01 14:03:09,2023-02-24,2023-02-25,703.9285,3496.7,20.13,451.46,3529.1,3077.7,1123.7502,11818.13,20090.61,-,-,-,C,-0.27,62.64,[]
EU,eu,eu,2024-10-01 14:11:10,2023-02-25,2023-02-26,701.2036,3496.7,20.05,471.56,2965.2,2493.6,1123.7502,11816.77,20087.77,-,-,-,C,-0.24,62.4,[]
EU,eu,eu,2024-10-01 13:33:38,2023-02-26,2023-02-27,698.504,3496.7,19.98,352.45,3569.2,3216.8,1123.7502,11818.79,20088.86,-,-,-,C,-0.24,62.16,[]
EU,eu,eu,2024-10-01 14:35:20,2023-02-27,2023-02-28,692.215,3496.7,19.8,165.34,6209.2,6043.9,1124.7179,11825.14,20103.1,1088.0589,23.8866,-,C,-0.56,61.55,[]
EU,eu,eu,2024-10-01 14:05:08,2023-02-28,2023-03-01,686.3222,3496.7,19.63,214.28,6098.5,5884.2,1124.6164,11819.85,20093.52,1088.6941,23.2624,-,E,-0.52,61.03,[]
EU,eu,eu,2024-10-01 14:03:28,2023-03-01,2023-03-02,681.5597,3496.7,19.49,160.64,5897.6,5737.0,1124.7179,11813.38,20039.2,1078.2028,34.3617,-,C,-0.42,60.6,[]
EU,eu,eu,2024-10-01 14:11:28,2023-03-02,2023-03-03,676.2093,3496.7,19.34,161.12,5408.9,5247.8,1124.7171,11827.55,20075.71,1078.2021,34.5169,-,C,-0.48,60.12,[]
EU,eu,eu,2024-10-01 13:38:57,2023-03-03,2023-03-04,671.2202,3496.7,19.2,241.29,5302.9,5061.6,1124.7179,11828.11,20074.41,1078.202,34.7667,-,E,-0.44,59.68,[]
EU,eu,eu,2024-10-01 14:03:54,2023-03-04,2023-03-05,668.9794,3496.7,19.13,243.54,3620.8,3377.2,1124.7179,11828.5,20073.38,1078.2317,35.0024,-,C,-0.2,59.48,[]
EU,eu,eu,2024-10-01 13:48:37,2023-03-05,2023-03-06,662.7734,3496.7,18.95,166.86,3999.2,3832.3,1124.7179,11828.69,20072.88,1074.6366,38.858,-,C,-0.55,58.93,[]
EU,eu,eu,2024-10-01 13:35:46,2023-03-06,2023-03-07,658.1859,3496.7,18.82,92.93,5936.4,5843.4,1124.7179,11828.94,20072.22,1078.8699,35.5074,-,C,-0.41,58.52,[]
EU,eu,eu,2024-10-01 14:10:50,2023-03-07,2023-03-08,652.4524,3496.7,18.66,102.66,5821.1,5718.4,1124.7179,11829.4,20071.01,1091.3143,24.4837,-,C,-0.51,58.01,[]
EU,eu,eu,2024-10-01 13:33:27,2023-03-08,2023-03-09,646.8191,3496.7,18.5,138.31,5798.7,5660.4,1124.7179,11820.91,20037.52,1091.3162,24.6827,-,C,-0.5,57.51,[]
EU,eu,eu,2024-10-01 13:42:58,2023-03-09,2023-03-10,642.6249,3496.7,18.38,268.13,4358.3,4090.2,1124.7179,11830.49,20068.13,1091.3163,24.8411,-,C,-0.37,57.14,[]
EU,eu,eu,2024-10-01 13:43:44,2023-03-10,2023-03-11,639.3208,3496.7,18.28,230.87,3454.3,3223.5,1124.7179,11830.91,20105.21,1091.3222,25.0965,-,C,-0.29,56.84,[]
EU,eu,eu,2024-10-01 14:04:25,2023-03-11,2023-03-12,636.7109,3496.7,18.21,238.21,2779.2,2541.0,1124.7179,11830.99,20086.81,1090.6333,25.9659,-,C,-0.23,56.61,[]
EU,eu,eu,2024-10-01 13:42:20,2023-03-12,2023-03-13,635.0198,3496.7,18.16,521.2,2132.1,1610.9,1124.7179,11831.07,20086.59,1090.64,26.0748,-,C,-0.15,56.46,[]
EU,eu,eu,2024-10-01 13:39:53,2023-03-13,2023-03-14,633.9407,3496.7,18.13,850.52,1903.0,1052.5,1124.7179,11831.06,20086.62,1090.6399,26.1028,-,C,-0.1,56.36,[]
EU,eu,eu,2024-10-01 14:00:16,2023-03-14,2023-03-15,632.0824,3496.7,18.08,364.8,2177.1,1812.3,1124.7179,11830.79,20087.33,1090.8731,25.9317,-,C,-0.17,56.2,[]
EU,eu,eu,2024-10-01 13:33:49,2023-03-15,2023-03-16,629.1877,3496.7,17.99,322.26,3217.6,2895.3,1124.7179,11809.79,20012.36,1091.0745,26.1253,-,C,-0.26,55.94,[]
EU,eu,eu,2024-10-01 13:34:33,2023-03-16,2023-03-17,626.956,3496.7,17.93,398.83,2615.8,2217.0,1124.7179,11817.81,20040.88,1091.0742,26.3754,-,C,-0.2,55.74,[]
EU,eu,eu,2024-10-01 14:07:48,2023-03-17,2023-03-18,625.9414,3496.7,17.9,794.56,1803.3,1008.8,1124.7179,11830.82,20087.25,1091.0903,26.3771,-,C,-0.09,55.65,[]
EU,eu,eu,2024-10-01 13:44:00,2023-03-18,2023-03-19,626.5062,3496.7,17.92,1492.64,1030.8,-461.9,1124.7179,11830.73,20087.5,1091.307,26.1872,-,C,0.05,55.7,[]
EU,eu,eu,2024-10-01 13:41:39,2023-03-19,2023-03-20,626.8036,3496.7,17.93,1315.48,1020.6,-294.9,1124.7179,11830.52,20088.05,1091.3198,26.171,-,C,0.03,55.73,[]
EU,eu,eu,2024-10-01 13:42:34,2023-03-20,2023-03-21,625.445,3496.7,17.89,481.17,1760.5,1279.3,1124.7179,11830.37,20088.45,1091.657,25.9392,-,C,-0.12,55.61,[]
EU,eu,eu,2024-10-01 14:34:10,2023-03-21,2023-03-22,624.9643,3496.7,17.87,796.41,1277.0,480.6,1124.7179,11830.28,20069.19,1091.6559,26.1486,-,C,-0.04,55.57,[]
EU,eu,eu,2024-10-01 14:07:18,2023-03-22,2023-03-23,625.2916,3496.7,17.88,1438.86,1169.8,-269.1,1124.7179,11809.22,19994.38,1091.636,26.2689,-,C,0.03,55.6,[]
EU,eu,eu,2024-10-01 14:04:08,2023-03-23,2023-03-24,626.0067,3496.7,17.9,1650.36,1059.6,-590.8,1124.7179,11817.11,20023.23,1092.2008,25.7721,-,C,0.06,55.66,[]
EU,eu,eu,2024-10-01 14:03:42,2023-03-24,2023-03-25,627.5113,3496.7,17.95,2092.05,764.7,-1327.4,1124.7179,11828.52,20067.88,1092.2174,25.7879,-,C,0.13,55.79,[]
EU,eu,eu,2024-10-01 14:31:30,2023-03-25,2023-03-26,628.9689,3496.7,17.99,2094.14,646.8,-1447.4,1123.2643,11706.43,19868.26,1090.8101,25.648,-,E,0.13,55.99,[]
EU,eu,eu,2024-10-01 14:09:37,2023-03-26,2023-03-27,629.8029,3496.7,18.01,1615.73,813.0,-802.8,1124.7179,11825.78,20066.06,1092.3231,25.7733,-,E,0.07,56.0,[]
EU,eu,eu,2024-10-01 13:41:52,2023-03-27,2023-03-28,628.2532,3496.7,17.97,603.86,2095.1,1491.3,1124.7179,11828.89,20070.7,1092.7528,25.3333,-,E,-0.14,55.86,[]
EU,eu,eu,2024-10-01 13:40:52,2023-03-28,2023-03-29,625.8618,3496.7,17.9,456.6,2772.0,2315.4,1124.6164,11823.2,20062.18,1092.7582,25.3137,-,C,-0.21,55.65,[]
EU,eu,eu,2024-10-01 13:38:41,2023-03-29,2023-03-30,625.012,3496.7,17.87,668.99,1603.6,934.6,1124.7179,11831.05,20037.65,1092.7629,25.3998,-,C,-0.08,55.57,[]
EU,eu,eu,2024-10-01 13:41:03,2023-03-30,2023-03-31,625.4537,3496.7,17.89,1422.59,963.4,-459.2,1124.7179,11840.03,20069.86,1092.7475,25.312,-,C,0.04,55.61,[]
EU,eu,eu,2024-10-01 14:09:59,2023-03-31,2023-04-01,627.8241,3496.7,17.95,1502.49,1134.3,-368.2,1125.2066,11840.73,20071.9,1095.9469,22.4083,-,C,0.21,55.8,[]
EU,eu,eu,2024-10-01 14:33:46,2023-04-01,2023-04-02,627.9931,3496.7,17.96,2108.76,436.8,-1671.9,1124.9783,11890.1,20077.58,972.1512,133.5021,-,E,0.02,55.82,[]
EU,eu,eu,2024-10-01 14:12:53,2023-04-02,2023-04-03,628.5865,3496.7,17.98,1323.88,784.1,-539.8,1124.8219,11888.75,20075.84,996.2515,109.2949,-,E,0.05,55.88,[]
EU,eu,eu,2024-10-01 14:07:03,2023-04-03,2023-04-04,627.7306,3496.7,17.95,777.96,1565.1,787.1,1124.7109,11906.66,20051.07,1004.9475,100.4661,-,E,-0.08,55.81,[]
EU,eu,eu,2024-10-01 13:48:20,2023-04-04,2023-04-05,626.3315,3496.7,17.91,728.14,2179.9,1451.7,1124.7109,11906.66,20051.07,1015.142,96.2729,-,C,-0.12,55.69,[]
EU,eu,eu,2024-10-01 14:31:45,2023-04-05,2023-04-06,624.9899,3496.7,17.87,784.89,2083.7,1298.8,1124.8579,11899.35,20051.82,1013.2889,98.1508,-,C,-0.12,55.56,[]
EU,eu,eu,2024-10-01 13:43:28,2023-04-06,2023-04-07,624.1149,3496.7,17.85,691.75,1548.5,856.8,1124.8579,11908.37,20083.9,1050.1852,59.4084,-,C,-0.08,55.48,[]
EU,eu,eu,2024-10-01 12:08:57,2023-04-07,2023-04-08,624.3902,3496.7,17.86,1326.89,1036.1,-290.8,1126.8579,11908.37,20083.89,1104.9666,2.249,-,C,0.02,55.41,[]
EU,eu,eu,2024-10-01 13:48:02,2023-04-08,2023-04-09,625.6381,3496.7,17.89,1947.51,667.4,-1280.1,1126.8579,11908.31,20084.04,1092.6662,14.4161,-,C,0.11,55.52,[]
EU,eu,eu,2024-10-01 14:06:12,2023-04-09,2023-04-10,627.7175,3496.7,17.95,2504.71,397.6,-2107.1,1126.8579,11908.26,20084.19,1061.0596,45.8893,-,C,0.18,55.71,[]
EU,eu,eu,2024-10-01 14:00:47,2023-04-10,2023-04-11,630.0833,3496.7,18.02,2686.1,311.2,-2374.9,1126.8579,11908.18,20084.38,1064.7417,42.0737,-,C,0.21,55.92,[]
EU,eu,eu,2024-10-01 13:35:31,2023-04-11,2023-04-12,631.6249,3496.7,18.06,1946.16,419.0,-1527.1,1126.8579,11908.11,19992.08,1064.7421,41.9467,-,C,0.14,56.05,[]
EU,eu,eu,2024-10-01 14:14:00,2023-04-12,2023-04-13,632.5212,3496.7,18.09,1713.4,798.3,-915.1,1126.8579,11901.49,19964.36,1064.744,46.2844,-,C,0.08,56.13,[]
EU,eu,eu,2024-10-01 12:07:02,2023-04-13,2023-04-14,633.3855,3496.7,18.11,1321.6,1375.7,54.1,1126.8579,11910.4,19996.72,1064.724,46.3381,-,C,0.08,56.21,[]
EU,eu,eu,2024-10-01 13:39:13,2023-04-14,2023-04-15,633.39,3496.7,18.11,1625.79,695.9,-929.9,1126.8579,11910.49,19996.5,1065.4351,46.3034,-,C,0.0,56.21,[]
EU,eu,eu,2024-10-01 14:34:51,2023-04-15,2023-04-16,635.2792,3496.7,18.17,2268.97,369.8,-1899.2,1127.9585,11910.44,19996.61,1066.7162,45.9494,-,E,0.17,56.32,[]
EU,eu,eu,2024-10-01 14:04:51,2023-04-16,2023-04-17,637.6789,3496.7,18.24,2561.91,376.8,-2185.1,1127.9585,11910.33,19996.9,1067.9434,44.5894,-,C,0.21,56.53,[]
EU,eu,eu,2024-10-01 13:49:12,2023-04-17,2023-04-18,638.9929,3496.7,18.27,1906.99,593.3,-1313.7,1127.9585,11910.26,19997.1,1067.9833,44.4473,-,C,0.12,56.65,[]
EU,eu,eu,2024-10-01 12:10:47,2023-04-18,2023-04-19,640.523,3496.7,18.32,2017.56,484.3,-1533.2,1127.9585,11910.22,19997.21,1067.9833,44.4474,-,C,0.14,56.79,[]
EU,eu,eu,2024-10-01 12:05:40,2023-04-19,2023-04-20,642.4117,3496.7,18.37,2713.66,587.2,-2126.4,1127.9585,11901.17,19965.21,1067.9833,44.4798,-,C,0.17,56.95,[]
EU,eu,eu,2024-10-01 14:31:17,2023-04-20,2023-04-21,644.093,3496.7,18.42,2309.2,624.8,-1684.4,1127.9585,11910.07,19997.58,1067.9832,44.4801,-,C,0.15,57.1,[]
EU,eu,eu,2024-10-01 14:37:02,2023-04-21,2023-04-22,646.4475,3496.7,18.49,2639.3,286.0,-2353.3,1129.0285,11910.04,20022.18,1067.9859,44.3377,-,C,0.21,57.26,[]
EU,eu,eu,2024-10-01 13:41:16,2023-04-22,2023-04-23,650.1344,3496.7,18.59,3870.72,171.5,-3699.2,1129.0285,11909.96,20022.38,1067.7411,44.4976,-,C,0.33,57.58,[]
EU,eu,eu,2024-10-01 14:37:57,2023-04-23,2023-04-24,654.1633,3496.7,18.71,4182.11,154.3,-4027.8,1129.0285,11909.86,20022.66,1067.7384,44.4095,-,C,0.36,57.94,[]
EU,eu,eu,2024-10-01 13:39:27,2023-04-24,2023-04-25,657.3483,3496.7,18.8,3456.62,271.4,-3185.2,1129.0285,11909.74,20022.97,1067.7384,44.3927,-,C,0.28,58.22,[]
EU,eu,eu,2024-10-01 14:35:05,2023-04-25,2023-04-26,659.8699,3496.7,18.87,3005.08,632.2,-2372.9,1129.0285,11909.66,20023.19,1067.7392,44.5553,-,C,0.22,58.45,[]
EU,eu,eu,2024-10-01 14:05:48,2023-04-26,2023-04-27,660.9714,3496.7,18.9,2044.93,948.9,-1096.0,1129.0285,11900.49,19991.5,1067.744,44.6722,-,C,0.1,58.54,[]
EU,eu,eu,2024-10-01 14:15:50,2023-04-27,2023-04-28,662.9205,3496.7,18.96,2413.21,479.8,-1933.5,1129.0285,11909.46,20023.7,1067.8233,44.5036,-,C,0.17,58.72,[]
EU,eu,eu,2024-10-01 14:34:40,2023-04-28,2023-04-29,665.5249,3496.7,19.03,3041.57,388.5,-2653.0,1129.0285,11910.38,20021.29,1067.8315,44.4498,-,C,0.23,58.95,[]
EU,eu,eu,2024-10-01 14:12:20,2023-04-29,2023-04-30,669.4202,3496.7,19.14,4090.07,189.2,-3900.9,1129.0285,11910.27,20021.57,1067.9274,44.2612,-,C,0.35,59.29,[]
EU,eu,eu,2026-04-18 04:28:04,2023-04-30,2023-05-01,673.7924,3496.7,19.27,4439.94,107.6,-4332.3,1128.0458,11913.08,20022.8,1067.9334,44.1154,-,E,0.39,59.73,[]
EU,eu,eu,2024-10-15 14:17:28,2023-05-01,2023-05-02,677.85,3496.7,19.39,4221.14,185.5,-4035.6,1128.7318,11997.46,19955.89,1062.1574,49.3224,-,C,0.36,60.05,[]
EU,eu,eu,2024-10-15 14:17:01,2023-05-02,2023-05-03,680.3856,3496.7,19.46,3011.0,482.4,-2528.6,1128.8818,12002.48,19956.61,1062.1543,49.403,-,E,0.22,60.27,[]
EU,eu,eu,2024-10-15 14:17:15,2023-05-03,2023-05-04,682.9928,3496.7,19.53,2959.29,340.1,-2619.2,1128.8818,11992.36,19924.23,1062.1603,49.2669,-,E,0.23,60.5,[]
EU,eu,eu,2024-10-15 14:17:42,2023-05-04,2023-05-05,685.3646,3496.7,19.6,3474.88,1101.5,-2373.4,1129.1618,12001.97,19957.69,1062.4547,49.1133,-,C,0.21,60.7,[]
EU,eu,eu,2024-10-15 14:17:58,2023-05-05,2023-05-06,688.766,3496.7,19.7,3653.92,254.3,-3399.7,1129.1618,12001.97,19957.68,1177.1516,-65.7228,-,C,0.3,61.0,[]
EU,eu,eu,2024-10-15 14:18:14,2023-05-06,2023-05-07,692.7355,3496.7,19.81,4149.65,155.7,-3993.9,1129.1618,12001.7,19958.41,1177.1273,-65.8377,-,C,0.35,61.35,[]
EU,eu,eu,2024-10-15 14:18:31,2023-05-07,2023-05-08,696.8523,3496.7,19.93,4286.34,171.4,-4115.0,1129.1618,12001.4,19959.19,1177.1306,-65.9802,-,C,0.36,61.71,[]
EU,eu,eu,2024-10-15 14:18:49,2023-05-08,2023-05-09,700.0501,3496.7,20.02,3478.0,309.4,-3168.6,1129.1618,12001.07,19960.08,1177.1366,-66.1254,-,E,0.28,62.0,[]
EU,eu,eu,2024-10-15 14:19:02,2023-05-09,2023-05-10,702.4646,3496.7,20.09,2678.52,335.7,-2342.8,1129.1151,12000.78,19960.84,1062.4236,48.4017,-,C,0.21,62.21,[]
EU,eu,eu,2024-10-15 14:19:19,2023-05-10,2023-05-11,704.8702,3496.7,20.16,2632.26,313.3,-2318.9,1129.1151,11991.59,19569.22,1066.0829,44.6043,-,C,0.21,62.43,[]
EU,eu,eu,2024-10-15 14:20:00,2023-05-11,2023-05-12,707.3034,3496.7,20.23,2720.93,365.6,-2355.3,1129.1151,12000.41,19601.81,1066.082,44.4649,-,C,0.22,62.64,[]
EU,eu,eu,2024-10-15 14:19:33,2023-05-12,2023-05-13,710.2775,3496.7,20.31,3371.44,306.1,-3065.4,1129.1151,12000.93,19600.44,1180.7531,-70.3466,-,C,0.26,62.91,[]
EU,eu,eu,2024-10-15 14:20:19,2023-05-13,2023-05-14,714.7887,3496.7,20.44,4531.27,113.4,-4417.9,1129.1151,11960.57,19601.38,1180.8845,-70.6184,-,C,0.4,63.31,[]
EU,eu,eu,2024-10-15 14:19:46,2023-05-14,2023-05-15,719.2941,3496.7,20.57,4482.98,73.0,-4410.0,1129.0942,11960.12,19602.58,1066.1935,43.9114,-,C,0.4,63.71,[]
EU,eu,eu,2024-10-15 14:20:51,2023-05-15,2023-05-16,722.504,3496.7,20.66,3305.36,150.3,-3155.0,1130.6387,11977.24,19947.83,1067.9385,43.5704,-,C,0.28,63.9,[]
EU,eu,eu,2024-10-15 14:20:35,2023-05-16,2023-05-17,725.5067,3496.7,20.75,2955.08,287.1,-2668.0,1129.1157,11959.19,19964.6,1066.1629,43.6826,-,C,0.27,64.25,[]
EU,eu,eu,2024-10-15 14:21:32,2023-05-17,2023-05-18,728.5457,3496.7,20.84,3370.01,431.8,-2938.2,1129.0713,11949.92,19934.99,1066.2889,43.3718,-,C,0.27,64.53,[]
EU,eu,eu,2024-10-15 14:21:07,2023-05-18,2023-05-19,731.8914,3496.7,20.93,3449.63,115.7,-3333.9,1129.0713,11958.73,19967.61,1066.8112,42.7093,-,C,0.3,64.82,[]
EU,eu,eu,2024-10-15 14:21:21,2023-05-19,2023-05-20,735.52,3496.7,21.03,3676.82,131.5,-3545.4,1130.8316,11998.51,19968.18,1066.855,42.5255,-,C,0.32,65.04,[]
EU,eu,eu,2024-10-15 14:21:45,2023-05-20,2023-05-21,740.2532,3496.7,21.17,4676.39,72.9,-4603.5,1130.8316,11998.08,19969.33,1066.9848,42.2559,-,C,0.42,65.46,[]
EU,eu,eu,2024-10-15 14:21:56,2023-05-21,2023-05-22,745.1257,3496.7,21.31,4808.08,56.3,-4751.8,1130.8316,11997.6,19970.59,1066.9848,42.1162,-,C,0.43,65.89,[]
EU,eu,eu,2024-10-15 14:22:07,2023-05-22,2023-05-23,748.1494,3496.7,21.4,3133.01,244.1,-2888.9,1130.8316,11957.13,19971.84,1066.9818,41.9794,-,C,0.27,66.16,[]
EU,eu,eu,2024-10-15 14:22:31,2023-05-23,2023-05-24,751.0923,3496.7,21.48,3192.14,356.9,-2835.2,1130.8316,11956.7,19972.98,1066.8536,41.9684,-,C,0.26,66.42,[]
EU,eu,eu,2024-10-15 14:22:20,2023-05-24,2023-05-25,753.64,3496.7,21.55,2896.36,446.2,-2450.1,1130.8316,11947.41,19941.61,1066.8978,41.7848,-,C,0.23,66.64,[]
EU,eu,eu,2024-10-15 14:22:42,2023-05-25,2023-05-26,756.4485,3496.7,21.63,2988.19,365.8,-2622.4,1130.8316,11956.25,19974.16,1067.1102,41.4332,-,C,0.25,66.89,[]
EU,eu,eu,2024-10-15 14:22:52,2023-05-26,2023-05-27,760.0434,3496.7,21.74,3716.2,219.2,-3497.0,1130.8316,11956.22,19974.25,1067.152,41.2523,-,C,0.32,67.21,[]
EU,eu,eu,2024-10-15 14:23:27,2023-05-27,2023-05-28,764.5046,3496.7,21.86,4235.15,125.3,-4109.8,1130.8316,11955.92,19975.03,1077.8116,36.5177,-,C,0.39,67.61,[]
EU,eu,eu,2024-10-15 14:23:15,2023-05-28,2023-05-29,768.7084,3496.7,21.98,4463.54,113.0,-4350.6,1130.8316,11955.53,19976.06,1067.3757,40.7512,-,C,0.37,67.98,[]
EU,eu,eu,2024-10-15 14:23:57,2023-05-29,2023-05-30,772.3597,3496.7,22.09,3875.29,216.6,-3658.7,1130.8316,11955.2,19976.92,1068.4757,40.5143,-,E,0.32,68.3,[]
EU,eu,eu,2024-10-15 14:23:05,2023-05-30,2023-05-31,775.347,3496.7,22.17,3061.07,393.8,-2667.3,1130.8316,11951.93,19973.78,1068.5725,40.3352,-,C,0.26,68.56,[]
EU,eu,eu,2024-10-15 14:23:41,2023-05-31,2023-06-01,777.8543,3496.7,22.25,3027.6,404.1,-2623.5,1130.1434,11945.4,19945.46,1068.8762,40.3288,-,C,0.22,68.83,[]
EU,eu,eu,2026-04-18 04:29:57,2023-06-01,2023-06-02,780.5664,3496.7,22.32,3115.13,480.4,-2634.7,1130.358,11956.12,19979.99,1070.0867,38.82,-,E,0.24,69.05,[]
EU,eu,eu,2024-10-15 14:24:56,2023-06-02,2023-06-03,784.0648,3496.7,22.42,3401.02,181.9,-3219.1,1129.2682,11956.57,19980.55,1069.1214,36.1557,-,C,0.31,69.43,[]
EU,eu,eu,2024-10-15 14:24:34,2023-06-03,2023-06-04,787.9565,3496.7,22.53,3885.61,82.5,-3803.1,1129.2682,11957.53,19981.04,1069.2835,35.6496,-,C,0.34,69.78,[]
EU,eu,eu,2024-10-15 14:25:20,2023-06-04,2023-06-05,791.9009,3496.7,22.65,3941.58,106.3,-3835.2,1129.2682,11957.3,19981.64,1069.2855,35.3036,-,C,0.35,70.13,[]
EU,eu,eu,2024-10-15 14:25:40,2023-06-05,2023-06-06,794.5259,3496.7,22.72,2855.61,322.8,-2532.8,1129.2884,11926.13,19842.41,1072.802,31.4662,-,C,0.23,70.36,[]
EU,eu,eu,2024-10-15 14:26:11,2023-06-06,2023-06-07,796.8271,3496.7,22.79,2576.09,374.4,-2201.7,1129.2884,11926.03,19849.79,1072.8452,31.081,-,C,0.2,70.56,[]
EU,eu,eu,2024-10-15 14:26:58,2023-06-07,2023-06-08,799.0241,3496.7,22.85,2355.12,224.1,-2131.0,1129.2884,11916.07,19820.19,1072.9404,30.6756,-,C,0.19,70.75,[]
EU,eu,eu,2024-10-15 14:26:40,2023-06-08,2023-06-09,801.9967,3496.7,22.94,3048.15,163.5,-2884.7,1129.2884,11925.0,19852.5,1072.9882,30.2646,-,C,0.26,71.02,[]
EU,eu,eu,2024-10-15 14:25:55,2023-06-09,2023-06-10,805.4832,3496.7,23.04,3582.35,197.1,-3385.2,1129.2884,11935.21,19865.65,1073.0331,29.8566,-,C,0.31,71.33,[]
EU,eu,eu,2024-10-15 14:26:26,2023-06-10,2023-06-11,809.6492,3496.7,23.15,4254.89,121.7,-4133.2,1129.2884,11939.32,19866.33,1073.0537,29.6035,-,C,0.37,71.7,[]
EU,eu,eu,2024-10-15 14:27:16,2023-06-11,2023-06-12,813.9668,3496.7,23.28,4319.46,99.4,-4220.0,1129.2884,11938.92,19867.38,1073.0557,29.3912,-,C,0.38,72.08,[]
EU,eu,eu,2024-10-15 14:27:30,2023-06-12,2023-06-13,817.2673,3496.7,23.37,3405.14,250.6,-3154.5,1129.2884,11938.52,19868.44,1073.0577,29.0617,-,C,0.29,72.37,[]
EU,eu,eu,2024-10-15 14:27:42,2023-06-13,2023-06-14,820.6397,3496.7,23.47,3426.96,154.1,-3272.9,1129.2884,11973.87,19869.17,1073.1937,28.5689,-,C,0.3,72.67,[]
EU,eu,eu,2024-10-15 14:28:04,2023-06-14,2023-06-15,823.7153,3496.7,23.56,3209.54,268.1,-2941.5,1129.2884,11964.69,19837.52,1073.2504,28.2057,-,C,0.27,72.94,[]
EU,eu,eu,2024-10-15 14:28:24,2023-06-15,2023-06-16,826.5071,3496.7,23.64,3013.65,320.9,-2692.7,1129.2884,11987.52,19870.02,1073.9677,27.1321,-,C,0.25,73.19,[]
EU,eu,eu,2024-10-15 14:28:34,2023-06-16,2023-06-17,829.7424,3496.7,23.73,3368.1,228.1,-3140.0,1129.2884,11987.52,19870.03,1073.9697,26.774,-,C,0.29,73.47,[]
EU,eu,eu,2024-10-15 14:27:53,2023-06-17,2023-06-18,833.434,3496.7,23.83,3803.53,209.7,-3593.9,1129.2884,11987.2,19870.88,1074.0991,26.2887,-,C,0.33,73.8,[]
EU,eu,eu,2024-10-15 14:28:45,2023-06-18,2023-06-19,837.7829,3496.7,23.96,4298.59,60.5,-4238.1,1129.2884,11946.95,19871.53,1074.0971,25.949,-,C,0.39,74.19,[]
EU,eu,eu,2024-10-15 14:28:15,2023-06-19,2023-06-20,840.7602,3496.7,24.04,3032.48,139.1,-2893.4,1129.2884,11946.66,19872.3,1074.0961,25.598,-,C,0.26,74.45,[]
EU,eu,eu,2024-10-15 14:29:15,2023-06-20,2023-06-21,843.9519,3496.7,24.14,2643.43,405.0,-2238.4,1129.2884,11946.49,19872.75,1074.1432,25.2157,-,C,0.28,74.73,[]
EU,eu,eu,2024-10-15 14:29:27,2023-06-21,2023-06-22,845.078,3496.7,24.17,2489.63,549.6,-1940.0,1129.2884,11937.36,19840.97,1235.0638,-136.0069,-,C,0.1,74.83,[]
EU,eu,eu,2024-10-15 14:29:05,2023-06-22,2023-06-23,846.7646,3496.7,24.22,2205.79,610.1,-1595.7,1129.2884,11946.21,19873.49,1074.4402,24.2648,-,C,0.15,74.98,[]
EU,eu,eu,2024-10-15 14:28:55,2023-06-23,2023-06-24,849.46,3496.7,24.29,2825.75,281.9,-2543.8,1129.2884,11946.09,19873.81,1074.6375,23.7155,-,C,0.24,75.22,[]
EU,eu,eu,2024-10-15 14:29:37,2023-06-24,2023-06-25,853.5544,3496.7,24.41,4093.82,120.9,-3973.0,1129.2884,11945.9,19874.32,1074.7405,23.2768,-,C,0.36,75.58,[]
EU,eu,eu,2024-10-15 14:29:48,2023-06-25,2023-06-26,857.5833,3496.7,24.53,4018.67,113.7,-3904.9,1129.3964,11986.38,19876.95,1074.7096,23.2102,-,C,0.36,75.93,[]
EU,eu,eu,2024-10-15 14:30:00,2023-06-26,2023-06-27,860.6019,3496.7,24.61,3215.51,275.1,-2940.4,1129.2884,11985.33,19875.8,1074.7958,22.6965,-,C,0.27,76.21,[]
EU,eu,eu,2024-10-15 14:30:17,2023-06-27,2023-06-28,863.0523,3496.7,24.68,2831.77,426.7,-2405.0,1129.2884,11985.11,19876.4,1074.8421,22.3357,-,C,0.22,76.42,[]
EU,eu,eu,2024-10-15 14:31:12,2023-06-28,2023-06-29,865.28,3496.7,24.75,2659.3,461.9,-2197.4,1129.2884,11975.87,19844.9,1074.8887,21.9392,-,C,0.2,76.62,[]
EU,eu,eu,2024-10-15 14:30:37,2023-06-29,2023-06-30,867.551,3496.7,24.81,2660.43,420.9,-2239.6,1129.2884,11984.74,19877.36,1075.3851,21.0929,-,C,0.2,76.82,[]
EU,eu,eu,2024-10-15 14:30:56,2023-06-30,2023-07-01,870.491,3496.7,24.89,3172.9,269.4,-2903.5,1129.3614,11984.62,19877.68,1076.2349,19.861,-,C,0.26,77.08,[]
EU,eu,eu,2024-10-15 14:33:07,2023-07-01,2023-07-02,874.4794,3496.7,25.01,4061.99,116.4,-3945.6,1131.3073,12006.38,19878.1,1078.769,19.1354,-,C,0.35,77.3,[]
EU,eu,eu,2024-10-15 14:31:47,2023-07-02,2023-07-03,878.4355,3496.7,25.12,4015.64,98.4,-3917.3,1131.3073,12006.1,19878.85,1078.769,18.914,-,C,0.35,77.65,[]
EU,eu,eu,2024-10-15 14:32:49,2023-07-03,2023-07-04,881.3098,3496.7,25.2,3088.34,283.6,-2804.7,1131.3073,12005.82,19879.6,1079.129,18.3324,-,C,0.25,77.9,[]
EU,eu,eu,2024-10-15 14:33:22,2023-07-04,2023-07-05,883.8471,3496.7,25.28,2651.51,168.0,-2483.5,1131.5324,12005.6,19880.16,1079.1826,18.2822,-,C,0.22,78.11,[]
EU,eu,eu,2024-10-15 14:33:36,2023-07-05,2023-07-06,887.0109,3496.7,25.37,3187.54,79.5,-3108.1,1131.5324,11996.47,19848.38,1079.0289,18.2545,-,C,0.28,78.39,[]
EU,eu,eu,2024-10-15 14:32:32,2023-07-06,2023-07-07,889.814,3496.7,25.45,2858.68,123.7,-2734.9,1131.5324,12005.32,19880.91,1079.149,18.0388,-,C,0.25,78.64,[]
EU,eu,eu,2024-10-15 14:34:08,2023-07-07,2023-07-08,893.1543,3496.7,25.54,3385.11,111.0,-3274.1,1131.5324,12005.31,19880.93,1079.2332,17.7689,-,C,0.3,78.93,[]
EU,eu,eu,2024-10-15 14:34:41,2023-07-08,2023-07-09,897.187,3496.7,25.66,4042.18,67.0,-3975.2,1131.5324,12005.07,19881.57,1079.3566,17.4594,-,C,0.36,79.29,[]
EU,eu,eu,2024-10-15 14:34:54,2023-07-09,2023-07-10,901.1457,3496.7,25.77,3969.07,89.5,-3879.6,1131.5324,12004.79,19882.3,1079.3567,17.2514,-,C,0.35,79.64,[]
EU,eu,eu,2024-10-15 14:34:29,2023-07-10,2023-07-11,903.6132,3496.7,25.84,2773.65,276.2,-2497.5,1130.7264,12019.53,19883.0,1079.3567,16.6169,-,C,0.22,79.91,[]
EU,eu,eu,2024-10-15 14:33:52,2023-07-11,2023-07-12,906.164,3496.7,25.91,2701.69,288.4,-2413.2,1130.7264,12019.39,19883.37,1079.395,16.2964,-,C,0.23,80.14,[]
EU,eu,eu,2024-10-15 14:35:09,2023-07-12,2023-07-13,908.914,3496.7,25.99,2850.68,159.0,-2691.7,1131.7264,12010.27,19851.54,1079.1875,17.3175,-,C,0.24,80.31,[]
EU,eu,eu,2024-10-15 14:35:24,2023-07-13,2023-07-14,911.585,3496.7,26.07,2811.66,206.1,-2605.6,1131.7441,12019.14,19884.02,1079.1875,17.0899,-,C,0.24,80.55,[]
EU,eu,eu,2024-10-15 14:35:32,2023-07-14,2023-07-15,914.8432,3496.7,26.16,3421.9,238.1,-3183.8,1131.7441,12019.14,19884.02,1079.2267,16.8262,-,C,0.29,80.83,[]
EU,eu,eu,2024-10-15 14:35:51,2023-07-15,2023-07-16,919.1439,3496.7,26.29,4299.31,47.9,-4251.4,1131.7441,12018.93,19884.58,1079.3509,16.4824,-,C,0.38,81.21,[]
EU,eu,eu,2024-10-15 14:35:42,2023-07-16,2023-07-17,923.4364,3496.7,26.41,4264.96,48.9,-4216.1,1131.7441,12018.66,19885.28,1079.3509,16.2608,-,E,0.38,81.59,[]
EU,eu,eu,2024-10-15 14:36:16,2023-07-17,2023-07-18,926.6251,3496.7,26.5,3273.27,120.8,-3152.4,1131.7441,12003.4,19885.97,1075.2272,20.1137,-,C,0.28,81.88,[]
EU,eu,eu,2024-10-15 14:36:01,2023-07-18,2023-07-19,929.2774,3496.7,26.58,2836.09,250.5,-2585.5,1131.7441,12003.26,19886.34,1075.2655,19.8499,-,C,0.23,82.11,[]
EU,eu,eu,2024-10-15 14:36:42,2023-07-19,2023-07-20,931.7633,3496.7,26.65,2775.91,331.9,-2444.0,1131.7441,11994.12,19854.58,1075.3067,19.5704,-,E,0.22,82.33,[]
EU,eu,eu,2024-10-15 14:36:54,2023-07-20,2023-07-21,934.2815,3496.7,26.72,2656.72,193.4,-2463.3,1131.8681,12004.63,19887.05,1080.3363,15.3025,-,C,0.22,82.54,[]
EU,eu,eu,2024-10-15 14:36:30,2023-07-21,2023-07-22,937.2209,3496.7,26.8,3023.88,139.7,-2884.2,1131.8681,12004.62,19887.07,1080.3786,15.0347,-,C,0.26,82.8,[]
EU,eu,eu,2024-10-15 14:37:06,2023-07-22,2023-07-23,941.0963,3496.7,26.91,3915.84,84.7,-3831.1,1131.8681,12004.49,19887.41,1080.4739,14.6988,-,C,0.34,83.15,[]
EU,eu,eu,2024-10-15 14:37:19,2023-07-23,2023-07-24,945.2491,3496.7,27.03,4124.94,46.5,-4078.5,1131.8681,12001.81,19883.81,1080.4838,14.4541,-,C,0.37,83.51,[]
EU,eu,eu,2024-10-15 14:37:32,2023-07-24,2023-07-25,948.1978,3496.7,27.12,3006.29,139.5,-2866.8,1131.8681,12001.67,19884.16,1080.4838,14.2364,-,C,0.26,83.77,[]
EU,eu,eu,2024-10-15 14:38:15,2023-07-25,2023-07-26,951.0385,3496.7,27.2,2834.91,116.7,-2718.2,1131.8681,12001.57,19884.42,1077.368,17.2343,-,C,0.25,84.02,[]
EU,eu,eu,2024-10-15 14:37:47,2023-07-26,2023-07-27,954.0391,3496.7,27.28,3020.3,80.5,-2939.8,1131.8681,11992.5,19852.49,1080.5651,13.9196,-,C,0.27,84.29,[]
EU,eu,eu,2024-10-15 14:54:56,2023-07-27,2023-07-28,956.9953,3496.7,27.37,2997.49,104.6,-2892.9,1131.8681,12001.38,19884.94,1080.681,13.7525,-,C,0.26,84.55,[]
EU,eu,eu,2024-10-15 14:38:01,2023-07-28,2023-07-29,959.8771,3496.7,27.45,3001.98,177.4,-2824.6,1131.8681,12001.4,19884.87,1080.7221,13.5865,-,C,0.25,84.8,[]
EU,eu,eu,2024-10-15 14:38:35,2023-07-29,2023-07-30,964.0784,3496.7,27.57,4186.83,35.4,-4151.5,1131.8681,12001.33,19885.06,1080.903,13.1774,-,C,0.37,85.18,[]
EU,eu,eu,2024-10-15 14:39:13,2023-07-30,2023-07-31,968.4296,3496.7,27.7,4314.71,36.0,-4278.7,1131.8681,12001.16,19885.51,1080.903,12.9529,-,C,0.38,85.56,[]
EU,eu,eu,2024-10-15 14:38:52,2023-07-31,2023-08-01,971.8749,3496.7,27.79,3524.21,155.1,-3369.1,1131.8931,11961.07,19821.0,1080.863,12.7703,-,C,0.3,85.86,[]
EU,eu,eu,2024-10-15 14:52:51,2023-08-01,2023-08-02,973.8457,3496.7,27.85,3188.82,1305.2,-1883.7,1135.7101,12070.86,19895.94,1087.0273,10.3735,-,C,0.17,85.75,[]
EU,eu,eu,2024-10-15 14:52:41,2023-08-02,2023-08-03,977.1058,3496.7,27.94,3324.4,84.9,-3239.5,1135.7101,12070.72,19896.29,1087.0676,10.1107,-,C,0.29,86.03,[]
EU,eu,eu,2024-10-15 14:52:29,2023-08-03,2023-08-04,980.1497,3496.7,28.03,3057.63,99.7,-2957.9,1135.9241,12073.46,19896.48,1087.109,10.036,-,C,0.27,86.29,[]
EU,eu,eu,2024-10-15 14:53:02,2023-08-04,2023-08-05,982.6704,3496.7,28.1,2760.48,251.7,-2508.8,1135.9241,12073.4,19901.96,1087.3522,9.5701,-,E,0.22,86.51,[]
EU,eu,eu,2024-10-15 14:52:17,2023-08-05,2023-08-06,986.1717,3496.7,28.2,3484.32,85.7,-3398.6,1135.9241,12073.39,19896.66,1087.4257,9.2741,-,C,0.31,86.82,[]
EU,eu,eu,2024-10-15 14:52:03,2023-08-06,2023-08-07,989.815,3496.7,28.31,3633.92,40.9,-3593.0,1135.9241,12073.25,19897.03,1087.4257,9.0515,-,E,0.32,87.14,[]
EU,eu,eu,2024-10-15 14:50:42,2023-08-07,2023-08-08,993.1994,3496.7,28.4,3397.06,65.6,-3331.5,1135.9241,12073.11,19897.4,1087.4288,8.8267,-,C,0.3,87.44,[]
EU,eu,eu,2024-10-15 14:51:18,2023-08-08,2023-08-09,996.6019,3496.7,28.5,3379.0,59.8,-3319.2,1135.9241,12072.98,19897.75,1087.4387,8.5427,-,C,0.3,87.73,[]
EU,eu,eu,2024-10-15 14:48:34,2023-08-09,2023-08-10,999.7139,3496.7,28.59,3236.93,181.8,-3055.1,1135.9241,12063.8,19866.09,1087.4753,8.2848,-,C,0.27,88.01,[]
EU,eu,eu,2024-10-15 14:51:50,2023-08-10,2023-08-11,1002.7488,3496.7,28.68,3163.92,181.5,-2982.4,1135.9241,12072.66,19898.59,1087.6134,8.0256,-,C,0.27,88.28,[]
EU,eu,eu,2024-10-15 14:50:26,2023-08-11,2023-08-12,1006.2534,3496.7,28.78,3573.91,121.4,-3452.5,1136.1241,12072.74,19898.38,1087.6057,7.9998,-,C,0.31,88.57,[]
EU,eu,eu,2024-10-15 14:51:36,2023-08-12,2023-08-13,1010.4651,3496.7,28.9,4248.35,73.2,-4175.1,1136.1241,12072.56,19898.86,1087.7977,7.5603,-,C,0.37,88.94,[]
EU,eu,eu,2024-10-15 14:49:39,2023-08-13,2023-08-14,1014.563,3496.7,29.01,4096.73,69.0,-4027.8,1136.1759,12072.34,19899.44,1087.7988,7.3157,-,C,0.36,89.3,[]
EU,eu,eu,2024-10-15 14:49:50,2023-08-14,2023-08-15,1018.0724,3496.7,29.12,3537.6,91.3,-3446.3,1136.3558,12072.13,19899.99,1088.1498,6.9121,-,C,0.31,89.59,[]
EU,eu,eu,2024-10-15 14:50:01,2023-08-15,2023-08-16,1021.2976,3496.7,29.21,3324.19,158.1,-3166.1,1138.1658,12072.03,19900.26,1089.7763,6.9759,-,C,0.28,89.73,[]
EU,eu,eu,2024-10-15 14:50:13,2023-08-16,2023-08-17,1024.365,3496.7,29.3,3210.37,158.0,-3052.4,1138.2208,12062.84,19868.62,1089.8726,6.8149,-,C,0.27,90.0,[]
EU,eu,eu,2024-10-15 14:49:26,2023-08-17,2023-08-18,1027.6695,3496.7,29.39,3349.23,120.7,-3228.5,1138.1969,12071.74,19901.01,1089.6779,6.6378,-,C,0.29,90.29,[]
EU,eu,eu,2024-10-15 14:49:13,2023-08-18,2023-08-19,1031.1039,3496.7,29.49,3470.54,96.7,-3373.8,1138.1969,12071.96,19900.44,1090.0126,6.409,-,C,0.3,90.59,[]
EU,eu,eu,2024-10-15 14:50:57,2023-08-19,2023-08-20,1034.6734,3496.7,29.59,3734.5,234.3,-3500.2,1138.1969,12071.77,19900.94,1089.9971,6.3135,-,C,0.31,90.9,[]
EU,eu,eu,2024-10-15 14:48:46,2023-08-20,2023-08-21,1037.9875,3496.7,29.68,3442.77,204.2,-3238.6,1138.1969,12071.59,19901.43,1089.9982,6.1963,-,C,0.29,91.2,[]
EU,eu,eu,2024-10-15 14:56:47,2023-08-21,2023-08-22,1040.4294,3496.7,29.75,2702.33,278.6,-2423.7,1138.1965,12071.59,19901.42,1089.9892,6.0936,-,C,0.21,91.41,[]
EU,eu,eu,2024-10-15 14:48:59,2023-08-22,2023-08-23,1041.1774,3496.7,29.78,2068.77,341.6,-1727.1,1138.1965,12071.44,19901.83,1089.9983,5.9732,-,C,0.07,91.48,[]
EU,eu,eu,2024-10-15 14:55:55,2023-08-23,2023-08-24,1043.8583,3496.7,29.85,1944.08,268.9,-1675.2,1138.1965,12062.32,19870.01,1090.1243,5.849,-,C,0.24,91.71,[]
EU,eu,eu,2024-10-15 14:56:07,2023-08-24,2023-08-25,1045.3702,3496.7,29.9,1812.71,321.5,-1491.2,1138.5449,12071.2,19902.44,1089.49,6.0813,-,C,0.13,91.82,[]
EU,eu,eu,2024-10-15 14:56:22,2023-08-25,2023-08-26,1047.132,3496.7,29.95,1994.83,258.4,-1736.5,1138.5449,12071.21,19902.41,1089.6475,5.9677,-,C,0.15,91.97,[]
EU,eu,eu,2024-10-15 14:55:29,2023-08-26,2023-08-27,1049.3046,3496.7,30.01,2372.92,234.6,-2138.3,1138.5449,12071.09,19902.74,1089.6244,5.8738,-,C,0.19,92.16,[]
EU,eu,eu,2024-10-15 14:56:35,2023-08-27,2023-08-28,1051.7847,3496.7,30.08,2568.79,143.4,-2425.4,1138.5449,12070.97,19903.05,1089.6255,5.7556,-,C,0.22,92.38,[]
EU,eu,eu,2024-10-15 14:55:41,2023-08-28,2023-08-29,1053.1458,3496.7,30.12,1753.29,440.2,-1313.1,1138.5449,12070.85,19903.38,1089.6595,5.6076,-,E,0.12,92.5,[]
EU,eu,eu,2024-10-15 14:55:17,2023-08-29,2023-08-30,1053.7757,3496.7,30.14,1398.88,811.6,-587.2,1138.5449,12070.74,19903.67,1089.8496,5.3035,-,C,0.06,92.55,[]
EU,eu,eu,2024-10-15 14:55:06,2023-08-30,2023-08-31,1054.8582,3496.7,30.17,1545.49,495.0,-1050.5,1138.5449,12061.73,19871.56,1089.8506,5.1883,-,E,0.1,92.65,[]
EU,eu,eu,2024-10-15 14:53:13,2023-08-31,2023-09-01,1055.1335,3496.7,30.18,1605.19,1581.1,-24.1,1137.0223,12070.71,19903.74,1090.0798,5.2597,-,C,0.02,92.8,[]
EU,eu,eu,2024-10-15 14:54:35,2023-09-01,2023-09-02,1057.0346,3496.7,30.23,1870.5,372.4,-1498.1,1139.8653,12032.96,19902.15,1091.0767,7.2116,-,E,0.17,92.73,[]
EU,eu,eu,2024-10-15 14:54:45,2023-09-02,2023-09-03,1058.9702,3496.7,30.28,2441.77,396.1,-2045.7,1141.6267,12032.96,19902.15,1087.0253,11.067,-,E,0.17,92.76,[]
EU,eu,eu,2024-10-15 14:54:06,2023-09-03,2023-09-04,1061.1745,3496.7,30.35,2531.3,391.1,-2140.2,1141.6267,12032.96,19902.15,1087.0272,10.8929,-,E,0.19,92.95,[]
EU,eu,eu,2024-10-15 14:54:16,2023-09-04,2023-09-05,1062.4538,3496.7,30.38,1647.23,430.0,-1217.3,1141.6267,12011.95,19902.17,1087.0408,10.7653,-,E,0.11,93.06,[]
EU,eu,eu,2024-10-15 14:54:25,2023-09-05,2023-09-06,1063.4788,3496.7,30.41,1527.77,544.3,-983.5,1141.6267,12008.13,19901.11,1087.0116,10.6842,-,C,0.09,93.15,[]
EU,eu,eu,2024-10-15 14:53:58,2023-09-06,2023-09-07,1064.0754,3496.7,30.43,1261.37,699.5,-561.8,1141.7367,12020.71,19904.08,1086.9897,10.8622,-,C,0.05,93.2,[]
EU,eu,eu,2024-10-15 14:53:48,2023-09-07,2023-09-08,1064.7107,3496.7,30.45,1443.57,840.6,-603.0,1141.7367,12033.69,19904.12,1087.0376,10.7482,-,C,0.06,93.25,[]
EU,eu,eu,2024-10-15 14:44:02,2023-09-08,2023-09-09,1065.4022,3496.7,30.47,1462.96,824.9,-638.0,1141.8447,12033.69,19904.12,1087.0114,10.6754,-,C,0.06,93.31,[]
EU,eu,eu,2024-10-15 14:46:48,2023-09-09,2023-09-10,1066.7721,3496.7,30.51,1888.77,589.3,-1299.4,1141.8447,12033.7,19904.1,1087.0436,10.5442,-,C,0.12,93.43,[]
EU,eu,eu,2024-10-15 14:53:37,2023-09-10,2023-09-11,1068.0361,3496.7,30.54,1821.82,639.4,-1182.4,1141.8447,12033.7,19904.1,1087.1497,10.4439,-,C,0.11,93.54,[]
EU,eu,eu,2024-10-15 14:53:25,2023-09-11,2023-09-12,1068.441,3496.7,30.56,1182.56,823.5,-359.1,1141.8447,12033.7,19904.1,1087.1453,10.3491,-,E,0.04,93.57,[]
EU,eu,eu,2024-10-15 13:50:55,2023-09-12,2023-09-13,1068.4304,3496.7,30.56,1098.22,1150.0,51.8,1141.8447,12033.7,19904.1,1087.1513,10.2308,-,E,-0.0,93.57,[]
EU,eu,eu,2024-10-15 13:51:06,2023-09-13,2023-09-14,1068.548,3496.7,30.56,989.58,916.5,-73.1,1141.8447,12024.8,19871.71,1087.2519,10.1181,-,E,0.01,93.58,[]
EU,eu,eu,2024-10-15 13:51:21,2023-09-14,2023-09-15,1068.6707,3496.7,30.56,933.22,763.8,-169.4,1141.8507,12033.82,19892.79,1087.2524,10.0058,-,C,0.01,93.59,[]
EU,eu,eu,2024-10-15 14:43:38,2023-09-15,2023-09-16,1069.3148,3496.7,30.58,1196.77,594.8,-602.0,1141.8507,12030.77,19889.15,1087.3031,9.8934,-,C,0.06,93.65,[]
EU,eu,eu,2024-10-15 14:43:50,2023-09-16,2023-09-17,1070.4533,3496.7,30.61,1580.71,508.4,-1072.3,1141.9367,12030.77,19889.15,1087.2723,9.9112,-,C,0.1,93.74,[]
EU,eu,eu,2024-10-15 13:51:59,2023-09-17,2023-09-18,1071.9672,3496.7,30.66,1863.93,427.4,-1436.5,1141.9367,12030.77,19889.15,1087.2754,9.809,-,C,0.13,93.87,[]
EU,eu,eu,2024-10-15 13:51:32,2023-09-18,2023-09-19,1073.0119,3496.7,30.69,1413.14,429.4,-983.7,1141.9367,12030.77,19889.16,1037.0937,63.4084,-,C,0.09,93.96,[]
EU,eu,eu,2024-10-15 13:51:44,2023-09-19,2023-09-20,1074.0245,3496.7,30.72,1552.3,545.8,-1006.5,1141.8467,12030.76,19889.18,1087.1892,9.6997,-,C,0.09,94.06,[]
EU,eu,eu,2024-10-15 13:52:44,2023-09-20,2023-09-21,1074.8786,3496.7,30.74,1371.45,514.2,-857.2,1142.1261,12009.76,19889.18,1087.383,9.69,-,C,0.07,94.11,[]
EU,eu,eu,2024-10-15 13:52:31,2023-09-21,2023-09-22,1075.9085,3496.7,30.77,1343.54,378.1,-965.4,1142.1261,12017.76,19889.18,1087.3644,9.6095,-,C,0.09,94.2,[]
EU,eu,eu,2024-10-15 13:52:17,2023-09-22,2023-09-23,1077.2962,3496.7,30.81,1693.14,374.2,-1318.9,1142.1261,12030.69,19889.37,1087.382,9.5098,-,C,0.12,94.32,[]
EU,eu,eu,2024-10-15 13:53:15,2023-09-23,2023-09-24,1079.3006,3496.7,30.87,2209.54,276.3,-1933.3,1142.2773,12030.69,19889.37,1087.3902,9.5537,-,C,0.18,94.49,[]
EU,eu,eu,2024-10-15 13:53:32,2023-09-24,2023-09-25,1081.5512,3496.7,30.93,2422.38,248.5,-2173.8,1142.2773,12030.69,19889.36,1087.3908,9.454,-,C,0.2,94.68,[]
EU,eu,eu,2024-10-15 13:52:59,2023-09-25,2023-09-26,1082.9236,3496.7,30.97,1723.78,424.1,-1299.7,1142.2773,12009.69,19814.39,1087.3714,9.3743,-,C,0.12,94.8,[]
EU,eu,eu,2024-10-15 13:54:23,2023-09-26,2023-09-27,1084.0457,3496.7,31.0,1557.34,394.7,-1162.7,1142.2773,12006.69,19803.68,1037.1898,61.2171,-,C,0.1,94.9,[]
EU,eu,eu,2024-10-15 13:53:49,2023-09-27,2023-09-28,1085.5238,3496.7,31.04,1841.22,310.5,-1530.7,1142.3173,12006.69,19803.68,1087.3668,9.2207,-,E,0.13,95.03,[]
EU,eu,eu,2024-10-15 13:54:37,2023-09-28,2023-09-29,1086.86,3496.7,31.08,1827.77,429.8,-1398.0,1142.2773,12006.69,19803.68,1087.2952,9.1532,-,C,0.12,95.15,[]
EU,eu,eu,2024-10-15 13:54:09,2023-09-29,2023-09-30,1088.4738,3496.7,31.13,2066.12,415.4,-1650.7,1142.3373,12017.69,19842.95,1087.3588,9.0505,-,C,0.14,95.28,[]
EU,eu,eu,2024-10-15 13:54:51,2023-09-30,2023-10-01,1088.9028,3496.7,31.14,2737.03,198.0,-2539.0,1140.2473,12030.68,19889.4,1084.6308,9.5893,-,E,0.04,95.5,[]
EU,eu,eu,2024-10-15 13:55:18,2023-10-01,2023-10-02,1091.2594,3496.7,31.21,2592.54,186.4,-2406.2,1138.3057,11971.99,19867.25,1083.2763,8.9491,-,E,0.21,95.87,[]
EU,eu,eu,2024-10-15 13:56:02,2023-10-02,2023-10-03,1093.0381,3496.7,31.26,1883.82,189.0,-1694.8,1138.3589,11564.75,19358.7,1083.331,8.9484,-,C,0.16,96.02,[]
EU,eu,eu,2024-10-15 13:55:47,2023-10-03,2023-10-04,1095.1852,3496.7,31.32,2200.91,138.3,-2062.6,1138.4642,11547.05,19336.57,1083.482,8.8494,-,C,0.19,96.2,[]
EU,eu,eu,2024-10-15 13:55:04,2023-10-04,2023-10-05,1096.8171,3496.7,31.37,1742.92,211.7,-1531.2,1138.4937,11732.72,19547.92,1244.1657,-151.8582,-,C,0.14,96.34,[]
EU,eu,eu,2024-10-15 13:55:33,2023-10-05,2023-10-06,1097.6489,3496.7,31.39,1217.97,481.3,-736.7,1138.547,11971.74,19867.9,1083.5867,8.7209,-,E,0.07,96.41,[]
EU,eu,eu,2024-10-15 13:56:39,2023-10-06,2023-10-07,1099.4933,3496.7,31.44,1910.93,155.6,-1755.3,1138.6779,11971.91,19867.45,1083.6997,8.6855,-,C,0.16,96.56,[]
EU,eu,eu,2024-10-15 13:56:30,2023-10-07,2023-10-08,1101.4785,3496.7,31.5,2131.45,233.2,-1898.2,1138.6715,11971.68,19868.07,1085.0314,7.1944,-,C,0.17,96.73,[]
EU,eu,eu,2024-10-15 13:56:18,2023-10-08,2023-10-09,1103.1731,3496.7,31.55,1872.32,237.3,-1635.0,1138.7248,11971.62,19868.24,1034.8499,59.0371,-,E,0.15,96.88,[]
EU,eu,eu,2024-10-15 13:56:48,2023-10-09,2023-10-10,1104.2411,3496.7,31.58,1418.77,342.9,-1075.8,1138.8056,11971.56,19868.38,1085.0609,6.9773,-,C,0.09,96.96,[]
EU,eu,eu,2024-10-15 13:56:59,2023-10-10,2023-10-11,1105.8517,3496.7,31.63,1714.7,173.7,-1541.0,1139.5929,11971.4,19868.8,1246.4474,-153.9745,-,C,0.14,97.04,[]
EU,eu,eu,2024-10-15 13:57:19,2023-10-11,2023-10-12,1107.6803,3496.7,31.68,2010.25,146.8,-1863.4,1139.6711,11962.18,19837.27,1085.8633,6.5333,-,C,0.16,97.19,[]
EU,eu,eu,2024-10-15 13:57:09,2023-10-12,2023-10-13,1109.3281,3496.7,31.73,1856.67,229.4,-1627.2,1139.8044,11970.95,19870.0,1085.889,6.4831,-,C,0.14,97.33,[]
EU,eu,eu,2024-10-15 13:57:51,2023-10-13,2023-10-14,1111.7668,3496.7,31.79,2554.61,120.8,-2433.8,1139.83,11970.8,19870.4,1085.8881,6.3512,-,C,0.21,97.54,[]
EU,eu,eu,2024-10-15 13:57:30,2023-10-14,2023-10-15,1114.325,3496.7,31.87,2634.22,98.3,-2536.0,1139.8833,11970.55,19871.06,1085.2241,6.91,-,C,0.22,97.76,[]
EU,eu,eu,2024-10-15 13:57:41,2023-10-15,2023-10-16,1116.189,3496.7,31.92,2085.46,252.6,-1832.9,1139.9366,11893.31,20069.69,1085.225,6.8041,-,E,0.16,97.92,[]
EU,eu,eu,2024-10-15 13:58:13,2023-10-16,2023-10-17,1116.5055,3496.7,31.93,991.59,693.9,-297.6,1140.0174,11875.08,20096.3,1084.7028,7.2489,-,C,0.03,97.94,[]
EU,eu,eu,2024-10-15 13:58:02,2023-10-17,2023-10-18,1116.747,3496.7,31.94,822.72,603.6,-219.2,1140.0707,11875.06,20096.34,1084.6704,7.1762,-,C,0.02,97.95,[]
EU,eu,eu,2024-10-15 13:58:37,2023-10-18,2023-10-19,1117.0182,3496.7,31.94,943.13,650.5,-292.6,1140.1239,11866.05,20064.25,1084.6968,7.0645,-,C,0.02,97.97,[]
EU,eu,eu,2024-10-15 13:58:24,2023-10-19,2023-10-20,1117.6784,3496.7,31.96,1121.62,437.7,-683.9,1140.2672,11875.03,20096.41,1085.2634,6.4222,-,C,0.06,98.02,[]
EU,eu,eu,2024-10-15 13:58:49,2023-10-20,2023-10-21,1118.777,3496.7,32.0,1494.4,381.9,-1112.5,1140.3404,11875.48,19970.24,1085.3731,6.2837,-,C,0.1,98.11,[]
EU,eu,eu,2024-10-15 13:59:19,2023-10-21,2023-10-22,1120.651,3496.7,32.05,2107.01,230.0,-1877.0,1140.3937,11875.42,19970.39,1086.0074,5.5442,-,E,0.16,98.27,[]
EU,eu,eu,2024-10-15 13:59:05,2023-10-22,2023-10-23,1122.4947,3496.7,32.1,2002.03,165.2,-1836.8,1140.4194,11875.21,19970.94,1085.9797,5.4391,-,C,0.16,98.43,[]
EU,eu,eu,2024-10-15 13:59:33,2023-10-23,2023-10-24,1123.0828,3496.7,32.12,1011.17,413.4,-597.8,1140.5342,11875.01,19971.48,1246.6443,-155.269,-,E,0.05,98.47,[]
EU,eu,eu,2024-10-15 13:59:49,2023-10-24,2023-10-25,1123.8158,3496.7,32.14,1053.64,323.0,-730.6,1140.6152,11875.0,19971.51,1245.6431,-154.3452,-,C,0.06,98.53,[]
EU,eu,eu,2024-10-15 14:00:10,2023-10-25,2023-10-26,1124.2556,3496.7,32.15,907.73,468.2,-439.5,1137.5767,11854.96,19900.22,1086.0172,5.1932,-,C,0.04,98.83,[]
EU,eu,eu,2024-10-15 14:00:31,2023-10-26,2023-10-27,1124.9151,3496.7,32.17,1018.15,331.2,-687.0,1140.7217,11850.94,19885.99,1245.928,-154.4203,-,C,0.06,98.61,[]
EU,eu,eu,2024-10-15 14:01:14,2023-10-27,2023-10-28,1125.5315,3496.7,32.19,1171.23,262.1,-909.2,1140.7749,11861.8,19925.62,1245.7774,-154.2697,-,C,0.05,98.66,[]
EU,eu,eu,2024-10-15 14:00:54,2023-10-28,2023-10-29,1127.6216,3496.7,32.25,1989.77,148.2,-1841.5,1140.8282,12074.14,20276.45,1035.9814,57.3285,-,E,0.18,98.84,[]
EU,eu,eu,2024-10-15 14:01:48,2023-10-29,2023-10-30,1129.5761,3496.7,32.3,2055.26,98.9,-1956.4,1140.8814,11874.46,19972.93,1035.9814,57.1005,-,C,0.17,99.01,[]
EU,eu,eu,2024-10-15 14:01:34,2023-10-30,2023-10-31,1130.6172,3496.7,32.33,1252.93,218.8,-1034.1,1140.9347,11874.19,19973.63,1245.9358,-154.4997,-,C,0.09,99.1,[]
EU,eu,eu,2024-10-15 13:23:16,2023-10-31,2023-11-01,1131.7,3496.7,32.36,1212.45,247.5,-964.9,1140.988,11874.16,19973.71,1245.9376,-154.5015,-,C,0.09,99.19,[]
EU,eu,eu,2024-10-15 13:23:31,2023-11-01,2023-11-02,1133.1705,3496.7,32.41,1590.62,145.4,-1445.3,1141.2936,11856.81,19902.38,1250.2684,-158.2237,-,C,0.13,99.29,[]
EU,eu,eu,2024-10-15 14:02:27,2023-11-02,2023-11-03,1134.0711,3496.7,32.43,1101.08,227.5,-873.6,1141.2936,11861.75,19920.4,1090.627,1.4176,-,C,0.08,99.37,[]
EU,eu,eu,2024-10-15 13:23:47,2023-11-03,2023-11-04,1134.215,3496.7,32.44,535.44,413.3,-122.2,1141.3226,11876.69,19974.11,1090.7049,1.3687,-,C,0.01,99.38,[]
EU,eu,eu,2024-10-15 14:02:00,2023-11-04,2023-11-05,1134.821,3496.7,32.45,859.41,247.8,-611.6,1141.3236,11876.63,19974.25,1091.3041,0.7705,-,C,0.05,99.43,[]
EU,eu,eu,2024-10-15 13:24:32,2023-11-05,2023-11-06,1135.64,3496.7,32.48,996.4,181.5,-814.9,1141.3236,11876.63,19974.26,1091.3041,0.7705,-,C,0.07,99.5,[]
EU,eu,eu,2024-10-15 13:24:03,2023-11-06,2023-11-07,1135.7301,3496.7,32.48,483.43,388.7,-94.7,1141.4672,11856.63,19902.86,1091.4477,0.9141,-,C,0.01,99.5,[]
EU,eu,eu,2024-10-15 13:24:20,2023-11-07,2023-11-08,1135.5505,3496.7,32.47,276.45,456.5,180.1,1141.4382,11861.63,19920.72,1091.4195,0.9133,-,C,-0.02,99.48,[]
EU,eu,eu,2024-10-15 13:24:44,2023-11-08,2023-11-09,1135.0599,3496.7,32.46,282.52,755.0,472.4,1141.4382,11876.62,19974.29,1091.41,0.9228,-,C,-0.04,99.44,[]
EU,eu,eu,2024-10-15 13:25:25,2023-11-09,2023-11-10,1134.6145,3496.7,32.45,337.7,759.6,421.9,1141.4382,11876.62,19974.29,1091.3969,0.9359,-,C,-0.04,99.4,[]
EU,eu,eu,2024-10-15 13:24:56,2023-11-10,2023-11-11,1134.0909,3496.7,32.43,248.03,748.4,500.4,1141.4677,11876.61,20099.31,1091.4224,0.9696,-,C,-0.05,99.35,[]
EU,eu,eu,2024-10-15 13:25:08,2023-11-11,2023-11-12,1134.2299,3496.7,32.44,530.17,377.1,-153.1,1141.4677,11876.59,20099.36,1091.9546,0.4869,-,C,0.01,99.37,[]
EU,eu,eu,2024-10-15 13:25:50,2023-11-12,2023-11-13,1134.2922,3496.7,32.44,461.73,380.1,-81.6,1141.4677,11876.59,20099.37,1091.9546,0.5365,-,C,0.01,99.37,[]
EU,eu,eu,2024-10-15 13:25:36,2023-11-13,2023-11-14,1133.4052,3496.7,32.41,260.99,1124.4,863.4,1141.4677,11856.59,20027.97,1091.9595,0.5861,-,C,-0.08,99.29,[]
EU,eu,eu,2024-10-15 13:26:06,2023-11-14,2023-11-15,1133.1513,3496.7,32.41,421.41,642.7,221.3,1141.4677,11852.59,20013.68,1091.8699,0.6806,-,C,-0.02,99.27,[]
EU,eu,eu,2024-10-15 13:26:23,2023-11-15,2023-11-16,1132.6418,3496.7,32.39,162.87,1091.0,928.2,1141.4677,11852.59,20013.69,1091.8535,0.697,-,C,-0.04,99.23,[]
EU,eu,eu,2024-10-15 13:26:54,2023-11-16,2023-11-17,1130.6655,3496.7,32.34,122.97,2048.4,1925.5,1141.2879,11852.6,20253.67,1091.7314,0.5006,-,C,-0.17,99.07,[]
EU,eu,eu,2024-10-15 13:26:38,2023-11-17,2023-11-18,1128.8196,3496.7,32.28,199.21,1962.3,1763.1,1141.2879,11852.74,20253.3,1091.7356,0.4964,-,C,-0.16,98.91,[]
EU,eu,eu,2024-10-15 13:27:21,2023-11-18,2023-11-19,1128.0712,3496.7,32.26,556.79,1150.4,593.6,1141.3289,11852.96,20252.72,1091.7851,0.5389,-,C,-0.07,98.84,[]
EU,eu,eu,2024-10-15 13:27:08,2023-11-19,2023-11-20,1128.4116,3496.7,32.27,1234.54,833.9,-400.7,1141.3289,11852.96,20252.72,1091.7851,0.5729,-,C,0.03,98.87,[]
EU,eu,eu,2024-10-15 13:27:53,2023-11-20,2023-11-21,1127.1018,3496.7,32.23,374.07,1595.2,1221.1,1141.3289,11852.95,20252.73,1091.7851,0.5855,-,C,-0.11,98.75,[]
EU,eu,eu,2024-10-15 13:27:34,2023-11-21,2023-11-22,1124.8585,3496.7,32.17,124.16,2277.7,2153.5,1141.3289,11852.95,20243.73,1091.5133,0.8573,-,C,-0.2,98.56,[]
EU,eu,eu,2024-10-15 13:28:15,2023-11-22,2023-11-23,1121.5706,3496.7,32.08,133.85,3334.3,3200.5,1141.3289,11853.04,20243.51,1091.5133,0.8573,-,C,-0.29,98.27,[]
EU,eu,eu,2024-10-15 13:29:41,2023-11-23,2023-11-24,1118.9599,3496.7,32.0,149.39,2694.7,2545.3,1141.3629,11853.26,20242.93,1091.5124,0.8873,-,C,-0.23,98.04,[]
EU,eu,eu,2024-10-15 13:28:41,2023-11-24,2023-11-25,1116.1641,3496.7,31.92,157.26,2882.1,2724.9,1141.3629,11853.38,20242.61,1091.5124,1.0024,-,C,-0.24,97.79,[]
EU,eu,eu,2024-10-15 13:29:05,2023-11-25,2023-11-26,1113.4702,3496.7,31.84,238.83,2842.7,2603.9,1141.3629,11853.58,20242.07,1091.5124,1.3756,-,C,-0.24,97.56,[]
EU,eu,eu,2024-10-15 13:29:22,2023-11-26,2023-11-27,1110.5006,3496.7,31.76,205.08,3051.1,2846.1,1141.3979,11853.69,20241.77,1091.5474,1.7489,-,E,-0.26,97.29,[]
EU,eu,eu,2024-10-15 13:29:56,2023-11-27,2023-11-28,1105.5639,3496.7,31.62,107.87,4944.2,4836.4,1141.3979,11853.98,20244.01,1091.4624,2.2071,-,C,-0.43,96.86,[]
EU,eu,eu,2024-10-15 13:30:40,2023-11-28,2023-11-29,1099.9153,3496.7,31.46,111.75,5639.7,5527.9,1141.3979,11854.3,20243.17,1091.4624,2.6156,-,C,-0.49,96.37,[]
EU,eu,eu,2024-10-15 13:30:53,2023-11-29,2023-11-30,1093.2389,3496.7,31.26,82.47,6628.2,6545.7,1141.3979,11863.91,20273.69,1091.4624,2.94,-,C,-0.58,95.78,[]
EU,eu,eu,2024-10-15 13:30:27,2023-11-30,2023-12-01,1086.7034,3496.7,31.08,84.55,6591.9,6507.3,1141.3979,11879.46,20325.79,1091.4624,3.2688,-,E,-0.57,95.21,[]
EU,eu,eu,2024-10-15 13:31:11,2023-12-01,2023-12-02,1080.5421,3496.7,30.9,146.22,6283.2,6137.0,1141.2834,11879.08,20306.79,1092.0695,3.4016,-,C,-0.54,94.68,[]
EU,eu,eu,2024-10-15 13:30:11,2023-12-02,2023-12-03,1075.0608,3496.7,30.75,120.95,5493.7,5372.7,1141.2834,11879.29,20306.23,1092.0674,4.1023,-,C,-0.48,94.2,[]
EU,eu,eu,2024-10-15 13:32:40,2023-12-03,2023-12-04,1070.1878,3496.7,30.61,184.55,4943.4,4758.8,1141.2834,11879.75,20305.01,1092.0585,4.8048,-,C,-0.43,93.77,[]
EU,eu,eu,2024-10-15 13:31:51,2023-12-04,2023-12-05,1063.3818,3496.7,30.41,106.74,6795.9,6689.1,1141.2834,11860.25,20232.3,1093.0643,4.4815,-,C,-0.6,93.17,[]
EU,eu,eu,2024-10-15 13:32:18,2023-12-05,2023-12-06,1056.7791,3496.7,30.22,155.02,6686.4,6531.4,1141.2834,11865.71,20248.95,1092.8475,5.4868,-,C,-0.58,92.6,[]
EU,eu,eu,2024-10-15 13:33:40,2023-12-06,2023-12-07,1050.1022,3496.7,30.03,105.58,6633.0,6527.4,1141.2834,11641.89,20062.49,1092.8558,6.1148,-,C,-0.59,92.01,[]
EU,eu,eu,2024-10-15 13:31:27,2023-12-07,2023-12-08,1044.086,3496.7,29.86,124.77,6031.2,5906.4,1141.2834,11641.45,20063.64,1092.8446,6.7905,-,C,-0.53,91.48,[]
EU,eu,eu,2024-10-15 13:33:10,2023-12-08,2023-12-09,1039.2411,3496.7,29.72,213.18,4922.8,4709.6,1141.2834,11641.79,20098.75,1092.844,7.3343,-,C,-0.42,91.06,[]
EU,eu,eu,2024-10-15 13:32:53,2023-12-09,2023-12-10,1036.3117,3496.7,29.64,545.84,3348.8,2803.0,1141.2834,11642.16,20097.76,1091.8135,8.8752,-,C,-0.26,90.8,[]
EU,eu,eu,2024-10-15 13:33:23,2023-12-10,2023-12-11,1034.0861,3496.7,29.57,803.09,2935.0,2131.9,1141.2834,11642.3,20097.39,1091.7995,9.3217,-,C,-0.2,90.61,[]
EU,eu,eu,2024-10-15 13:34:11,2023-12-11,2023-12-12,1030.4717,3496.7,29.47,367.02,3883.4,3516.4,1141.2834,11618.44,20007.34,1091.8032,9.7689,-,C,-0.32,90.29,[]
EU,eu,eu,2024-10-15 13:33:55,2023-12-12,2023-12-13,1026.5985,3496.7,29.36,311.95,4080.0,3768.0,1141.2557,11642.79,20092.12,1091.7763,10.235,-,E,-0.34,89.95,[]
EU,eu,eu,2024-10-15 13:34:45,2023-12-13,2023-12-14,1022.6145,3496.7,29.25,269.14,4116.6,3847.4,1141.2557,11643.18,20091.09,1041.5917,62.7649,-,E,-0.35,89.6,[]
EU,eu,eu,2024-10-15 13:34:58,2023-12-14,2023-12-15,1018.2759,3496.7,29.12,192.06,4519.7,4327.6,1141.2834,11643.53,20090.16,1091.8086,11.3984,-,C,-0.38,89.22,[]
EU,eu,eu,2024-10-15 13:34:28,2023-12-15,2023-12-16,1014.5261,3496.7,29.01,341.8,3972.7,3630.9,1141.2834,11643.69,20089.74,1091.7996,11.9746,-,C,-0.33,88.89,[]
EU,eu,eu,2024-10-15 13:35:27,2023-12-16,2023-12-17,1012.7216,3496.7,28.96,1089.71,2815.0,1725.3,1141.2834,11643.84,20089.35,1094.8237,9.51,-,C,-0.16,88.74,[]
EU,eu,eu,2024-10-15 13:36:11,2023-12-17,2023-12-18,1010.6713,3496.7,28.9,1075.45,2929.0,1853.5,1141.2834,11643.92,20089.13,1094.8225,10.0704,-,C,-0.18,88.56,[]
EU,eu,eu,2024-10-15 13:35:45,2023-12-18,2023-12-19,1006.602,3496.7,28.79,384.97,4463.5,4078.5,1141.2834,11643.95,20089.04,1095.0216,10.4387,-,C,-0.36,88.2,[]
EU,eu,eu,2024-10-15 13:36:39,2023-12-19,2023-12-20,1002.2363,3496.7,28.66,325.88,4611.8,4285.9,1141.2834,11642.18,20086.21,1095.0209,10.8734,-,C,-0.38,87.82,[]
EU,eu,eu,2024-10-15 13:37:20,2023-12-20,2023-12-21,998.5996,3496.7,28.56,298.77,3885.0,3586.2,1141.2834,11633.89,20054.35,1095.0199,11.1098,-,C,-0.32,87.5,[]
EU,eu,eu,2024-10-15 13:37:01,2023-12-21,2023-12-22,995.8264,3496.7,28.48,514.02,3228.4,2714.4,1141.2834,11643.06,20068.05,1094.8224,11.5215,-,C,-0.24,87.25,[]
EU,eu,eu,2024-10-15 13:38:37,2023-12-22,2023-12-23,993.8092,3496.7,28.42,748.69,2668.0,1919.3,1141.2834,11644.44,20069.76,1095.32,11.2906,-,C,-0.18,87.08,[]
EU,eu,eu,2024-10-15 13:37:33,2023-12-23,2023-12-24,992.4714,3496.7,28.38,982.81,2241.7,1258.9,1141.2834,11644.54,20069.49,1095.67,11.2511,-,C,-0.12,86.96,[]
EU,eu,eu,2024-10-15 13:38:04,2023-12-24,2023-12-25,991.9429,3496.7,28.37,1334.53,1798.1,463.6,1141.2834,11644.61,20069.31,1095.6717,11.522,-,C,-0.05,86.91,[]
EU,eu,eu,2024-10-15 13:38:17,2023-12-25,2023-12-26,991.7394,3496.7,28.36,1482.53,1618.4,135.9,1141.2834,11644.63,20069.26,1095.6717,11.8081,-,C,-0.02,86.9,[]
EU,eu,eu,2024-10-15 13:37:47,2023-12-26,2023-12-27,990.9871,3496.7,28.34,1235.39,1910.1,674.7,1141.2834,11644.65,20069.2,1095.6717,12.0973,-,C,-0.07,86.83,[]
EU,eu,eu,2024-10-15 13:39:09,2023-12-27,2023-12-28,989.3271,3496.7,28.29,851.55,2406.5,1555.0,1141.2834,11644.73,20069.0,1095.6716,12.3838,-,C,-0.15,86.69,[]
EU,eu,eu,2024-10-15 13:38:55,2023-12-28,2023-12-29,988.1666,3496.7,28.26,996.22,2079.6,1083.4,1141.2834,11644.85,20068.66,1099.6826,8.4863,-,E,-0.1,86.58,[]
EU,eu,eu,2024-10-15 13:39:20,2023-12-29,2023-12-30,986.8246,3496.7,28.22,930.24,2207.6,1277.4,1141.2834,11644.97,20068.34,1099.6844,8.68,-,C,-0.12,86.47,[]
EU,eu,eu,2024-10-15 13:39:29,2023-12-30,2023-12-31,985.7918,3496.7,28.19,1088.89,2058.9,970.0,1141.2834,11644.99,20083.3,1101.8503,6.7304,-,C,-0.09,86.38,[]
EU,eu,eu,2024-10-15 13:39:57,2023-12-31,2024-01-01,984.6128,3496.7,28.16,940.47,2105.9,1165.4,1141.2834,11645.14,20082.91,1101.8752,6.9303,-,C,-0.1,86.27,[]
EU,eu,eu,2025-02-19 15:15:05,2024-01-01,2024-01-02,982.8235,3519.0,27.93,966.37,2728.2,1761.8,1141.2834,11645.29,20063.51,1094.7559,14.3547,-,E,0.0,86.12,[]
EU,eu,eu,2024-10-15 13:40:23,2024-01-02,2024-01-03,980.3646,3519.0,27.86,797.36,3214.3,2416.9,1141.2834,11645.43,20069.13,1094.7558,14.7423,-,C,-0.22,85.9,[]
EU,eu,eu,2024-10-15 13:39:39,2024-01-03,2024-01-04,977.8049,3519.0,27.79,507.0,2889.8,2382.8,1141.2834,11636.54,20036.72,1094.7558,14.9399,-,C,-0.22,85.68,[]
EU,eu,eu,2024-10-15 13:40:08,2024-01-04,2024-01-05,973.9535,3519.0,27.68,241.66,3828.1,3586.5,1141.2834,11645.73,20068.34,1094.7551,15.2722,-,E,-0.34,85.34,[]
EU,eu,eu,2024-10-15 13:40:50,2024-01-05,2024-01-06,969.6804,3519.0,27.56,247.84,4330.0,4082.1,1141.2834,11646.08,20067.41,1094.7548,15.6391,-,C,-0.37,84.96,[]
EU,eu,eu,2024-10-15 13:41:20,2024-01-06,2024-01-07,965.4381,3519.0,27.44,286.29,4299.4,4013.1,1141.2834,11646.33,20066.77,1094.6776,16.1961,-,C,-0.37,84.59,[]
EU,eu,eu,2024-10-15 13:40:38,2024-01-07,2024-01-08,960.2621,3519.0,27.29,216.08,5192.0,4975.9,1141.2834,11646.56,20066.17,1094.6851,16.7772,-,C,-0.45,84.14,[]
EU,eu,eu,2024-10-15 13:42:02,2024-01-08,2024-01-09,951.289,3519.0,27.03,68.21,8637.0,8568.8,1141.2834,11645.75,20064.01,1094.6848,17.3861,-,C,-0.79,83.35,[]
EU,eu,eu,2024-10-15 13:41:07,2024-01-09,2024-01-10,941.6657,3519.0,26.76,46.98,9525.0,9478.0,1141.2834,11647.61,20063.38,1094.6845,18.0226,-,C,-0.84,82.51,[]
EU,eu,eu,2024-10-15 13:41:46,2024-01-10,2024-01-11,931.7757,3519.0,26.48,93.3,9887.8,9794.5,1141.2834,11639.27,20029.51,1094.6757,18.7018,-,C,-0.87,81.64,[]
EU,eu,eu,2025-05-19 08:45:21,2024-01-11,2024-01-12,922.197,3519.0,26.21,132.99,9641.5,9508.5,1141.2834,11648.96,20039.82,1094.6754,19.3202,-,E,-0.84,80.8,[]
EU,eu,eu,2024-10-15 13:42:38,2024-01-12,2024-01-13,913.6162,3519.0,25.96,64.82,8458.9,8394.1,1141.2834,11649.59,20038.17,1094.6751,19.7794,-,E,-0.75,80.05,[]
EU,eu,eu,2024-10-15 13:42:54,2024-01-13,2024-01-14,906.7256,3519.0,25.77,246.72,6986.9,6740.2,1141.2834,11650.2,20036.54,1094.6433,20.334,-,E,-0.6,79.45,[]
EU,eu,eu,2024-10-15 13:43:23,2024-01-14,2024-01-15,900.4664,3519.0,25.59,236.83,6377.9,6141.1,1141.2834,11650.69,20035.26,1094.6432,20.8567,-,C,-0.55,78.9,[]
EU,eu,eu,2025-05-19 08:50:10,2024-01-15,2024-01-16,892.5677,3519.0,25.36,108.27,7935.5,7827.3,1141.2834,11651.16,20034.03,1094.6428,21.4392,-,C,-0.69,78.21,[]
EU,eu,eu,2024-10-15 13:43:09,2024-01-16,2024-01-17,883.9921,3519.0,25.12,141.45,8548.5,8407.1,1141.2834,11651.81,20032.31,1094.6425,22.0052,-,E,-0.75,77.46,[]
EU,eu,eu,2024-10-15 13:43:51,2024-01-17,2024-01-18,875.659,3519.0,24.88,161.03,8311.3,8150.3,1141.2835,11643.47,19998.44,1094.6425,22.5739,-,C,-0.73,76.73,[]
EU,eu,eu,2024-10-15 13:44:04,2024-01-18,2024-01-19,868.0469,3519.0,24.67,132.92,7583.3,7450.4,1141.2835,11653.18,20028.7,1098.7667,23.0366,-,C,-0.67,76.06,[]
EU,eu,eu,2024-10-15 13:43:38,2024-01-19,2024-01-20,860.243,3519.0,24.45,250.1,7912.8,7662.7,1141.2835,11653.73,20027.68,1098.575,23.8659,-,E,-0.68,75.38,[]
EU,eu,eu,2024-10-15 13:44:19,2024-01-20,2024-01-21,853.8786,3519.0,24.26,357.23,6861.3,6504.0,1141.2835,11654.38,20025.98,1098.5749,24.4492,-,C,-0.56,74.82,[]
EU,eu,eu,2024-10-15 13:44:32,2024-01-21,2024-01-22,847.9545,3519.0,24.1,455.37,6243.6,5788.2,1141.2835,11654.99,20024.37,1098.5745,25.0231,-,E,-0.52,74.3,[]
EU,eu,eu,2024-10-15 13:44:44,2024-01-22,2024-01-23,842.0951,3519.0,23.93,369.08,6110.6,5741.5,1141.2835,11655.49,20002.06,1098.5742,25.5804,-,C,-0.51,73.78,[]
EU,eu,eu,2024-10-15 13:44:56,2024-01-23,2024-01-24,836.654,3519.0,23.78,288.66,5662.1,5373.4,1141.2835,11655.71,19939.53,1098.574,25.9482,-,C,-0.48,73.31,[]
EU,eu,eu,2024-10-15 13:45:09,2024-01-24,2024-01-25,832.2717,3519.0,23.65,445.64,4698.1,4252.4,1141.2835,11647.03,19906.55,1098.5738,26.313,-,E,-0.38,72.92,[]
EU,eu,eu,2024-10-15 13:45:19,2024-01-25,2024-01-26,827.669,3519.0,23.52,494.37,5031.4,4537.0,1141.2835,11656.18,19938.28,1098.5735,26.6341,-,C,-0.4,72.52,[]
EU,eu,eu,2024-10-15 13:45:28,2024-01-26,2024-01-27,823.4162,3519.0,23.4,550.56,4641.7,4091.2,1141.2559,11656.29,19938.0,1098.5457,27.2064,-,E,-0.37,72.15,[]
EU,eu,eu,2024-10-15 13:45:36,2024-01-27,2024-01-28,819.356,3519.0,23.28,342.52,4345.1,4002.6,1141.2559,11656.47,19937.52,1098.5368,27.7781,-,E,-0.36,71.79,[]
EU,eu,eu,2024-10-15 13:46:07,2024-01-28,2024-01-29,815.1971,3519.0,23.17,395.39,4352.3,3956.9,1141.2835,11656.7,19936.91,1098.5641,28.3403,-,C,-0.36,71.43,[]
EU,eu,eu,2024-10-15 13:45:57,2024-01-29,2024-01-30,809.796,3519.0,23.01,297.77,5591.5,5293.7,1141.2835,11656.93,19936.29,1098.5638,28.8996,-,C,-0.47,70.95,[]
EU,eu,eu,2024-10-15 14:02:53,2024-01-30,2024-01-31,804.5193,3519.0,22.86,282.84,5439.6,5156.7,1141.2835,11657.17,19935.66,1098.5664,29.4587,-,C,-0.46,70.49,[]
EU,eu,eu,2024-10-15 13:45:46,2024-01-31,2024-02-01,799.5583,3519.0,22.72,295.94,5257.1,4961.2,1141.2835,11648.44,19902.82,1098.6161,29.7626,-,C,-0.43,70.06,[]
EU,eu,eu,2025-04-04 10:45:24,2024-02-01,2024-02-02,794.5999,3519.0,22.58,320.08,5065.8,4745.7,1141.2835,11657.9,19933.75,1099.3646,30.3489,-,E,-0.43,69.62,[]
EU,eu,eu,2024-10-15 14:03:28,2024-02-02,2024-02-03,790.3394,3519.0,22.46,337.28,4553.2,4215.9,1141.2835,11658.05,19993.33,1099.3706,30.9308,-,C,-0.37,69.25,[]
EU,eu,eu,2024-10-15 14:03:19,2024-02-03,2024-02-04,787.8439,3519.0,22.39,867.81,3295.2,2427.4,1141.2835,11658.28,19992.74,1099.3706,31.4492,-,C,-0.22,69.03,[]
EU,eu,eu,2024-10-15 14:03:39,2024-02-04,2024-02-05,785.4001,3519.0,22.32,815.84,3216.0,2400.1,1141.2835,11658.42,19992.36,1099.3705,31.966,-,C,-0.21,68.82,[]
EU,eu,eu,2024-10-15 14:03:07,2024-02-05,2024-02-06,781.7123,3519.0,22.21,370.8,3914.0,3543.2,1141.2835,11658.54,19992.06,1099.4045,32.451,-,C,-0.32,68.49,[]
EU,eu,eu,2024-10-15 14:04:01,2024-02-06,2024-02-07,778.0658,3519.0,22.11,429.63,3947.9,3518.3,1141.2835,11658.7,19991.63,1099.3705,33.007,-,C,-0.32,68.17,[]
EU,eu,eu,2024-10-15 14:03:50,2024-02-07,2024-02-08,773.3838,3519.0,21.98,220.02,4755.6,4535.6,1141.2835,11649.91,19958.94,1099.3703,33.4387,-,C,-0.41,67.76,[]
EU,eu,eu,2024-10-15 14:04:45,2024-02-08,2024-02-09,768.8824,3519.0,21.85,349.03,4708.0,4358.9,1141.2835,11659.36,19989.88,1099.3703,33.9285,-,E,-0.39,67.37,[]
EU,eu,eu,2024-10-15 14:04:31,2024-02-09,2024-02-10,765.9301,3519.0,21.77,446.21,3330.2,2884.0,1141.2835,11659.78,19988.79,1099.3703,34.3991,-,C,-0.26,67.11,[]
EU,eu,eu,2024-10-15 14:04:59,2024-02-10,2024-02-11,763.9623,3519.0,21.71,598.7,2374.6,1775.9,1141.2835,11659.97,19988.28,1101.4003,32.7461,-,C,-0.17,66.94,[]
EU,eu,eu,2024-10-15 14:04:16,2024-02-11,2024-02-12,761.8656,3519.0,21.65,528.3,2434.1,1905.8,1137.8723,11660.14,19979.83,1101.4003,33.0983,-,C,-0.18,66.96,[]
EU,eu,eu,2024-10-15 14:05:15,2024-02-12,2024-02-13,757.9335,3519.0,21.54,205.73,3974.7,3768.9,1141.2835,11660.33,19979.32,1101.5022,33.3553,-,C,-0.34,66.41,[]
EU,eu,eu,2024-10-15 14:05:29,2024-02-13,2024-02-14,753.9802,3519.0,21.43,247.67,3987.2,3739.6,1141.2835,11660.53,19978.81,1101.5082,33.7131,-,C,-0.35,66.06,[]
EU,eu,eu,2024-10-15 14:06:05,2024-02-14,2024-02-15,750.806,3519.0,21.34,294.58,3388.9,3094.4,1141.2835,11651.72,19946.18,1101.5082,33.9978,-,C,-0.28,65.79,[]
EU,eu,eu,2024-10-15 14:05:45,2024-02-15,2024-02-16,748.3018,3519.0,21.26,475.52,2894.9,2419.4,1141.2835,11660.91,19977.8,1102.0022,34.2892,-,C,-0.22,65.57,[]
EU,eu,eu,2024-10-15 14:06:31,2024-02-16,2024-02-17,746.2797,3519.0,21.21,647.96,2607.8,1959.8,1141.2835,11661.15,19977.17,1103.5465,34.6264,-,C,-0.18,65.39,[]
EU,eu,eu,2024-10-15 14:07:17,2024-02-17,2024-02-18,745.0395,3519.0,21.17,839.52,2015.2,1175.7,1141.2835,11661.27,19976.84,1103.5725,34.838,-,C,-0.11,65.28,[]
EU,eu,eu,2024-10-15 14:06:55,2024-02-18,2024-02-19,743.8023,3519.0,21.14,754.07,1934.1,1180.1,1141.2835,11661.36,19976.6,1103.5774,35.0733,-,C,-0.11,65.17,[]
EU,eu,eu,2024-10-15 14:07:33,2024-02-19,2024-02-20,741.5295,3519.0,21.07,488.61,2667.3,2178.7,1141.2835,11661.47,19976.31,1103.5739,35.4194,-,C,-0.2,64.97,[]
EU,eu,eu,2024-10-15 14:43:25,2024-02-20,2024-02-21,739.1399,3519.0,21.0,371.63,2688.2,2316.6,1141.2835,11661.56,19976.09,1104.4401,34.7035,-,C,-0.21,64.76,[]
EU,eu,eu,2024-10-15 14:43:13,2024-02-21,2024-02-22,736.6726,3519.0,20.93,345.94,2744.6,2398.6,1141.3835,11652.71,19935.73,1104.4386,34.9168,-,E,-0.22,64.54,[]
EU,eu,eu,2024-10-15 14:43:01,2024-02-22,2024-02-23,734.2078,3519.0,20.86,364.75,2753.1,2388.4,1141.3835,11661.81,19967.59,1104.4401,35.014,-,C,-0.22,64.33,[]
EU,eu,eu,2024-10-15 14:42:30,2024-02-23,2024-02-24,731.1868,3519.0,20.78,297.67,3256.9,2959.2,1141.3835,11661.91,19970.28,1104.44,35.1363,-,C,-0.26,64.06,[]
EU,eu,eu,2024-10-15 14:42:51,2024-02-24,2024-02-25,728.9427,3519.0,20.71,466.25,2660.6,2194.3,1141.3835,11661.99,19967.13,1104.8202,35.0006,-,C,-0.2,63.86,[]
EU,eu,eu,2024-10-15 14:41:57,2024-02-25,2024-02-26,727.0986,3519.0,20.66,518.92,2351.4,1832.5,1141.3835,11662.13,19966.75,1104.8262,35.2297,-,C,-0.16,63.7,[]
EU,eu,eu,2024-10-15 14:42:41,2024-02-26,2024-02-27,723.4581,3519.0,20.56,253.98,3857.7,3603.7,1141.3835,11662.27,19966.39,1104.7495,35.471,-,C,-0.32,63.38,[]
EU,eu,eu,2024-10-15 14:42:09,2024-02-27,2024-02-28,719.3716,3519.0,20.44,303.47,4253.8,3950.3,1141.3835,11662.41,19966.0,1104.7554,35.8657,-,C,-0.36,63.03,[]
EU,eu,eu,2024-10-15 14:40:26,2024-02-28,2024-02-29,715.4699,3519.0,20.33,305.93,4150.6,3844.6,1141.3835,11653.55,19933.5,1104.7674,35.8538,-,C,-0.34,62.68,[]
EU,eu,eu,2024-10-15 14:41:39,2024-02-29,2024-03-01,712.4841,3519.0,20.25,488.61,3444.8,2956.2,1141.3835,11662.72,19965.19,1104.9845,36.1202,-,C,-0.26,62.42,[]
EU,eu,eu,2024-10-15 14:41:31,2024-03-01,2024-03-02,710.2454,3519.0,20.18,355.15,2541.5,2186.4,1141.3835,11662.79,19958.0,1109.0459,32.4067,-,C,-0.2,62.23,[]
EU,eu,eu,2024-10-15 14:41:21,2024-03-02,2024-03-03,709.3771,3519.0,20.16,818.71,1642.2,823.5,1141.6129,11662.88,19957.78,1109.046,32.6728,-,C,-0.08,62.14,[]
EU,eu,eu,2024-10-15 14:41:10,2024-03-03,2024-03-04,708.6572,3519.0,20.14,908.21,1597.2,688.9,1141.6129,11662.94,19957.6,1109.296,32.6752,-,C,-0.06,62.08,[]
EU,eu,eu,2024-10-15 14:41:48,2024-03-04,2024-03-05,706.1442,3519.0,20.07,358.28,2803.2,2444.9,1141.613,11663.01,19957.43,1109.326,33.027,-,C,-0.22,61.85,[]
EU,eu,eu,2024-10-15 14:42:19,2024-03-05,2024-03-06,703.034,3519.0,19.98,210.17,3251.4,3041.2,1141.613,11663.11,19957.15,1109.3259,33.037,-,E,-0.27,61.58,[]
EU,eu,eu,2024-10-15 14:40:36,2024-03-06,2024-03-07,699.4265,3519.0,19.88,283.15,3788.7,3505.5,1141.613,11663.24,19944.82,1109.3259,33.4363,-,C,-0.32,61.27,[]
EU,eu,eu,2024-10-15 14:40:59,2024-03-07,2024-03-08,696.2107,3519.0,19.78,324.26,3464.5,3140.2,1141.613,11663.39,19944.42,1109.3259,33.8195,-,C,-0.28,60.98,[]
EU,eu,eu,2024-10-15 14:40:48,2024-03-08,2024-03-09,693.5633,3519.0,19.71,367.92,2945.7,2577.8,1141.613,11663.49,19944.16,1109.556,33.8239,-,C,-0.23,60.75,[]
EU,eu,eu,2024-10-15 14:48:23,2024-03-09,2024-03-10,692.3154,3519.0,19.67,663.73,1854.8,1191.1,1141.613,11663.61,19943.86,1109.6039,33.776,-,C,-0.11,60.64,[]
EU,eu,eu,2024-10-15 14:48:00,2024-03-10,2024-03-11,691.4001,3519.0,19.65,802.6,1667.2,864.6,1141.613,11663.67,19943.69,1109.6039,33.776,-,C,-0.08,60.56,[]
EU,eu,eu,2024-10-15 14:47:43,2024-03-11,2024-03-12,688.6612,3519.0,19.57,270.84,2943.5,2672.7,1141.613,11663.73,19936.53,1110.0523,33.776,-,C,-0.24,60.32,[]
EU,eu,eu,2024-10-15 14:48:12,2024-03-12,2024-03-13,685.7393,3519.0,19.49,282.4,3142.3,2859.9,1141.613,11663.85,19936.21,1110.0523,33.8264,-,C,-0.26,60.07,[]
EU,eu,eu,2024-10-15 14:44:18,2024-03-13,2024-03-14,683.3923,3519.0,19.42,310.94,2607.9,2296.9,1141.613,11654.97,19903.77,1270.5221,-126.5929,-,E,-0.21,59.86,[]
EU,eu,eu,2024-10-15 14:47:35,2024-03-14,2024-03-15,683.1464,3519.0,19.41,850.17,1950.3,1100.1,1141.613,11664.05,19935.7,1271.5736,-127.594,-,E,-0.02,59.84,[]
EU,eu,eu,2024-10-15 14:47:51,2024-03-15,2024-03-16,681.7707,3519.0,19.37,1026.49,1450.9,424.4,1141.613,11664.31,19935.02,1111.1098,32.9202,-,E,-0.12,59.72,[]
EU,eu,eu,2024-10-15 14:47:25,2024-03-16,2024-03-17,681.4035,3519.0,19.36,1056.12,1392.9,336.8,1141.5453,11664.35,19934.89,1110.6427,32.7288,-,E,-0.03,59.69,[]
EU,eu,eu,2024-10-15 14:46:35,2024-03-17,2024-03-18,680.9728,3519.0,19.35,1012.05,1405.4,393.3,1141.5453,11664.41,19934.75,1110.6468,32.7246,-,E,-0.04,59.65,[]
EU,eu,eu,2024-10-15 14:47:00,2024-03-18,2024-03-19,679.3258,3519.0,19.3,528.08,2088.4,1560.3,1141.5177,11664.5,19934.5,1110.6318,32.7119,-,E,-0.14,59.51,[]
EU,eu,eu,2024-10-15 14:45:27,2024-03-19,2024-03-20,677.7172,3519.0,19.26,692.56,2269.4,1576.8,1141.5177,11664.56,19934.34,1110.6382,32.7035,-,E,-0.14,59.37,[]
EU,eu,eu,2024-10-15 14:45:55,2024-03-20,2024-03-21,676.5293,3519.0,19.23,736.41,1897.7,1161.3,1141.5453,11655.62,19902.06,1110.6695,32.7,-,E,-0.1,59.26,[]
EU,eu,eu,2024-10-15 14:46:20,2024-03-21,2024-03-22,675.708,3519.0,19.2,830.19,1585.1,755.0,1141.5453,11664.68,19925.03,1110.6695,32.7,-,E,-0.07,59.19,[]
EU,eu,eu,2024-10-15 14:45:41,2024-03-22,2024-03-23,675.4096,3519.0,19.19,1019.22,1259.5,240.3,1141.5453,11664.75,19924.83,1110.6695,32.7,-,E,-0.03,59.17,[]
EU,eu,eu,2024-10-15 14:46:06,2024-03-23,2024-03-24,675.6173,3519.0,19.2,1252.29,1022.8,-229.5,1141.5453,11664.82,19924.66,1110.7067,32.6628,-,E,0.02,59.18,[]
EU,eu,eu,2024-10-15 14:47:13,2024-03-24,2024-03-25,675.3142,3519.0,19.19,1117.39,1408.8,291.4,1141.5453,11664.87,19924.52,1110.7067,32.6628,-,E,-0.03,59.16,[]
EU,eu,eu,2024-10-15 13:46:45,2024-03-25,2024-03-26,673.4159,3519.0,19.14,545.81,2377.4,1831.6,1141.5453,11664.96,19924.3,1110.7067,32.6628,-,E,-0.17,58.99,[]
EU,eu,eu,2024-10-15 14:08:29,2024-03-26,2024-03-27,672.2386,3519.0,19.1,650.96,1688.8,1037.8,1141.5453,11665.07,19924.01,1110.7067,32.6628,-,C,-0.1,58.89,[]
EU,eu,eu,2024-10-15 14:08:57,2024-03-27,2024-03-28,671.1349,3519.0,19.07,691.05,1798.9,1107.8,1141.5453,11665.17,19923.74,1110.7067,32.6628,-,C,-0.1,58.79,[]
EU,eu,eu,2024-10-15 14:08:00,2024-03-28,2024-03-29,669.9592,3519.0,19.04,807.65,1939.8,1132.2,1141.5453,11665.23,19927.05,1110.7067,32.6628,-,C,-0.1,58.69,[]
EU,eu,eu,2024-10-15 13:46:59,2024-03-29,2024-03-30,669.9592,3519.0,19.04,1236.33,1215.8,-20.5,1141.5453,11665.31,19923.38,1110.7067,32.7278,-,C,0.0,58.69,[]
EU,eu,eu,2024-10-15 14:08:43,2024-03-30,2024-03-31,670.2893,3519.0,19.05,1612.93,1278.7,-334.2,1141.5453,11478.16,19636.31,1110.7067,32.6363,-,E,0.03,58.72,[]
EU,eu,eu,2024-10-15 14:08:15,2024-03-31,2024-04-01,666.1458,3519.0,18.93,3105.66,802.0,-2303.7,1139.1544,11665.41,19923.11,1114.4086,26.7622,-,E,-0.36,58.48,[]
EU,eu,eu,2024-10-15 14:09:10,2024-04-01,2024-04-02,669.1111,3519.0,19.01,2101.88,1979.8,-122.1,1129.916,11626.17,19800.29,933.1338,183.4629,-,C,0.26,59.22,[]
EU,eu,eu,2024-10-15 13:47:14,2024-04-02,2024-04-03,670.6287,3519.0,19.06,1244.49,893.6,-350.9,1129.916,11650.79,19808.35,958.579,158.0178,-,C,0.13,59.35,[]
EU,eu,eu,2024-10-15 13:46:32,2024-04-03,2024-04-04,671.3505,3519.0,19.08,1137.13,928.2,-209.0,1130.1588,11649.26,19789.06,958.5827,157.814,-,C,0.06,59.4,[]
EU,eu,eu,2024-10-15 14:09:22,2024-04-04,2024-04-05,671.7742,3519.0,19.09,1472.53,643.5,-829.0,1130.1589,11658.24,19877.26,968.394,148.0028,-,C,0.04,59.44,[]
EU,eu,eu,2024-10-15 14:09:31,2024-04-05,2024-04-06,673.6079,3519.0,19.14,2468.76,364.0,-2104.7,1130.1589,11658.3,19877.1,969.7697,147.0361,-,E,0.16,59.6,[]
EU,eu,eu,2024-10-15 14:09:50,2024-04-06,2024-04-07,677.2041,3519.0,19.24,3402.48,157.6,-3244.9,1125.6614,11658.15,19877.51,970.9019,147.1057,-,C,0.32,60.16,[]
EU,eu,eu,2024-10-15 14:09:41,2024-04-07,2024-04-08,680.1409,3519.0,19.33,3740.36,157.6,-3582.7,1125.6614,11657.92,19878.11,1031.6524,86.2346,-,E,0.26,60.42,[]
EU,eu,eu,2024-10-15 14:10:13,2024-04-08,2024-04-09,683.4832,3519.0,19.42,2693.54,391.9,-2301.7,1125.6614,11657.63,19878.89,1033.0426,84.7858,-,C,0.3,60.72,[]
EU,eu,eu,2024-10-15 14:44:52,2024-04-09,2024-04-10,685.2941,3519.0,19.47,2587.63,414.8,-2172.8,1130.1589,11655.8,19878.12,1033.2412,84.4686,-,C,0.16,60.64,[]
EU,eu,eu,2024-10-15 14:13:22,2024-04-10,2024-04-11,686.8486,3519.0,19.52,2131.68,614.2,-1517.5,1130.1589,11646.67,19846.32,1033.7157,83.8733,-,C,0.14,60.77,[]
EU,eu,eu,2024-10-15 14:13:36,2024-04-11,2024-04-12,688.9496,3519.0,19.58,2317.75,476.0,-1841.7,1125.6614,11655.6,19876.65,1033.9335,83.6139,-,C,0.19,61.2,[]
EU,eu,eu,2024-10-15 14:10:00,2024-04-12,2024-04-13,691.7604,3519.0,19.66,3041.79,221.9,-2819.9,1125.6614,11655.44,19877.06,1033.7149,83.7384,-,E,0.25,61.45,[]
EU,eu,eu,2024-10-15 14:11:03,2024-04-13,2024-04-14,695.7098,3519.0,19.77,3994.54,126.6,-3868.0,1125.6614,11655.13,19877.88,1031.5962,85.7323,-,C,0.35,61.8,[]
EU,eu,eu,2024-10-15 14:10:39,2024-04-14,2024-04-15,699.3679,3519.0,19.87,3840.59,163.9,-3676.7,1125.6614,11654.74,19878.92,1031.586,85.6381,-,C,0.32,62.13,[]
EU,eu,eu,2024-10-15 14:13:51,2024-04-15,2024-04-16,701.5052,3519.0,19.93,2542.71,373.4,-2169.3,1125.6436,11654.38,19879.86,1030.5826,86.5466,-,C,0.19,62.32,[]
EU,eu,eu,2024-10-15 14:10:27,2024-04-16,2024-04-17,702.7103,3519.0,19.97,1890.2,636.4,-1253.8,1130.1411,11654.24,19880.24,1031.5784,89.9784,-,C,0.11,62.18,[]
EU,eu,eu,2024-10-15 14:07:47,2024-04-17,2024-04-18,702.7987,3519.0,19.97,1641.42,1539.5,-101.9,1130.4091,11647.8,19848.61,1032.9494,89.8598,-,C,0.01,62.17,[]
EU,eu,eu,2024-10-15 14:10:51,2024-04-18,2024-04-19,702.5321,3519.0,19.96,1400.16,1642.6,242.5,1130.4091,11656.98,19880.27,1032.9494,89.8597,-,C,-0.02,62.15,[]
EU,eu,eu,2024-10-15 14:45:10,2024-04-19,2024-04-20,702.3462,3519.0,19.96,1343.12,1469.7,126.6,1130.4091,11657.12,19879.89,1032.9594,89.8497,-,C,-0.02,62.13,[]
EU,eu,eu,2024-10-15 14:13:06,2024-04-20,2024-04-21,702.9335,3519.0,19.98,1632.21,1002.2,-630.0,1130.4091,11712.13,19879.87,1032.878,89.9311,-,C,0.05,62.18,[]
EU,eu,eu,2024-10-15 14:14:03,2024-04-21,2024-04-22,703.514,3519.0,19.99,1567.98,973.1,-594.9,1130.4091,11712.13,19878.85,1032.8819,89.9273,-,C,0.05,62.24,[]
EU,eu,eu,2024-10-15 14:11:15,2024-04-22,2024-04-23,702.2528,3519.0,19.96,1171.03,2463.8,1292.7,1130.4091,11712.2,19878.67,1037.0353,89.8983,-,C,-0.11,62.12,[]
EU,eu,eu,2024-10-15 14:44:36,2024-04-23,2024-04-24,700.6539,3519.0,19.91,1082.65,2711.8,1629.1,1130.4091,11712.54,19877.79,1036.9248,90.0089,-,C,-0.14,61.98,[]
EU,eu,eu,2024-10-15 14:12:01,2024-04-24,2024-04-25,699.2015,3519.0,19.87,1092.9,2564.9,1472.0,1130.4091,11725.92,19815.65,1036.9168,90.0169,-,C,-0.13,61.85,[]
EU,eu,eu,2024-10-15 14:11:28,2024-04-25,2024-04-26,697.8631,3519.0,19.83,1106.56,2448.1,1341.5,1130.4091,11735.14,19847.2,1033.9898,90.0055,-,C,-0.12,61.74,[]
EU,eu,eu,2024-10-15 14:11:49,2024-04-26,2024-04-27,697.5113,3519.0,19.82,1122.93,1499.4,376.5,1130.4091,11735.4,19846.52,1034.1792,90.0161,-,C,-0.03,61.7,[]
EU,eu,eu,2024-10-15 14:12:49,2024-04-27,2024-04-28,699.0063,3519.0,19.86,1976.82,536.9,-1439.9,1130.4091,11735.54,19846.15,1033.2188,90.9765,-,E,0.13,61.84,[]
EU,eu,eu,2024-10-15 14:12:33,2024-04-28,2024-04-29,701.3379,3519.0,19.93,2569.64,287.4,-2282.2,1130.4091,11735.39,19846.53,1031.1486,90.8865,-,E,0.21,62.04,[]
EU,eu,eu,2024-10-15 14:12:17,2024-04-29,2024-04-30,703.2102,3519.0,19.98,2126.25,371.0,-1755.2,1130.4091,11735.22,19847.0,1031.0521,93.0067,-,E,0.17,62.21,[]
EU,eu,eu,2024-10-15 14:11:39,2024-04-30,2024-05-01,705.7761,3519.0,20.06,2667.45,237.2,-2430.2,1130.4091,11735.1,19847.3,1031.5263,92.4181,-,C,0.23,62.44,[]
EU,eu,eu,2025-06-02 13:40:44,2024-05-01,2024-05-02,708.9415,3519.0,20.15,3374.7,227.6,-3147.1,1130.7807,11748.06,19679.81,1017.105,105.8304,-,C,0.28,62.69,[]
EU,eu,eu,2025-06-02 13:41:10,2024-05-02,2024-05-03,711.8372,3519.0,20.23,3231.73,333.1,-2898.6,1132.0607,11781.59,19754.17,1019.3496,104.4793,-,E,0.26,62.88,[]
EU,eu,eu,2025-06-02 13:41:14,2024-05-03,2024-05-04,714.1125,3519.0,20.29,2651.55,468.1,-2183.4,1132.0607,11781.01,19755.7,1019.5107,103.9412,-,E,0.2,63.08,[]
EU,eu,eu,2025-06-02 13:41:12,2024-05-04,2024-05-05,716.806,3519.0,20.37,2999.51,277.4,-2722.1,1132.0607,11780.87,19756.07,1019.5384,103.5119,-,E,0.24,63.32,[]
EU,eu,eu,2025-06-02 13:41:08,2024-05-05,2024-05-06,719.6126,3519.0,20.45,3075.21,252.1,-2823.1,1133.0607,11787.89,19763.76,1019.5378,104.1261,-,C,0.25,63.51,[]
EU,eu,eu,2025-06-02 13:41:17,2024-05-06,2024-05-07,721.7591,3519.0,20.51,2338.36,759.0,-1579.3,1133.0607,11787.73,19764.17,1019.5378,103.7507,-,C,0.19,63.7,[]
EU,eu,eu,2025-06-02 13:40:51,2024-05-07,2024-05-08,723.2142,3519.0,20.55,2177.11,715.2,-1461.9,1133.0607,11787.78,19764.04,1019.6444,103.3258,-,E,0.13,63.83,[]
EU,eu,eu,2025-06-02 13:41:01,2024-05-08,2024-05-09,724.4164,3519.0,20.59,2171.51,843.4,-1328.1,1133.0607,11778.96,19731.44,1019.488,103.0965,-,C,0.11,63.93,[]
EU,eu,eu,2025-06-02 13:40:59,2024-05-09,2024-05-10,727.319,3519.0,20.67,3068.21,243.8,-2824.5,1133.0607,11788.08,19763.24,1024.5724,98.012,-,E,0.26,64.19,[]
EU,eu,eu,2025-06-02 13:41:06,2024-05-10,2024-05-11,730.4044,3519.0,20.76,3427.55,235.7,-3191.9,1133.0607,11787.86,19763.83,1024.7325,97.33,-,C,0.27,64.46,[]
EU,eu,eu,2025-06-02 13:41:04,2024-05-11,2024-05-12,734.4311,3519.0,20.87,4204.05,137.7,-4066.4,1133.0607,11787.62,19764.47,1024.7393,97.0351,-,C,0.36,64.82,[]
EU,eu,eu,2025-06-02 13:40:54,2024-05-12,2024-05-13,738.6014,3519.0,20.99,4311.42,132.4,-4179.0,1133.0607,11787.12,19765.78,1024.7393,96.7559,-,C,0.37,65.19,[]
EU,eu,eu,2025-06-02 13:40:56,2024-05-13,2024-05-14,742.0061,3519.0,21.09,3541.96,193.5,-3348.4,1133.0607,11786.62,19767.1,1024.7393,96.48,-,C,0.3,65.49,[]
EU,eu,eu,2025-06-02 13:40:46,2024-05-14,2024-05-15,745.4346,3519.0,21.18,3583.84,156.2,-3427.7,1133.0607,11786.12,19768.42,1025.0203,96.0625,-,C,0.3,65.79,[]
EU,eu,eu,2025-06-02 13:40:49,2024-05-15,2024-05-16,748.5274,3519.0,21.27,3259.24,170.8,-3088.4,1133.0607,11776.59,19737.69,1025.4899,95.3523,-,C,0.27,66.06,[]
EU,eu,eu,2025-06-02 13:40:39,2024-05-16,2024-05-17,751.0707,3519.0,21.34,2803.63,256.2,-2547.5,1133.0607,11785.21,19770.82,1025.1919,95.6613,-,C,0.22,66.29,[]
EU,eu,eu,2025-06-02 13:40:42,2024-05-17,2024-05-18,753.8838,3519.0,21.42,2982.01,178.4,-2803.6,1133.0607,11784.99,19771.41,1025.2067,95.4338,-,C,0.25,66.54,[]
EU,eu,eu,2025-06-02 13:40:04,2024-05-18,2024-05-19,757.264,3519.0,21.52,3610.68,203.1,-3407.6,1133.0607,11784.68,19772.22,1025.2152,95.0677,-,C,0.3,66.83,[]
EU,eu,eu,2025-06-02 13:40:30,2024-05-19,2024-05-20,760.7549,3519.0,21.62,3664.2,142.4,-3521.8,1133.0607,11784.45,19772.83,1025.2151,94.7025,-,C,0.31,67.14,[]
EU,eu,eu,2025-06-02 13:40:33,2024-05-20,2024-05-21,763.6009,3519.0,21.7,3086.27,203.9,-2882.4,1133.0607,11784.2,19773.48,1025.1911,94.4304,-,C,0.25,67.39,[]
EU,eu,eu,2025-06-02 13:40:28,2024-05-21,2024-05-22,765.1428,3519.0,21.74,2242.31,693.6,-1548.7,1133.0607,11784.06,19773.86,1025.2152,94.2107,-,C,0.14,67.53,[]
EU,eu,eu,2025-06-02 13:40:36,2024-05-22,2024-05-23,767.3966,3519.0,21.81,2826.87,570.1,-2256.8,1133.0607,11774.93,19742.08,1025.1469,93.9968,-,C,0.2,67.73,[]
EU,eu,eu,2025-06-02 13:40:20,2024-05-23,2024-05-24,770.0577,3519.0,21.88,2990.53,323.9,-2666.6,1133.0607,11782.63,19777.62,1025.1761,93.706,-,C,0.23,67.96,[]
EU,eu,eu,2025-06-02 13:40:25,2024-05-24,2024-05-25,772.6885,3519.0,21.96,2970.8,334.2,-2636.6,1133.0607,11782.42,19778.19,1025.8499,92.8216,-,C,0.23,68.19,[]
EU,eu,eu,2025-06-02 13:40:22,2024-05-25,2024-05-26,775.9266,3519.0,22.05,3414.86,175.3,-3239.6,1133.0607,11782.19,19778.8,1026.0431,92.2456,-,C,0.29,68.48,[]
EU,eu,eu,2025-06-02 13:40:18,2024-05-26,2024-05-27,779.7599,3519.0,22.16,3623.92,125.2,-3498.7,1133.0607,11781.95,19779.44,1026.0436,91.8622,-,C,0.34,68.82,[]
EU,eu,eu,2025-06-02 13:40:11,2024-05-27,2024-05-28,782.4725,3519.0,22.24,2959.43,242.8,-2716.6,1133.0607,11809.44,19780.17,1030.7002,91.7946,-,C,0.24,69.06,[]
EU,eu,eu,2025-06-02 13:40:13,2024-05-28,2024-05-29,784.916,3519.0,22.31,2759.54,312.2,-2447.3,1133.0607,11809.19,19780.83,1030.6996,91.4193,-,C,0.22,69.27,[]
EU,eu,eu,2025-06-02 13:40:06,2024-05-29,2024-05-30,787.2028,3519.0,22.37,2639.54,346.2,-2293.3,1133.0607,11800.0,19749.21,1030.7113,91.0251,-,C,0.2,69.48,[]
EU,eu,eu,2025-06-02 13:40:16,2024-05-30,2024-05-31,789.7389,3519.0,22.44,2897.25,359.1,-2538.2,1133.0607,11808.77,19781.94,1030.8094,90.5448,-,E,0.22,69.7,[]
EU,eu,eu,2025-06-02 13:40:08,2024-05-31,2024-06-01,792.9097,3519.0,22.53,3302.25,158.5,-3143.8,1133.0607,11809.7,19779.48,1030.8204,90.1518,-,C,0.28,69.98,[]
EU,eu,eu,2025-06-02 13:46:03,2024-06-01,2024-06-02,795.5348,3519.0,22.61,3435.7,197.0,-3238.7,1134.5981,11809.5,19780.01,1028.9944,92.9929,-,C,0.23,70.12,[]
EU,eu,eu,2025-06-02 13:46:11,2024-06-02,2024-06-03,798.6805,3519.0,22.7,3366.95,219.0,-3148.0,1134.5981,11809.24,19780.68,1029.4673,92.4082,-,C,0.28,70.39,[]
EU,eu,eu,2025-06-02 13:45:37,2024-06-03,2024-06-04,800.5558,3519.0,22.75,2474.4,588.7,-1885.7,1134.5981,11808.96,19781.43,1028.9943,92.7751,-,C,0.17,70.56,[]
EU,eu,eu,2025-06-02 13:46:06,2024-06-04,2024-06-05,802.3301,3519.0,22.8,2336.23,559.6,-1776.6,1134.5981,11808.7,19782.12,1029.3796,92.2897,-,C,0.16,70.71,[]
EU,eu,eu,2025-06-02 13:46:00,2024-06-05,2024-06-06,804.2831,3519.0,22.86,2353.75,421.1,-1932.6,1134.5981,11799.52,19750.46,1028.9067,92.6682,-,C,0.17,70.89,[]
EU,eu,eu,2025-06-02 13:46:09,2024-06-06,2024-06-07,806.8609,3519.0,22.93,2626.3,483.3,-2143.0,1134.5981,11808.32,19783.11,1029.0131,92.4673,-,E,0.23,71.11,[]
EU,eu,eu,2025-06-02 13:45:57,2024-06-07,2024-06-08,809.2998,3519.0,23.0,2797.18,361.5,-2435.6,1134.5981,11808.15,19783.56,1029.213,92.1693,-,C,0.21,71.33,[]
EU,eu,eu,2025-06-02 13:45:55,2024-06-08,2024-06-09,812.5253,3519.0,23.09,3595.22,354.2,-3241.0,1134.5981,11807.93,19784.15,1029.4865,91.7728,-,E,0.28,71.61,[]
EU,eu,eu,2025-06-02 13:45:53,2024-06-09,2024-06-10,815.7288,3519.0,23.18,3447.97,244.9,-3203.1,1134.5981,11807.57,19785.09,1029.4893,91.6755,-,C,0.28,71.9,[]
EU,eu,eu,2025-06-02 13:45:46,2024-06-10,2024-06-11,817.9674,3519.0,23.24,2602.65,356.7,-2245.9,1133.7861,11807.28,19785.87,1028.6791,91.5793,-,E,0.2,72.14,[]
EU,eu,eu,2025-06-02 13:45:51,2024-06-11,2024-06-12,819.9515,3519.0,23.3,2271.63,286.1,-1985.5,1133.7861,11807.09,19786.38,1028.6878,91.4761,-,C,0.17,72.32,[]
EU,eu,eu,2025-06-02 13:45:48,2024-06-12,2024-06-13,821.98,3519.0,23.36,2297.27,253.5,-2043.8,1133.7861,11797.82,19754.94,1028.7384,91.3261,-,C,0.18,72.5,[]
EU,eu,eu,2025-06-02 13:45:42,2024-06-13,2024-06-14,824.2484,3519.0,23.42,2575.18,304.7,-2270.5,1133.7861,11806.5,19787.93,1028.9053,91.0647,-,C,0.2,72.7,[]
EU,eu,eu,2025-06-02 13:45:44,2024-06-14,2024-06-15,827.4555,3519.0,23.51,3412.87,205.7,-3207.2,1133.7861,11806.22,19788.67,1028.9968,90.8787,-,C,0.28,72.98,[]
EU,eu,eu,2025-06-02 13:45:39,2024-06-15,2024-06-16,831.1865,3519.0,23.62,3845.68,113.4,-3732.2,1134.5861,11805.75,19789.9,1029.7473,90.8337,-,C,0.33,73.26,[]
EU,eu,eu,2025-06-02 13:45:31,2024-06-16,2024-06-17,832.8353,3519.0,23.67,3974.86,106.6,-3868.2,1134.5861,11805.41,19790.81,1029.7485,90.7302,-,C,0.15,73.4,[]
EU,eu,eu,2025-06-02 13:45:35,2024-06-17,2024-06-18,837.9257,3519.0,23.81,3040.44,174.0,-2866.5,1134.5861,11805.07,19791.7,1029.7355,90.6487,-,C,0.45,73.85,[]
EU,eu,eu,2025-06-02 13:45:33,2024-06-18,2024-06-19,840.5822,3519.0,23.89,2823.6,162.1,-2661.5,1134.5861,11804.75,19792.55,1029.808,90.4817,-,C,0.23,74.09,[]
EU,eu,eu,2025-06-02 13:45:28,2024-06-19,2024-06-20,843.4487,3519.0,23.97,3003.5,135.1,-2868.4,1134.5861,11795.48,19761.13,1029.8414,90.4483,-,C,0.25,74.34,[]
EU,eu,eu,2025-06-02 13:45:02,2024-06-20,2024-06-21,845.9513,3519.0,24.04,2723.79,215.3,-2508.5,1134.5861,11803.99,19794.54,1029.9313,90.3584,-,E,0.22,74.56,[]
EU,eu,eu,2025-06-02 13:45:26,2024-06-21,2024-06-22,848.6039,3519.0,24.11,2872.13,217.7,-2654.4,1134.5861,11803.67,19795.41,1030.4592,89.8305,-,C,0.23,74.79,[]
EU,eu,eu,2025-06-02 13:45:24,2024-06-22,2024-06-23,852.4008,3519.0,24.22,3925.29,128.6,-3796.7,1134.5861,11801.98,19794.49,1030.5463,89.7435,-,C,0.33,75.13,[]
EU,eu,eu,2025-06-02 13:45:09,2024-06-23,2024-06-24,856.2176,3519.0,24.33,3998.16,116.5,-3881.6,1134.4843,11796.46,19788.64,1029.7275,90.4604,-,C,0.34,75.47,[]
EU,eu,eu,2025-06-02 13:45:21,2024-06-24,2024-06-25,859.1098,3519.0,24.41,2991.9,158.9,-2833.0,1134.5861,11802.55,19798.34,1030.6946,89.5952,-,C,0.25,75.72,[]
EU,eu,eu,2025-06-02 13:45:19,2024-06-25,2024-06-26,861.9297,3519.0,24.49,3018.11,199.1,-2819.0,1134.5861,11802.1,19799.53,1029.5092,89.62,-,C,0.25,75.97,[]
EU,eu,eu,2025-06-02 13:45:12,2024-06-26,2024-06-27,864.8598,3519.0,24.58,3146.15,215.3,-2930.9,1134.5861,11801.76,19800.43,1029.5734,89.5541,-,C,0.26,76.23,[]
EU,eu,eu,2025-06-02 13:45:17,2024-06-27,2024-06-28,867.895,3519.0,24.66,3147.15,171.8,-2975.4,1135.1711,11801.47,19801.2,1029.9513,90.0422,-,C,0.27,76.45,[]
EU,eu,eu,2025-06-02 13:45:04,2024-06-28,2024-06-29,871.1888,3519.0,24.76,3432.54,142.6,-3289.9,1135.1505,11801.26,19801.75,1030.4484,89.5245,-,E,0.29,76.75,[]
EU,eu,eu,2025-06-02 13:45:14,2024-06-29,2024-06-30,874.9805,3519.0,24.86,3915.96,129.0,-3787.0,1135.1505,11800.91,19802.69,1030.4965,89.382,-,E,0.33,77.08,[]
EU,eu,eu,2025-06-02 13:45:07,2024-06-30,2024-07-01,878.8032,3519.0,24.97,3900.21,113.1,-3787.1,1135.1505,11800.57,19803.57,1030.4862,89.2978,-,E,0.34,77.42,[]
EU,eu,eu,2025-06-02 13:51:56,2024-07-01,2024-07-02,881.5666,3519.0,25.05,2978.79,211.4,-2767.4,1135.1505,11800.23,19804.47,1031.2289,88.3286,-,C,0.24,77.66,[]
EU,eu,eu,2025-06-02 13:51:30,2024-07-02,2024-07-03,884.4195,3519.0,25.13,3020.47,164.0,-2856.5,1135.1505,11799.77,19805.69,1031.2041,88.0984,-,C,0.25,77.91,[]
EU,eu,eu,2025-06-02 13:51:28,2024-07-03,2024-07-04,887.228,3519.0,25.21,2988.79,179.1,-2809.7,1135.1505,11790.41,19774.51,1031.3035,87.7444,-,C,0.25,78.16,[]
EU,eu,eu,2025-06-02 13:51:24,2024-07-04,2024-07-05,890.3107,3519.0,25.3,3240.24,153.9,-3086.3,1135.1505,11799.09,19807.49,1031.3025,87.4911,-,C,0.27,78.43,[]
EU,eu,eu,2025-06-02 13:51:26,2024-07-05,2024-07-06,893.5202,3519.0,25.39,3341.78,127.6,-3214.2,1135.1505,11798.73,19808.42,1031.8018,86.7378,-,C,0.28,78.71,[]
EU,eu,eu,2025-06-02 13:51:34,2024-07-06,2024-07-07,897.0592,3519.0,25.49,3727.61,165.4,-3562.2,1135.6492,11808.35,19809.35,1032.1197,86.5389,-,C,0.31,78.99,[]
EU,eu,eu,2025-06-02 13:51:32,2024-07-07,2024-07-08,900.5516,3519.0,25.59,3690.89,185.1,-3505.8,1135.6492,11808.07,19810.1,1032.1197,86.1595,-,C,0.31,79.3,[]
EU,eu,eu,2025-06-02 13:51:44,2024-07-08,2024-07-09,903.7771,3519.0,25.68,3410.09,173.5,-3236.6,1135.6492,11777.31,19810.83,1032.1414,85.7657,-,C,0.28,79.58,[]
EU,eu,eu,2025-06-02 13:51:41,2024-07-09,2024-07-10,906.8107,3519.0,25.77,3317.6,267.5,-3050.1,1135.6492,11807.49,19811.63,1032.1053,85.4344,-,C,0.27,79.85,[]
EU,eu,eu,2025-06-02 13:51:46,2024-07-10,2024-07-11,909.6302,3519.0,25.85,3053.17,222.1,-2831.1,1135.7735,11800.33,19781.85,1031.3693,85.926,-,C,0.25,80.09,[]
EU,eu,eu,2025-06-02 13:51:37,2024-07-11,2024-07-12,912.2059,3519.0,25.92,2883.19,290.4,-2592.7,1135.7735,11809.05,19814.74,1031.3768,85.5472,-,C,0.23,80.32,[]
EU,eu,eu,2025-06-02 13:51:39,2024-07-12,2024-07-13,914.8096,3519.0,26.0,2849.56,239.6,-2610.0,1135.7735,11809.07,19814.67,1031.625,84.965,-,E,0.23,80.55,[]
EU,eu,eu,2025-06-02 13:51:50,2024-07-13,2024-07-14,918.0186,3519.0,26.09,3407.05,198.1,-3208.9,1135.7735,11805.9,19811.35,1031.1108,85.1146,-,C,0.28,80.83,[]
EU,eu,eu,2025-06-02 13:51:48,2024-07-14,2024-07-15,921.3442,3519.0,26.18,3547.91,160.4,-3387.5,1135.7735,11805.47,19812.5,1031.1106,84.7504,-,C,0.29,81.12,[]
EU,eu,eu,2025-06-02 13:51:54,2024-07-15,2024-07-16,924.0643,3519.0,26.26,2923.61,189.9,-2733.7,1135.7735,11805.04,19813.64,1031.4273,84.0692,-,C,0.24,81.36,[]
EU,eu,eu,2025-06-02 13:51:52,2024-07-16,2024-07-17,926.697,3519.0,26.33,3031.2,387.6,-2643.6,1135.7735,11804.62,19814.75,1031.4048,83.7287,-,C,0.23,81.59,[]
EU,eu,eu,2025-06-02 13:51:58,2024-07-17,2024-07-18,929.1794,3519.0,26.4,2908.92,394.9,-2514.0,1135.7735,11795.21,19783.7,1031.753,83.0179,-,C,0.22,81.81,[]
EU,eu,eu,2025-06-02 13:51:21,2024-07-18,2024-07-19,931.4619,3519.0,26.47,2682.1,383.2,-2298.9,1135.7735,11803.78,19816.95,1031.7997,82.6089,-,C,0.2,82.01,[]
EU,eu,eu,2025-06-02 13:52:02,2024-07-19,2024-07-20,934.2312,3519.0,26.55,3052.78,261.6,-2791.1,1135.7735,11803.44,19817.85,1031.8066,82.2623,-,C,0.24,82.26,[]
EU,eu,eu,2025-06-02 13:52:00,2024-07-20,2024-07-21,937.7588,3519.0,26.65,3761.65,219.3,-3542.4,1135.7735,11803.03,19818.94,1031.8143,81.9349,-,C,0.31,82.57,[]
EU,eu,eu,2025-06-02 13:52:06,2024-07-21,2024-07-22,941.4457,3519.0,26.75,3895.81,194.6,-3701.2,1135.7735,11802.53,19820.25,1031.8173,81.5796,-,C,0.32,82.89,[]
EU,eu,eu,2025-06-02 13:52:08,2024-07-22,2024-07-23,944.1683,3519.0,26.83,3091.24,356.0,-2735.2,1135.7735,11802.08,19821.45,1031.8175,81.1352,-,C,0.24,83.13,[]
EU,eu,eu,2025-06-02 13:52:04,2024-07-23,2024-07-24,946.5927,3519.0,26.9,2839.45,401.0,-2438.5,1135.7735,11801.69,19822.49,1031.6246,80.8842,-,C,0.21,83.34,[]
EU,eu,eu,2025-06-02 13:52:11,2024-07-24,2024-07-25,949.0506,3519.0,26.97,2924.35,449.1,-2475.3,1136.6711,11793.24,19816.76,1031.5588,80.5064,-,C,0.22,83.49,[]
EU,eu,eu,2025-06-02 13:52:13,2024-07-25,2024-07-26,951.4531,3519.0,27.04,2793.0,377.7,-2415.3,1137.2211,11801.89,19849.8,1032.0594,80.0647,-,C,0.21,83.66,[]
EU,eu,eu,2025-06-02 13:52:21,2024-07-26,2024-07-27,954.0147,3519.0,27.11,2872.89,286.6,-2586.3,1137.2211,11801.79,19850.06,1032.0588,79.6223,-,C,0.23,83.89,[]
EU,eu,eu,2025-06-02 13:52:17,2024-07-27,2024-07-28,957.2097,3519.0,27.2,3385.72,181.9,-3203.8,1137.2211,11801.43,19851.01,1032.071,79.1873,-,C,0.28,84.17,[]
EU,eu,eu,2025-06-02 13:52:24,2024-07-28,2024-07-29,960.6125,3519.0,27.3,3573.29,155.1,-3418.2,1137.2211,11801.03,19852.06,1032.0635,78.7723,-,C,0.3,84.47,[]
EU,eu,eu,2025-06-02 13:52:19,2024-07-29,2024-07-30,963.1391,3519.0,27.37,2780.91,238.9,-2542.0,1137.2211,11800.77,19852.74,1186.3339,-75.9207,-,C,0.22,84.69,[]
EU,eu,eu,2025-06-02 13:52:15,2024-07-30,2024-07-31,965.5134,3519.0,27.44,2642.05,249.5,-2392.5,1137.2211,11800.55,19853.34,1186.3905,-76.343,-,C,0.21,84.9,[]
EU,eu,eu,2025-06-02 13:52:26,2024-07-31,2024-08-01,967.8472,3519.0,27.5,2617.25,289.9,-2327.4,1137.2211,11791.47,19821.41,1186.2626,-76.6526,-,E,0.21,85.11,[]
EU,eu,eu,2025-06-02 13:50:46,2024-08-01,2024-08-02,969.3184,3519.0,27.55,2562.47,279.1,-2283.4,1137.7465,11812.9,19866.02,1034.3006,75.3476,-,E,0.13,85.2,[]
EU,eu,eu,2025-06-02 13:50:10,2024-08-02,2024-08-03,971.9194,3519.0,27.62,2848.51,238.5,-2610.0,1137.7465,11812.75,19866.42,1034.3015,74.9403,-,C,0.23,85.42,[]
EU,eu,eu,2025-06-02 13:50:07,2024-08-03,2024-08-04,975.1823,3519.0,27.71,3473.54,191.7,-3281.8,1137.7465,11812.6,19866.81,1034.3206,74.9212,-,E,0.29,85.71,[]
EU,eu,eu,2025-06-02 13:50:16,2024-08-04,2024-08-05,978.54,3519.0,27.81,3562.48,194.6,-3367.8,1137.7465,11812.45,19867.21,1034.3205,74.1121,-,E,0.3,86.01,[]
EU,eu,eu,2025-06-02 13:50:13,2024-08-05,2024-08-06,981.1433,3519.0,27.88,2936.58,332.0,-2604.6,1137.7465,11812.3,19867.61,1034.321,73.7257,-,E,0.23,86.24,[]
EU,eu,eu,2025-06-02 13:50:18,2024-08-06,2024-08-07,983.454,3519.0,27.95,2674.72,294.7,-2380.1,1138.0965,11812.15,19868.0,1034.6588,73.3831,-,E,0.2,86.41,[]
EU,eu,eu,2025-06-02 13:50:21,2024-08-07,2024-08-08,985.9217,3519.0,28.02,2772.84,296.1,-2476.7,1138.0965,11803.08,19836.05,1034.6583,72.9634,-,E,0.22,86.63,[]
EU,eu,eu,2025-06-02 13:50:28,2024-08-08,2024-08-09,988.3214,3519.0,28.09,2770.37,369.0,-2401.4,1138.0965,11811.93,19868.57,1034.5642,72.6373,-,E,0.21,86.84,[]
EU,eu,eu,2025-06-02 13:50:31,2024-08-09,2024-08-10,991.161,3519.0,28.17,3142.41,304.4,-2838.0,1138.0965,11788.09,19868.51,1034.5646,72.238,-,E,0.25,87.09,[]
EU,eu,eu,2025-06-02 13:50:33,2024-08-10,2024-08-11,994.261,3519.0,28.25,3293.6,192.4,-3101.2,1138.0965,11787.79,19868.95,1034.5173,71.8838,-,E,0.27,87.36,[]
EU,eu,eu,2025-06-02 13:50:24,2024-08-11,2024-08-12,998.2654,3519.0,28.37,3370.46,222.6,-3147.9,1138.0965,11787.59,19869.48,1034.5172,71.4806,-,E,0.35,87.71,[]
EU,eu,eu,2025-06-02 13:50:26,2024-08-12,2024-08-13,1000.4787,3519.0,28.43,3150.3,262.8,-2887.5,1138.0965,11787.39,19870.01,1035.6029,71.1112,-,C,0.19,87.91,[]
EU,eu,eu,2025-06-02 13:50:36,2024-08-13,2024-08-14,1003.5796,3519.0,28.52,3372.26,272.5,-3099.7,1138.1964,11787.32,19870.18,1035.7768,70.7388,-,C,0.27,88.17,[]
EU,eu,eu,2025-06-02 13:50:39,2024-08-14,2024-08-15,1006.6193,3519.0,28.61,3251.05,217.6,-3033.4,1138.5747,11787.23,19838.31,1035.6731,70.8019,-,E,0.27,88.41,[]
EU,eu,eu,2025-06-02 13:50:04,2024-08-15,2024-08-16,1010.1989,3519.0,28.71,3692.02,94.4,-3597.6,1138.6959,11787.14,19870.67,1035.6839,70.4887,-,C,0.31,88.72,[]
EU,eu,eu,2025-06-02 13:50:44,2024-08-16,2024-08-17,1013.6429,3519.0,28.8,3602.41,138.9,-3463.5,1138.6959,11787.01,19871.0,1035.6918,70.0471,-,E,0.3,89.02,[]
EU,eu,eu,2025-06-02 13:50:41,2024-08-17,2024-08-18,1017.5131,3519.0,28.91,4009.88,88.5,-3921.4,1138.6959,11786.95,19871.18,1035.7428,69.5796,-,C,0.34,89.36,[]
EU,eu,eu,2025-06-02 13:50:48,2024-08-18,2024-08-19,1021.5357,3519.0,29.03,4136.21,90.4,-4045.8,1138.6959,11786.79,19871.59,1035.7427,69.1392,-,C,0.35,89.71,[]
EU,eu,eu,2025-06-02 13:50:50,2024-08-19,2024-08-20,1024.5295,3519.0,29.11,3172.32,169.2,-3003.1,1138.7989,11786.67,19871.9,1035.8457,68.6985,-,C,0.26,89.97,[]
EU,eu,eu,2025-06-02 13:50:53,2024-08-20,2024-08-21,1027.4617,3519.0,29.2,3105.62,142.9,-2962.7,1138.7989,11786.59,19872.12,1035.8196,68.3898,-,C,0.26,90.22,[]
EU,eu,eu,2025-06-02 13:51:04,2024-08-21,2024-08-22,1030.369,3519.0,29.28,3069.56,130.2,-2939.4,1138.7989,11786.44,19840.4,1035.8105,68.1073,-,C,0.26,90.48,[]
EU,eu,eu,2025-06-02 13:51:02,2024-08-22,2024-08-23,1033.1516,3519.0,29.36,2939.68,124.9,-2814.7,1138.7989,11786.36,19872.74,1034.9413,67.7749,-,C,0.24,90.72,[]
EU,eu,eu,2025-06-02 13:51:00,2024-08-23,2024-08-24,1036.1411,3519.0,29.44,3184.8,158.0,-3026.8,1138.7989,11786.31,19872.87,1034.9202,67.4584,-,C,0.26,90.99,[]
EU,eu,eu,2025-06-02 13:50:57,2024-08-24,2024-08-25,1040.3056,3519.0,29.56,3665.45,102.3,-3563.1,1139.6109,11786.15,19873.28,1036.8244,66.9345,-,C,0.37,91.29,[]
EU,eu,eu,2025-06-02 13:51:07,2024-08-25,2024-08-26,1043.8707,3519.0,29.66,3662.25,72.6,-3589.6,1139.6109,11786.03,19873.6,1036.8243,66.5922,-,C,0.31,91.6,[]
EU,eu,eu,2025-06-02 13:50:55,2024-08-26,2024-08-27,1045.7776,3519.0,29.72,2772.35,226.0,-2546.4,1139.6109,11785.9,19873.94,1036.8243,66.2548,-,C,0.17,91.77,[]
EU,eu,eu,2025-06-02 13:51:19,2024-08-27,2024-08-28,1047.9527,3519.0,29.78,2412.33,226.3,-2186.0,1139.6109,11809.82,19874.16,1036.8243,65.9497,-,C,0.19,91.96,[]
EU,eu,eu,2025-06-02 13:51:09,2024-08-28,2024-08-29,1050.0513,3519.0,29.84,2330.4,208.5,-2121.9,1142.3538,11876.37,19842.16,1039.7307,65.5211,-,C,0.18,91.92,[]
EU,eu,eu,2025-06-02 13:51:14,2024-08-29,2024-08-30,1051.6295,3519.0,29.88,1978.09,388.1,-1590.0,1142.5292,11885.33,19874.4,1039.8779,65.2466,-,C,0.14,92.04,[]
EU,eu,eu,2025-06-02 13:51:17,2024-08-30,2024-08-31,1053.2147,3519.0,29.93,1976.82,374.3,-1602.5,1142.5292,11885.32,19874.43,1039.8785,64.9049,-,C,0.14,92.18,[]
EU,eu,eu,2025-06-02 13:51:12,2024-08-31,2024-09-01,1055.5968,3519.0,30.0,2699.64,201.3,-2498.4,1142.5292,11865.3,19874.48,1040.8144,63.6071,-,C,0.21,92.39,[]
EU,eu,eu,2025-06-02 13:56:42,2024-09-01,2024-09-02,1058.0498,3519.0,30.07,2670.08,253.2,-2416.8,1145.6208,11859.21,19876.05,1043.533,150.9114,-,C,0.21,92.36,[]
EU,eu,eu,2025-06-02 13:56:44,2024-09-02,2024-09-03,1059.3972,3519.0,30.11,1776.89,489.8,-1287.1,1145.6208,11857.2,19876.08,1044.0166,62.9885,-,C,0.12,92.47,[]
EU,eu,eu,2026-03-20 13:22:41,2024-09-03,2024-09-04,1059.9998,3519.0,30.12,1301.14,691.5,-609.6,1145.6208,11853.19,19876.1,1044.0039,62.8017,-,C,0.05,92.53,[]
EU,eu,eu,2025-06-02 13:56:40,2024-09-04,2024-09-05,1060.5024,3519.0,30.14,1337.63,832.7,-504.9,1145.6208,11869.19,19818.97,1044.2984,62.3127,-,C,0.04,92.57,[]
EU,eu,eu,2025-06-02 13:56:38,2024-09-05,2024-09-06,1061.2942,3519.0,30.16,1327.03,527.2,-799.8,1145.6208,11877.24,19790.29,1044.3487,62.1388,-,E,0.07,92.64,[]
EU,eu,eu,2025-06-02 13:56:31,2024-09-06,2024-09-07,1062.3533,3519.0,30.19,1559.57,487.2,-1072.4,1145.6858,11877.26,19822.36,1044.3886,62.0163,-,C,0.09,92.73,[]
EU,eu,eu,2025-06-02 13:56:25,2024-09-07,2024-09-08,1063.4202,3519.0,30.22,1644.0,564.6,-1079.4,1145.6858,11877.28,19875.87,1042.919,63.2906,-,E,0.09,92.82,[]
EU,eu,eu,2025-06-02 13:56:33,2024-09-08,2024-09-09,1064.8832,3519.0,30.26,1852.39,377.7,-1474.7,1145.6858,11877.3,19875.82,1042.9218,63.0994,-,C,0.13,92.95,[]
EU,eu,eu,2025-06-02 13:56:29,2024-09-09,2024-09-10,1065.9971,3519.0,30.29,1447.53,447.9,-999.6,1145.6858,11877.3,19875.82,1042.9218,62.911,-,C,0.1,93.04,[]
EU,eu,eu,2025-06-02 13:56:23,2024-09-10,2024-09-11,1067.1731,3519.0,30.33,1597.53,408.9,-1188.7,1145.6858,11877.31,19875.8,1042.7945,62.8498,-,C,0.1,93.15,[]
EU,eu,eu,2025-06-02 13:56:27,2024-09-11,2024-09-12,1067.7545,3519.0,30.34,1204.7,489.7,-715.0,1145.6858,11868.3,19843.67,1042.796,62.7245,-,E,0.05,93.2,[]
EU,eu,eu,2025-06-02 13:56:20,2024-09-12,2024-09-13,1067.7663,3519.0,30.34,1083.69,1059.1,-24.6,1145.6858,11877.3,19875.8,1042.6252,62.7713,-,E,0.0,93.2,[]
EU,eu,eu,2025-06-02 13:56:16,2024-09-13,2024-09-14,1068.0451,3519.0,30.35,1257.68,976.2,-281.5,1145.6858,11877.39,19875.57,1042.6291,62.579,-,C,0.02,93.22,[]
EU,eu,eu,2025-06-02 13:56:18,2024-09-14,2024-09-15,1068.6857,3519.0,30.37,1444.42,793.2,-651.3,1145.6858,11876.62,19874.37,1042.7757,62.2272,-,C,0.06,93.28,[]
EU,eu,eu,2025-06-02 13:56:14,2024-09-15,2024-09-16,1069.6373,3519.0,30.4,1500.7,732.9,-767.8,1145.6858,11877.48,19875.32,1042.7795,62.0183,-,C,0.08,93.36,[]
EU,eu,eu,2025-06-02 13:55:50,2024-09-16,2024-09-17,1069.7927,3519.0,30.4,1110.15,944.3,-165.8,1145.6868,11877.49,19875.3,1043.4433,61.1671,-,C,0.01,93.38,[]
EU,eu,eu,2025-06-02 13:55:48,2024-09-17,2024-09-18,1069.9616,3519.0,30.41,978.77,797.2,-181.6,1145.8758,11867.8,19874.49,1042.9871,61.6238,-,C,0.01,93.38,[]
EU,eu,eu,2025-06-02 13:55:56,2024-09-18,2024-09-19,1070.6183,3519.0,30.42,1251.58,649.9,-601.6,1145.8758,11869.59,19870.1,1042.0382,62.388,-,C,0.06,93.43,[]
EU,eu,eu,2025-06-02 13:55:46,2024-09-19,2024-09-20,1071.279,3519.0,30.44,1269.16,596.4,-672.8,1145.8929,11887.85,19874.36,1042.0795,62.2396,-,E,0.06,93.49,[]
EU,eu,eu,2025-06-02 13:55:41,2024-09-20,2024-09-21,1072.1151,3519.0,30.47,1322.8,479.2,-843.6,1145.8929,11887.87,19874.31,1042.2798,62.071,-,C,0.07,93.56,[]
EU,eu,eu,2025-06-02 13:55:52,2024-09-21,2024-09-22,1073.5915,3519.0,30.51,1800.94,324.4,-1476.5,1145.8929,11887.91,19874.21,1042.3204,61.842,-,C,0.13,93.69,[]
EU,eu,eu,2025-06-02 13:55:58,2024-09-22,2024-09-23,1074.9676,3519.0,30.55,1866.38,474.6,-1391.7,1145.8929,11887.93,19874.17,1042.2948,61.6792,-,C,0.12,93.81,[]
EU,eu,eu,2025-06-02 13:55:54,2024-09-23,2024-09-24,1075.3317,3519.0,30.56,1150.31,775.7,-374.6,1145.8929,11867.93,19802.74,1042.2948,61.5552,-,E,0.03,93.84,[]
EU,eu,eu,2025-06-02 13:56:02,2024-09-24,2024-09-25,1076.0205,3519.0,30.58,1183.33,829.4,-353.9,1145.8929,11864.13,19787.96,1042.3219,61.3797,-,C,0.06,93.9,[]
EU,eu,eu,2025-06-02 13:56:05,2024-09-25,2024-09-26,1076.8471,3519.0,30.6,1374.38,529.4,-845.0,1145.8929,11864.19,19787.79,1042.3588,61.1543,-,C,0.07,93.97,[]
EU,eu,eu,2025-06-02 13:56:07,2024-09-26,2024-09-27,1077.4228,3519.0,30.62,1406.3,516.2,-890.1,1146.1425,11870.18,19787.77,1042.607,60.9561,-,C,0.05,94.0,[]
EU,eu,eu,2025-06-02 13:56:00,2024-09-27,2024-09-28,1078.3043,3519.0,30.64,1436.29,553.5,-882.8,1146.1425,11879.19,19819.88,1042.5801,60.7623,-,C,0.08,94.08,[]
EU,eu,eu,2025-06-02 13:55:43,2024-09-28,2024-09-29,1079.6547,3519.0,30.68,1832.21,469.7,-1362.5,1146.1425,11894.22,19873.34,1042.6141,60.4011,-,C,0.12,94.2,[]
EU,eu,eu,2025-06-02 13:56:11,2024-09-29,2024-09-30,1080.9931,3519.0,30.72,1809.98,455.8,-1354.1,1146.1425,11855.22,19633.09,1042.567,60.1209,-,C,0.12,94.32,[]
EU,eu,eu,2025-06-02 13:56:09,2024-09-30,2024-10-01,1081.3933,3519.0,30.73,1211.08,760.8,-450.3,1146.1425,11894.22,19461.48,1042.5852,59.9142,-,C,0.03,94.35,[]
EU,eu,eu,2025-06-02 14:02:05,2024-10-01,2024-10-02,1082.021,3519.0,30.75,692.72,818.0,125.3,1147.2981,11886.79,19409.72,1043.2518,60.3874,-,E,0.05,94.31,[]
EU,eu,eu,2026-03-20 13:08:52,2024-10-02,2024-10-03,1081.6254,3519.0,30.74,672.14,1061.8,389.6,1147.2981,11876.65,19549.92,1043.2508,60.4801,-,C,-0.03,94.28,[]
EU,eu,eu,2025-06-02 14:01:30,2024-10-03,2024-10-04,1081.7742,3519.0,30.74,830.54,670.2,-160.4,1147.2981,11886.65,19624.1,1043.2391,60.5778,-,C,0.01,94.29,[]
EU,eu,eu,2025-06-02 14:01:47,2024-10-04,2024-10-05,1082.1023,3519.0,30.75,883.5,549.2,-334.3,1147.2981,11886.58,19610.45,1043.2345,60.6527,-,C,0.03,94.32,[]
EU,eu,eu,2025-06-02 14:01:35,2024-10-05,2024-10-06,1083.2066,3519.0,30.78,1418.53,525.1,-893.4,1147.2981,11886.57,19624.21,1043.3226,60.685,-,C,0.1,94.41,[]
EU,eu,eu,2025-06-02 14:01:32,2024-10-06,2024-10-07,1084.4697,3519.0,30.82,1688.38,404.1,-1284.3,1147.2981,11886.56,19624.22,1043.3225,60.7948,-,C,0.11,94.52,[]
EU,eu,eu,2025-06-02 14:01:41,2024-10-07,2024-10-08,1084.9203,3519.0,30.83,1156.22,498.3,-657.9,1147.2981,11451.48,19266.83,1043.3756,60.8707,-,C,0.04,94.56,[]
EU,eu,eu,2025-06-02 14:01:44,2024-10-08,2024-10-09,1085.9377,3519.0,30.86,1331.14,493.5,-837.7,1147.2931,11451.48,19266.59,1043.3891,61.0408,-,E,0.09,94.65,[]
EU,eu,eu,2025-06-02 14:01:53,2024-10-09,2024-10-10,1087.122,3519.0,30.89,1608.87,447.6,-1161.3,1147.2931,11442.48,19234.46,1043.409,61.1772,-,C,0.1,94.76,[]
EU,eu,eu,2025-06-02 14:01:38,2024-10-10,2024-10-11,1088.0113,3519.0,30.92,1573.48,500.4,-1073.1,1147.2931,11886.55,19822.01,1043.5899,61.2203,-,C,0.08,94.83,[]
EU,eu,eu,2025-06-02 14:01:50,2024-10-11,2024-10-12,1088.5717,3519.0,30.93,1129.66,719.2,-410.4,1147.2031,11887.41,19819.74,1043.681,61.218,-,C,0.05,94.89,[]
EU,eu,eu,2025-06-02 14:01:56,2024-10-12,2024-10-13,1089.5707,3519.0,30.96,1632.95,472.6,-1160.4,1147.2331,11887.43,19819.7,1044.4525,60.6012,-,C,0.09,94.97,[]
EU,eu,eu,2025-06-02 14:02:03,2024-10-13,2024-10-14,1090.5725,3519.0,30.99,1547.94,541.5,-1006.5,1147.2331,11887.29,19820.07,1044.4343,60.7441,-,C,0.09,95.06,[]
EU,eu,eu,2025-06-02 14:01:25,2024-10-14,2024-10-15,1090.0551,3519.0,30.98,745.17,1265.0,519.8,1147.3331,11887.14,19820.44,1044.5525,60.8505,-,E,-0.05,95.01,[]
EU,eu,eu,2025-06-02 14:01:58,2024-10-15,2024-10-16,1090.1778,3519.0,30.98,972.88,861.5,-111.4,1147.5331,11809.42,19896.22,1044.593,61.2341,-,C,0.01,95.0,[]
EU,eu,eu,2025-06-02 14:02:01,2024-10-16,2024-10-17,1090.7144,3519.0,31.0,1147.86,590.7,-557.1,1147.5831,11800.42,19864.09,1044.6211,61.3756,-,C,0.05,95.04,[]
EU,eu,eu,2025-06-02 14:02:12,2024-10-17,2024-10-18,1091.0995,3519.0,31.01,1004.34,680.3,-324.1,1147.5831,11809.42,19896.21,1044.6206,61.4925,-,C,0.03,95.08,[]
EU,eu,eu,2025-06-02 14:02:07,2024-10-18,2024-10-19,1091.3743,3519.0,31.01,948.58,570.8,-377.8,1147.6116,11809.44,19896.17,1044.6595,61.6068,-,C,0.02,95.1,[]
EU,eu,eu,2025-06-02 14:02:10,2024-10-19,2024-10-20,1092.4893,3519.0,31.05,1542.46,418.9,-1123.6,1147.6116,11809.45,19896.14,1044.3988,61.9418,-,C,0.1,95.2,[]
EU,eu,eu,2025-06-02 14:02:19,2024-10-20,2024-10-21,1093.7417,3519.0,31.08,1649.49,392.7,-1256.8,1147.6116,11809.44,19896.16,1044.3986,62.0163,-,C,0.11,95.31,[]
EU,eu,eu,2025-06-02 14:02:16,2024-10-21,2024-10-22,1093.9419,3519.0,31.09,850.49,751.7,-98.8,1147.6116,11809.41,19896.23,1044.3422,62.1973,-,C,0.02,95.32,[]
EU,eu,eu,2025-06-02 14:02:14,2024-10-22,2024-10-23,1093.8088,3519.0,31.08,671.36,814.1,142.8,1147.6116,11809.47,19896.07,1044.2823,62.3842,-,E,-0.01,95.31,[]
EU,eu,eu,2025-06-02 14:02:22,2024-10-23,2024-10-24,1093.1594,3519.0,31.06,527.3,1109.4,582.1,1147.6116,11778.62,19889.55,1044.282,62.5805,-,C,-0.06,95.26,[]
EU,eu,eu,2025-06-02 14:02:24,2024-10-24,2024-10-25,1092.6855,3519.0,31.05,552.32,941.9,389.5,1147.6116,11809.76,19895.31,1044.3302,62.7245,-,C,-0.04,95.21,[]
EU,eu,eu,2025-06-02 14:02:35,2024-10-25,2024-10-26,1092.5842,3519.0,31.05,744.24,869.2,124.9,1147.6116,11810.0,19894.69,1044.2518,63.1144,-,C,-0.01,95.21,[]
EU,eu,eu,2025-06-02 14:02:30,2024-10-26,2024-10-27,1093.3114,3519.0,31.07,1354.15,656.3,-697.9,1147.6116,12030.89,20228.35,1043.3093,63.5114,-,E,0.06,95.27,[]
EU,eu,eu,2025-06-02 14:02:28,2024-10-27,2024-10-28,1093.77,3519.0,31.08,1276.73,714.9,-561.9,1147.6116,11810.11,19894.4,1044.2188,63.5707,-,C,0.04,95.31,[]
EU,eu,eu,2025-06-02 14:02:26,2024-10-28,2024-10-29,1093.8498,3519.0,31.08,937.69,860.0,-77.7,1147.6726,11810.06,19894.52,1044.1638,63.9615,-,C,0.01,95.31,[]
EU,eu,eu,2025-06-02 14:02:37,2024-10-29,2024-10-30,1092.7145,3519.0,31.05,461.94,1010.3,548.4,1147.6726,11810.15,19894.29,1044.112,64.2951,-,C,-0.1,95.21,[]
EU,eu,eu,2025-06-02 14:02:33,2024-10-30,2024-10-31,1092.7369,3519.0,31.05,537.37,923.0,385.6,1147.7026,11810.15,19894.3,1043.1542,64.549,-,C,0.0,95.21,[]
EU,eu,eu,2025-11-25 10:05:18,2024-10-31,2024-11-01,1092.2695,3519.0,31.04,606.59,953.3,346.7,1147.7026,11810.34,19893.79,1043.1509,64.8872,-,C,-0.04,95.17,[]
EU,eu,eu,2025-06-02 14:00:07,2024-11-01,2024-11-02,1092.7379,3519.0,31.05,1291.6,920.5,-371.1,1147.7026,11707.31,19920.44,1042.1602,66.0521,-,C,0.04,95.21,[]
EU,eu,eu,2025-06-02 14:00:10,2024-11-02,2024-11-03,1092.8884,3519.0,31.06,1087.22,932.5,-154.7,1147.7026,11707.06,19921.1,1042.8169,65.7133,-,C,0.01,95.22,[]
EU,eu,eu,2025-06-02 14:00:15,2024-11-03,2024-11-04,1092.5872,3519.0,31.05,829.06,1108.7,279.7,1147.7026,11706.64,19922.22,1042.8212,66.047,-,E,-0.03,95.2,[]
EU,eu,eu,2025-06-02 14:00:38,2024-11-04,2024-11-05,1090.3432,3519.0,30.98,266.73,2506.6,2239.9,1147.7026,11682.35,19922.97,1043.0252,66.216,-,C,-0.2,95.0,[]
EU,eu,eu,2025-06-02 14:00:19,2024-11-05,2024-11-06,1087.2813,3519.0,30.9,152.57,3234.0,3081.5,1147.7026,11682.89,19921.55,1042.9187,66.788,-,C,-0.27,94.74,[]
EU,eu,eu,2026-03-20 13:05:52,2024-11-06,2024-11-07,1083.5078,3519.0,30.79,143.19,3916.7,3773.5,1147.7026,11679.81,19915.74,1042.9952,67.338,-,C,-0.33,94.41,[]
EU,eu,eu,2025-06-02 14:00:21,2024-11-07,2024-11-08,1079.5825,3519.0,30.68,80.78,4162.9,4082.1,1147.7026,11683.94,19919.5,1042.9949,67.7544,-,C,-0.34,94.06,[]
EU,eu,eu,2025-06-02 14:00:24,2024-11-08,2024-11-09,1076.1116,3519.0,30.58,209.98,3663.9,3453.9,1147.7026,11684.83,19917.15,1043.0372,68.1686,-,C,-0.3,93.76,[]
EU,eu,eu,2025-06-02 14:00:27,2024-11-09,2024-11-10,1073.5011,3519.0,30.51,315.56,2898.2,2582.7,1147.7026,11685.68,19914.9,1043.5843,69.0876,-,E,-0.23,93.53,[]
EU,eu,eu,2025-06-02 14:00:43,2024-11-10,2024-11-11,1071.1242,3519.0,30.44,333.56,2692.7,2359.2,1147.7026,11686.29,19913.28,1043.5843,69.6634,-,C,-0.21,93.33,[]
EU,eu,eu,2025-06-02 14:00:33,2024-11-11,2024-11-12,1067.8764,3519.0,30.35,203.93,3604.9,3400.9,1147.7026,11686.85,19911.83,1043.5777,70.1674,-,C,-0.28,93.04,[]
EU,eu,eu,2025-06-02 14:00:30,2024-11-12,2024-11-13,1062.5534,3519.0,30.19,101.29,5035.8,4934.5,1147.7026,11687.13,19911.07,1043.5777,70.7652,-,C,-0.46,92.58,[]
EU,eu,eu,2025-06-02 14:00:45,2024-11-13,2024-11-14,1057.0316,3519.0,30.04,114.33,5630.3,5516.0,1147.7026,11688.12,19908.46,1043.4036,71.6059,-,C,-0.48,92.1,[]
EU,eu,eu,2025-06-02 14:00:36,2024-11-14,2024-11-15,1052.0301,3519.0,29.9,159.6,5159.3,4999.7,1147.7026,11688.81,19906.65,1043.4037,72.1681,-,E,-0.44,91.66,[]
EU,eu,eu,2025-06-02 14:00:41,2024-11-15,2024-11-16,1047.4951,3519.0,29.77,188.17,4768.8,4580.7,1147.7026,11687.89,19909.07,1043.4039,72.8144,-,C,-0.4,91.27,[]
EU,eu,eu,2025-06-02 14:00:50,2024-11-16,2024-11-17,1044.4619,3519.0,29.68,330.68,3292.2,2961.5,1147.7026,11688.19,19908.27,1043.4498,73.3997,-,E,-0.26,91.0,[]
EU,eu,eu,2025-06-02 14:00:52,2024-11-17,2024-11-18,1041.4584,3519.0,29.6,309.92,3330.7,3020.8,1147.7026,11688.38,19907.78,1043.4493,74.0275,-,C,-0.26,90.74,[]
EU,eu,eu,2025-06-02 14:00:04,2024-11-18,2024-11-19,1036.433,3519.0,29.45,92.94,5078.6,4985.6,1147.7026,11688.6,19907.2,1043.4488,74.6593,-,C,-0.44,90.31,[]
EU,eu,eu,2025-06-02 14:01:09,2024-11-19,2024-11-20,1031.3818,3519.0,29.31,172.99,5220.3,5047.4,1147.7026,11689.11,19905.85,1043.3691,75.3873,-,E,-0.44,89.86,[]
EU,eu,eu,2025-06-02 14:01:01,2024-11-20,2024-11-21,1026.2251,3519.0,29.16,144.71,5429.9,5285.2,1147.8226,11689.74,19902.19,1043.4892,75.9775,-,C,-0.45,89.41,[]
EU,eu,eu,2025-06-02 14:00:54,2024-11-21,2024-11-22,1019.7397,3519.0,28.98,95.35,6511.8,6416.4,1147.8226,11690.87,19899.22,1043.4883,76.555,-,C,-0.57,88.84,[]
EU,eu,eu,2025-06-02 14:00:59,2024-11-22,2024-11-23,1013.3609,3519.0,28.8,155.18,6517.0,6361.8,1147.8226,11715.42,19897.74,1043.4886,77.1478,-,C,-0.56,88.29,[]
EU,eu,eu,2025-06-02 14:01:07,2024-11-23,2024-11-24,1008.9186,3519.0,28.67,369.27,4782.6,4413.3,1147.8226,11716.28,19895.49,1043.5686,77.6442,-,C,-0.39,87.9,[]
EU,eu,eu,2025-06-02 14:00:56,2024-11-24,2024-11-25,1006.5843,3519.0,28.6,1001.01,3266.8,2265.8,1147.8226,11716.74,19894.27,1043.5686,78.204,-,C,-0.2,87.7,[]
EU,eu,eu,2025-06-02 14:01:04,2024-11-25,2024-11-26,1003.4706,3519.0,28.52,479.9,3591.3,3111.4,1147.8226,11716.8,19819.13,1043.4184,78.8137,-,C,-0.27,87.42,[]
EU,eu,eu,2025-06-02 14:01:11,2024-11-26,2024-11-27,999.1301,3519.0,28.39,110.33,4448.5,4338.1,1147.8226,11716.91,19808.15,1043.4184,79.3628,-,C,-0.38,87.05,[]
EU,eu,eu,2025-06-02 14:01:22,2024-11-27,2024-11-28,994.5277,3519.0,28.26,199.12,4792.8,4593.7,1147.8226,11717.13,19846.84,1043.4184,79.9999,-,C,-0.4,86.64,[]
EU,eu,eu,2025-06-02 14:01:14,2024-11-28,2024-11-29,989.559,3519.0,28.12,72.08,5034.8,4962.7,1147.8226,11717.38,19892.58,1043.4178,80.5756,-,C,-0.43,86.21,[]
EU,eu,eu,2025-06-02 14:01:16,2024-11-29,2024-11-30,984.1403,3519.0,27.97,79.51,5513.2,5433.7,1147.8226,11718.17,19890.49,1043.418,80.9546,-,E,-0.47,85.74,[]
EU,eu,eu,2025-06-02 14:01:19,2024-11-30,2024-12-01,980.3169,3519.0,27.86,552.12,4369.6,3817.5,1147.8226,11719.12,19887.98,1043.4381,81.5534,-,C,-0.33,85.41,[]
EU,eu,eu,2025-06-02 14:06:17,2024-12-01,2024-12-02,976.5291,3519.0,27.75,386.32,4159.1,3772.8,1147.8226,11719.62,19887.66,1045.3014,80.1756,-,C,-0.33,85.08,[]
EU,eu,eu,2025-06-02 14:06:19,2024-12-02,2024-12-03,971.6369,3519.0,27.61,243.76,5129.8,4886.1,1147.8226,11698.94,19811.86,1044.9,81.0077,-,E,-0.43,84.65,[]
EU,eu,eu,2025-06-02 14:07:10,2024-12-03,2024-12-04,965.894,3519.0,27.45,215.95,5945.2,5729.2,1147.8226,11696.38,19808.98,1044.8572,81.5337,-,E,-0.5,84.15,[]
EU,eu,eu,2026-03-20 12:47:46,2024-12-04,2024-12-05,959.5152,3519.0,27.27,131.74,6510.6,6378.8,1147.7616,11697.11,19807.06,1044.8569,82.0506,-,E,-0.56,83.6,[]
EU,eu,eu,2025-06-02 14:06:24,2024-12-05,2024-12-06,953.8848,3519.0,27.11,211.99,5804.6,5592.6,1147.7616,11697.85,19805.1,1044.9649,82.5274,-,E,-0.49,83.11,[]
EU,eu,eu,2025-06-02 14:06:27,2024-12-06,2024-12-07,949.0927,3519.0,26.97,334.8,5125.9,4791.1,1147.7616,11708.33,19845.73,1043.9482,83.1048,-,E,-0.42,82.69,[]
EU,eu,eu,2025-06-02 14:06:34,2024-12-07,2024-12-08,945.2736,3519.0,26.86,406.96,4228.1,3821.2,1147.7616,11721.92,19890.59,1044.8132,83.6205,-,E,-0.33,82.36,[]
EU,eu,eu,2025-06-02 14:06:36,2024-12-08,2024-12-09,941.6181,3519.0,26.76,400.35,4035.5,3635.2,1147.7616,11722.15,19889.97,1044.813,84.0911,-,E,-0.32,82.04,[]
EU,eu,eu,2025-06-02 14:06:29,2024-12-09,2024-12-10,935.8729,3519.0,26.59,164.26,5922.2,5758.0,1147.7616,11722.47,19889.15,1044.813,84.5736,-,E,-0.5,81.54,[]
EU,eu,eu,2025-06-02 14:06:38,2024-12-10,2024-12-11,928.3669,3519.0,26.38,92.26,7592.4,7500.2,1147.7616,11702.2,19812.25,1044.8132,85.2034,-,E,-0.65,80.88,[]
EU,eu,eu,2025-06-02 14:06:31,2024-12-11,2024-12-12,920.1289,3519.0,26.15,96.01,8361.4,8265.3,1147.8346,11710.93,19839.12,1044.812,85.8146,-,E,-0.72,80.16,[]
EU,eu,eu,2025-06-02 14:06:43,2024-12-12,2024-12-13,911.8421,3519.0,25.91,74.84,8342.3,8267.4,1147.8346,11724.74,19883.4,1044.8082,86.4282,-,E,-0.72,79.44,[]
EU,eu,eu,2025-06-02 14:06:41,2024-12-13,2024-12-14,904.056,3519.0,25.69,105.48,8037.5,7932.0,1147.8346,11725.5,19881.39,1044.8073,86.9949,-,E,-0.68,78.76,[]
EU,eu,eu,2025-06-02 14:06:15,2024-12-14,2024-12-15,898.4652,3519.0,25.53,246.11,5836.7,5590.6,1147.8346,11726.36,19879.12,1044.8018,87.4776,-,E,-0.49,78.27,[]
EU,eu,eu,2025-06-02 14:06:45,2024-12-15,2024-12-16,894.3103,3519.0,25.41,431.13,4573.7,4142.5,1147.8346,11726.92,19877.63,1043.8916,87.8957,-,E,-0.36,77.91,[]
EU,eu,eu,2025-06-02 14:06:47,2024-12-16,2024-12-17,889.5768,3519.0,25.28,325.85,5220.6,4894.7,1147.8346,11727.31,19876.61,1044.8105,88.3005,-,E,-0.41,77.5,[]
EU,eu,eu,2025-06-02 14:06:49,2024-12-17,2024-12-18,884.9341,3519.0,25.15,285.49,4926.6,4641.1,1147.8346,11727.65,19875.72,1044.8087,88.7269,-,E,-0.4,77.1,[]
EU,eu,eu,2025-06-02 14:06:56,2024-12-18,2024-12-19,880.7647,3519.0,25.03,399.45,4562.9,4163.4,1147.8346,11719.24,19842.03,1044.4804,89.375,-,E,-0.36,76.73,[]
EU,eu,eu,2025-06-02 14:06:54,2024-12-19,2024-12-20,877.6265,3519.0,24.94,486.9,3903.7,3416.8,1147.8346,11728.57,19873.31,1044.4802,89.7199,-,E,-0.27,76.46,[]
EU,eu,eu,2025-06-02 14:07:05,2024-12-20,2024-12-21,873.6536,3519.0,24.83,423.56,4391.6,3968.0,1147.8346,11728.18,19874.32,1044.4802,90.0635,-,E,-0.35,76.11,[]
EU,eu,eu,2025-06-02 14:06:58,2024-12-21,2024-12-22,870.9673,3519.0,24.75,782.04,3464.0,2682.0,1147.8346,11728.66,19873.05,1043.5902,90.5458,-,E,-0.23,75.88,[]
EU,eu,eu,2025-06-02 14:07:08,2024-12-22,2024-12-23,868.226,3519.0,24.67,827.95,3393.4,2565.4,1147.8346,11728.81,19872.67,1044.5005,91.0483,-,E,-0.24,75.64,[]
EU,eu,eu,2025-06-02 14:07:03,2024-12-23,2024-12-24,864.3207,3519.0,24.56,402.85,4295.6,3892.7,1147.8346,11728.97,19872.24,1044.5005,91.5508,-,E,-0.34,75.3,[]
EU,eu,eu,2025-06-02 14:07:12,2024-12-24,2024-12-25,860.7595,3519.0,24.46,400.71,3958.7,3558.0,1147.8346,11729.38,19871.17,1044.5049,92.0489,-,E,-0.31,74.99,[]
EU,eu,eu,2025-06-02 14:07:00,2024-12-25,2024-12-26,858.176,3519.0,24.39,541.58,3221.2,2679.6,1147.8346,11729.78,19870.11,1043.5991,92.5471,-,E,-0.23,74.76,[]
EU,eu,eu,2025-06-02 14:07:15,2024-12-26,2024-12-27,854.6007,3519.0,24.29,415.57,3986.9,3571.4,1147.8346,11729.89,19869.81,1044.8412,92.7178,-,E,-0.31,74.45,[]
EU,eu,eu,2025-06-02 14:07:21,2024-12-27,2024-12-28,849.3521,3519.0,24.14,196.18,5405.0,5208.8,1147.8346,11730.2,19868.99,1045.8301,92.2313,-,E,-0.46,74.0,[]
EU,eu,eu,2025-06-02 14:07:17,2024-12-28,2024-12-29,844.0033,3519.0,23.98,183.2,5519.2,5336.0,1147.8346,11730.74,19867.56,1045.8006,92.7634,-,E,-0.47,73.53,[]
EU,eu,eu,2026-01-14 13:20:10,2024-12-29,2024-12-30,838.9732,3519.0,23.84,241.69,5255.9,5014.2,1147.8346,11731.49,19865.59,1045.8024,93.2642,-,E,-0.44,73.09,[]
EU,eu,eu,2025-09-24 10:39:21,2024-12-30,2024-12-31,832.0209,3519.0,23.64,204.27,5052.6,4848.3,1147.8346,10130.49,17080.86,1093.0973,46.4717,-,E,-0.61,72.49,[]
EU,eu,eu,2025-06-02 14:05:42,2024-12-31,2025-01-01,828.2484,3519.0,23.54,244.57,5390.2,5145.6,1147.8346,11732.74,19862.29,1045.8061,94.4302,-,E,-0.33,72.16,[]
