name,code,url,updatedAt,gasDayStart,gasDayEnd,gasInStorage,consumption,consumptionFull,injection,withdrawal,netWithdrawal,workingGasVolume,injectionCapacity,withdrawalCapacity,contractedCapacity,availableCapacity,coveredCapacity,status,trend,full,info
Germany,DE,DE,2026-04-18 01:07:37,2020-06-01,2020-06-02,209.0089,871.0,24.0,625.53,11.8,-613.7,245.4954,3852.19,6624.48,-,-,-,E,0.26,85.14,[]
Germany,DE,DE,2026-04-18 01:07:37,2020-06-02,2020-06-03,209.3502,871.0,24.04,345.66,10.5,-335.1,245.4954,3852.19,6624.48,-,-,-,E,0.14,85.28,[]
Germany,DE,DE,2026-04-18 01:07:37,2020-06-03,2020-06-04,209.6774,871.0,24.07,347.8,38.1,-309.7,245.4954,3852.19,6624.48,-,-,-,E,0.13,85.41,[]
Germany,DE,DE,2026-04-18 01:07:37,2020-06-04,2020-06-05,209.9765,871.0,24.11,442.63,153.1,-289.5,245.4954,3852.19,6624.48,-,-,-,E,0.12,85.53,[]
Germany,DE,DE,2026-04-18 01:07:37,2020-06-05,2020-06-06,210.1377,871.0,24.13,263.63,115.1,-148.6,245.4954,3852.19,6624.48,-,-,-,E,0.07,85.6,[]
Germany,DE,DE,2026-04-18 01:07:37,2020-06-06,2020-06-07,210.6457,871.0,24.18,529.32,8.5,-520.9,245.4954,3852.19,6624.48,-,-,-,E,0.21,85.8,[]
Germany,DE,DE,2026-04-18 01:07:37,2020-06-07,2020-06-08,211.1173,871.0,24.24,497.56,17.5,-480.1,245.4954,3852.19,6624.48,-,-,-,E,0.19,86.0,[]
Germany,DE,DE,2026-04-18 01:07:37,2020-06-08,2020-06-09,211.2798,871.0,24.26,196.63,58.3,-138.3,246.2918,3851.62,6623.64,-,-,-,E,0.07,85.78,[]
Germany,DE,DE,2026-04-18 01:07:37,2020-06-09,2020-06-10,211.3843,871.0,24.27,145.11,47.0,-98.1,246.2918,3851.62,6623.64,-,-,-,E,0.04,85.83,[]
Germany,DE,DE,2026-04-18 01:07:37,2020-06-10,2020-06-11,211.3779,871.0,24.27,69.98,85.1,15.2,246.2918,3851.62,6623.64,-,-,-,E,-0.0,85.82,[]
Germany,DE,DE,2026-04-18 01:07:37,2020-06-11,2020-06-12,211.6815,871.0,24.3,304.27,8.9,-295.4,246.2918,3851.62,6623.64,-,-,-,E,0.12,85.95,[]
Germany,DE,DE,2026-04-18 01:07:37,2020-06-12,2020-06-13,212.1289,871.0,24.35,447.38,9.8,-437.5,246.2918,3851.62,6623.64,-,-,-,E,0.18,86.13,[]
Germany,DE,DE,2026-04-18 01:07:37,2020-06-13,2020-06-14,212.8218,871.0,24.43,698.94,18.1,-680.8,246.2918,3851.62,6623.64,-,-,-,E,0.28,86.41,[]
Germany,DE,DE,2026-04-18 01:07:37,2020-06-14,2020-06-15,213.6257,871.0,24.53,807.69,17.3,-790.4,246.2918,3851.62,6623.64,-,-,-,E,0.33,86.74,[]
Germany,DE,DE,2026-04-18 01:07:37,2020-06-15,2020-06-16,213.9783,871.0,24.57,360.4,16.3,-344.1,246.2063,3850.26,6621.65,-,-,-,E,0.14,86.91,[]
Germany,DE,DE,2026-04-18 01:07:37,2020-06-16,2020-06-17,214.199,871.0,24.59,275.94,63.2,-212.7,246.2063,3850.26,6621.65,-,-,-,E,0.09,87.0,[]
Germany,DE,DE,2026-04-18 01:07:37,2020-06-17,2020-06-18,214.3753,871.0,24.61,195.65,24.9,-170.7,246.2322,3850.26,6621.65,-,-,-,E,0.07,87.06,[]
Germany,DE,DE,2026-04-18 01:07:37,2020-06-18,2020-06-19,214.5468,871.0,24.63,187.7,26.6,-161.1,246.2322,3850.26,6621.65,-,-,-,E,0.07,87.13,[]
Germany,DE,DE,2026-04-18 01:07:37,2020-06-19,2020-06-20,214.7869,871.0,24.66,247.38,17.1,-230.3,246.2322,3850.26,6621.65,-,-,-,E,0.1,87.23,[]
Germany,DE,DE,2026-04-18 01:07:37,2020-06-20,2020-06-21,215.3826,871.0,24.73,597.39,13.1,-584.3,246.2322,3850.26,6621.65,-,-,-,E,0.24,87.47,[]
Germany,DE,DE,2026-04-18 01:07:37,2020-06-21,2020-06-22,216.0625,871.0,24.81,677.16,8.4,-668.7,246.2322,3850.26,6621.65,-,-,-,E,0.28,87.75,[]
Germany,DE,DE,2026-04-18 01:07:37,2020-06-22,2020-06-23,216.3767,871.0,24.84,320.98,14.3,-306.7,246.3235,3851.71,6623.77,-,-,-,E,0.13,87.84,[]
Germany,DE,DE,2026-04-18 01:07:37,2020-06-23,2020-06-24,216.628,871.0,24.87,249.9,14.4,-235.5,246.3235,3851.71,6623.77,-,-,-,E,0.1,87.94,[]
Germany,DE,DE,2026-04-18 01:07:37,2020-06-24,2020-06-25,216.8008,871.0,24.89,179.37,24.4,-155.0,246.3235,3851.71,6623.77,-,-,-,E,0.07,88.01,[]
Germany,DE,DE,2026-04-18 01:07:37,2020-06-25,2020-06-26,217.0206,871.0,24.92,229.58,24.4,-205.2,246.3235,3851.71,6623.77,-,-,-,E,0.09,88.1,[]
Germany,DE,DE,2026-04-18 01:07:37,2020-06-26,2020-06-27,217.3138,871.0,24.95,288.47,6.7,-281.7,246.3235,3851.71,6623.77,-,-,-,E,0.12,88.22,[]
Germany,DE,DE,2026-04-18 01:07:37,2020-06-27,2020-06-28,217.8479,871.0,25.01,526.83,6.5,-520.4,246.3235,3851.71,6623.77,-,-,-,E,0.22,88.44,[]
Germany,DE,DE,2026-04-18 01:07:37,2020-06-28,2020-06-29,218.389,871.0,25.07,538.55,10.3,-528.3,246.3235,3851.71,6623.77,-,-,-,E,0.22,88.66,[]
Germany,DE,DE,2026-04-18 01:07:37,2020-06-29,2020-06-30,218.6874,871.0,25.11,301.07,12.6,-288.5,246.3463,3852.07,6624.3,-,-,-,E,0.12,88.77,[]
Germany,DE,DE,2026-04-18 01:07:37,2020-06-30,2020-07-01,219.0462,871.0,25.15,363.92,17.0,-346.9,246.3463,3852.07,6624.3,-,-,-,E,0.15,88.92,[]
Germany,DE,DE,2026-04-18 01:07:37,2020-07-01,2020-07-02,219.2867,871.0,25.18,257.82,21.3,-236.5,246.3463,3852.07,6624.3,-,-,-,E,0.1,89.02,[]
Germany,DE,DE,2026-04-18 01:07:37,2020-07-02,2020-07-03,219.3834,871.0,25.19,133.23,34.0,-99.2,246.3463,3852.07,6624.3,-,-,-,E,0.04,89.05,[]
Germany,DE,DE,2026-04-18 01:07:37,2020-07-03,2020-07-04,220.0406,871.0,25.26,391.09,42.6,-348.5,246.3463,3852.07,6624.3,-,-,-,E,0.27,89.32,[]
Germany,DE,DE,2026-04-18 01:07:37,2020-07-04,2020-07-05,220.8496,871.0,25.36,814.05,3.3,-810.7,246.3463,3852.07,6624.3,-,-,-,E,0.33,89.65,[]
Germany,DE,DE,2026-04-18 01:07:37,2020-07-05,2020-07-06,221.6583,871.0,25.45,828.21,30.2,-798.0,246.3463,3852.07,6624.3,-,-,-,E,0.33,89.98,[]
Germany,DE,DE,2026-04-18 01:07:37,2020-07-06,2020-07-07,221.7403,871.0,25.46,409.5,98.2,-311.3,246.3197,3851.65,6623.68,-,-,-,E,0.03,90.02,[]
Germany,DE,DE,2026-04-18 01:07:37,2020-07-07,2020-07-08,221.659,871.0,25.45,162.04,247.4,85.4,246.3197,3851.65,6623.68,-,-,-,E,-0.03,89.99,[]
Germany,DE,DE,2026-04-18 01:07:37,2020-07-08,2020-07-09,221.6061,871.0,25.44,136.3,185.9,49.6,246.3197,3851.65,6623.68,-,-,-,E,-0.02,89.97,[]
Germany,DE,DE,2026-04-18 01:07:37,2020-07-09,2020-07-10,221.3962,871.0,25.42,146.09,356.7,210.6,246.3197,3851.65,6623.68,-,-,-,E,-0.09,89.88,[]
Germany,DE,DE,2026-04-18 01:07:37,2020-07-10,2020-07-11,221.5309,871.0,25.43,260.95,152.7,-108.3,246.3197,3851.65,6623.68,-,-,-,E,0.05,89.94,[]
Germany,DE,DE,2026-04-18 01:07:37,2020-07-11,2020-07-12,221.852,871.0,25.47,337.13,6.8,-330.4,246.3197,3851.65,6623.68,-,-,-,E,0.13,90.07,[]
Germany,DE,DE,2026-04-18 01:07:37,2020-07-12,2020-07-13,222.3801,871.0,25.53,539.88,3.1,-536.8,246.3197,3851.65,6623.68,-,-,-,E,0.21,90.28,[]
Germany,DE,DE,2026-04-18 01:07:37,2020-07-13,2020-07-14,222.6721,871.0,25.57,302.44,13.6,-288.8,246.2797,3851.01,6622.75,-,-,-,E,0.12,90.41,[]
Germany,DE,DE,2026-04-18 01:07:37,2020-07-14,2020-07-15,222.3861,871.0,25.53,220.02,535.3,315.2,246.1656,3851.01,6622.75,-,-,-,E,-0.12,90.34,[]
Germany,DE,DE,2026-04-18 01:07:37,2020-07-15,2020-07-16,222.0124,871.0,25.49,216.4,595.5,379.1,246.1656,3851.01,6622.75,-,-,-,E,-0.15,90.19,[]
Germany,DE,DE,2026-04-18 01:07:37,2020-07-16,2020-07-17,221.6456,871.0,25.45,195.71,566.9,371.1,246.1656,3851.01,6622.75,-,-,-,E,-0.15,90.04,[]
Germany,DE,DE,2026-04-18 01:07:37,2020-07-17,2020-07-18,221.3342,871.0,25.41,206.41,521.9,315.5,246.1656,3851.01,6622.75,-,-,-,E,-0.13,89.91,[]
Germany,DE,DE,2026-04-18 01:07:37,2020-07-18,2020-07-19,221.1389,871.0,25.39,335.43,522.3,186.8,246.1656,3851.01,6622.75,-,-,-,E,-0.08,89.83,[]
Germany,DE,DE,2026-04-18 01:07:37,2020-07-19,2020-07-20,220.9999,871.0,25.37,366.43,511.4,144.9,246.1656,3851.01,6622.75,-,-,-,E,-0.06,89.78,[]
Germany,DE,DE,2026-04-18 01:07:37,2020-07-20,2020-07-21,220.6806,871.0,25.34,195.61,538.5,342.9,246.2037,3851.62,6623.64,-,-,-,E,-0.13,89.63,[]
Germany,DE,DE,2026-04-18 01:07:37,2020-07-21,2020-07-22,220.1071,871.0,25.27,99.7,662.0,562.3,246.2037,3851.62,6623.64,-,-,-,E,-0.23,89.4,[]
Germany,DE,DE,2026-04-18 01:07:37,2020-07-22,2020-07-23,219.6191,871.0,25.21,126.45,601.9,475.4,246.5326,3851.62,6623.64,-,-,-,E,-0.2,89.08,[]
Germany,DE,DE,2026-04-18 01:07:37,2020-07-23,2020-07-24,219.1051,871.0,25.16,92.77,642.6,549.8,246.5326,3851.62,6623.64,-,-,-,E,-0.21,88.87,[]
Germany,DE,DE,2026-04-18 01:07:37,2020-07-24,2020-07-25,218.6848,871.0,25.11,125.2,549.7,424.5,246.5326,3851.62,6623.64,-,-,-,E,-0.17,88.7,[]
Germany,DE,DE,2026-04-18 01:07:37,2020-07-25,2020-07-26,218.3849,871.0,25.07,231.02,532.4,301.4,246.5326,3851.62,6623.64,-,-,-,E,-0.12,88.58,[]
Germany,DE,DE,2026-04-18 01:07:37,2020-07-26,2020-07-27,218.899,871.0,25.13,522.53,3.0,-519.5,246.5326,3851.62,6623.64,-,-,-,E,0.21,88.79,[]
Germany,DE,DE,2026-04-18 01:07:37,2020-07-27,2020-07-28,219.0875,871.0,25.15,204.63,51.5,-153.1,246.577,3852.31,6624.66,-,-,-,E,0.08,88.85,[]
Germany,DE,DE,2026-04-18 01:07:37,2020-07-28,2020-07-29,219.2556,871.0,25.17,204.87,31.0,-173.9,246.577,3852.31,6624.66,-,-,-,E,0.07,88.92,[]
Germany,DE,DE,2026-04-18 01:07:37,2020-07-29,2020-07-30,219.5094,871.0,25.2,250.73,6.3,-244.4,246.577,3852.31,6624.66,-,-,-,E,0.1,89.02,[]
Germany,DE,DE,2026-04-18 01:07:37,2020-07-30,2020-07-31,219.5412,871.0,25.21,92.06,64.4,-27.7,246.577,3852.31,6624.66,-,-,-,E,0.01,89.04,[]
Germany,DE,DE,2026-04-18 01:07:37,2020-07-31,2020-08-01,219.7246,871.0,25.23,196.54,14.3,-182.3,246.577,3852.31,6624.66,-,-,-,E,0.07,89.11,[]
Germany,DE,DE,2026-04-18 01:07:37,2020-08-01,2020-08-02,220.2552,871.0,25.29,541.28,18.4,-522.8,246.577,3852.31,6624.66,-,-,-,E,0.22,89.33,[]
Germany,DE,DE,2026-04-18 01:07:37,2020-08-02,2020-08-03,220.8036,871.0,25.35,585.42,43.8,-541.6,246.577,3852.31,6624.66,-,-,-,E,0.22,89.55,[]
Germany,DE,DE,2026-04-18 01:07:37,2020-08-03,2020-08-04,221.0716,871.0,25.38,336.58,73.1,-263.5,246.5346,3851.65,6623.68,-,-,-,E,0.11,89.67,[]
Germany,DE,DE,2026-04-18 01:07:37,2020-08-04,2020-08-05,221.287,871.0,25.41,243.27,34.1,-209.2,246.5346,3851.65,6623.68,-,-,-,E,0.09,89.76,[]
Germany,DE,DE,2026-04-18 01:07:37,2020-08-05,2020-08-06,221.6918,871.0,25.45,423.06,18.4,-404.7,246.5346,3851.65,6623.68,-,-,-,E,0.16,89.92,[]
Germany,DE,DE,2026-04-18 01:07:37,2020-08-06,2020-08-07,221.9447,871.0,25.48,282.1,37.2,-244.9,246.5346,3851.65,6623.68,-,-,-,E,0.1,90.03,[]
Germany,DE,DE,2026-04-18 01:07:37,2020-08-07,2020-08-08,222.3465,871.0,25.53,430.08,35.8,-394.3,246.5394,3851.65,6623.68,-,-,-,E,0.16,90.19,[]
Germany,DE,DE,2026-04-18 01:07:37,2020-08-08,2020-08-09,222.9594,871.0,25.6,647.88,43.1,-604.8,246.5394,3851.65,6623.68,-,-,-,E,0.25,90.44,[]
Germany,DE,DE,2026-04-18 01:07:37,2020-08-09,2020-08-10,223.5406,871.0,25.66,596.84,23.3,-573.6,246.5394,3851.65,6623.68,-,-,-,E,0.24,90.67,[]
Germany,DE,DE,2026-04-18 01:07:37,2020-08-10,2020-08-11,223.9429,871.0,25.71,398.52,20.8,-377.8,246.634,3853.13,6625.85,-,-,-,E,0.16,90.8,[]
Germany,DE,DE,2026-04-18 01:07:37,2020-08-11,2020-08-12,224.1892,871.0,25.74,263.51,22.0,-241.5,246.634,3853.13,6625.85,-,-,-,E,0.1,90.9,[]
Germany,DE,DE,2026-04-18 01:07:37,2020-08-12,2020-08-13,224.4573,871.0,25.77,287.27,21.0,-266.3,246.634,3853.13,6625.85,-,-,-,E,0.11,91.01,[]
Germany,DE,DE,2026-04-18 01:07:37,2020-08-13,2020-08-14,224.8736,871.0,25.82,445.32,38.8,-406.6,246.634,3853.13,6625.85,-,-,-,E,0.17,91.18,[]
Germany,DE,DE,2026-04-18 01:07:37,2020-08-14,2020-08-15,225.2426,871.0,25.86,412.47,49.0,-363.4,246.634,3853.13,6625.85,-,-,-,E,0.15,91.33,[]
Germany,DE,DE,2026-04-18 01:07:37,2020-08-15,2020-08-16,225.7327,871.0,25.92,513.2,30.6,-482.6,246.634,3853.13,6625.85,-,-,-,E,0.2,91.53,[]
Germany,DE,DE,2026-04-18 01:07:37,2020-08-16,2020-08-17,226.2585,871.0,25.98,522.97,3.6,-519.3,246.6374,3853.13,6625.85,-,-,-,E,0.21,91.74,[]
Germany,DE,DE,2026-04-18 01:07:37,2020-08-17,2020-08-18,226.6346,871.0,26.02,375.12,3.5,-371.6,246.58,3850.83,6622.49,-,-,-,E,0.15,91.91,[]
Germany,DE,DE,2026-04-18 01:07:37,2020-08-18,2020-08-19,226.9119,871.0,26.05,298.87,26.6,-272.3,246.58,3850.83,6622.49,-,-,-,E,0.11,92.02,[]
Germany,DE,DE,2026-04-18 01:07:37,2020-08-19,2020-08-20,227.1322,871.0,26.08,238.73,22.1,-216.7,246.58,3850.83,6622.49,-,-,-,E,0.09,92.11,[]
Germany,DE,DE,2026-04-18 01:07:37,2020-08-20,2020-08-21,227.4017,871.0,26.11,279.68,14.7,-265.0,246.58,3850.83,6622.49,-,-,-,E,0.11,92.22,[]
Germany,DE,DE,2026-04-18 01:07:37,2020-08-21,2020-08-22,227.8542,871.0,26.16,450.28,3.6,-446.7,246.58,3850.83,6622.49,-,-,-,E,0.18,92.41,[]
Germany,DE,DE,2026-04-18 01:07:37,2020-08-22,2020-08-23,228.5297,871.0,26.24,671.5,4.1,-667.4,246.58,3850.83,6622.49,-,-,-,E,0.27,92.68,[]
Germany,DE,DE,2026-04-18 01:07:37,2020-08-23,2020-08-24,229.0985,871.0,26.3,565.5,3.5,-562.0,246.58,3850.83,6622.49,-,-,-,E,0.23,92.91,[]
Germany,DE,DE,2026-04-18 01:07:37,2020-08-24,2020-08-25,229.2003,871.0,26.31,140.39,41.5,-98.9,246.6629,3851.31,6623.2,-,-,-,E,0.04,92.92,[]
Germany,DE,DE,2026-04-18 01:07:37,2020-08-25,2020-08-26,229.4202,871.0,26.34,220.18,3.5,-216.7,246.6629,3851.31,6623.2,-,-,-,E,0.09,93.01,[]
Germany,DE,DE,2026-04-18 01:07:37,2020-08-26,2020-08-27,229.7739,871.0,26.38,378.29,28.5,-349.8,246.6629,3851.31,6623.2,-,-,-,E,0.14,93.15,[]
Germany,DE,DE,2026-04-18 01:07:37,2020-08-27,2020-08-28,229.9072,871.0,26.4,168.82,38.2,-130.6,246.6629,3851.31,6623.2,-,-,-,E,0.05,93.21,[]
Germany,DE,DE,2026-04-18 01:07:37,2020-08-28,2020-08-29,230.0656,871.0,26.41,177.8,23.7,-154.1,247.0385,3851.31,6623.2,-,-,-,E,0.06,93.13,[]
Germany,DE,DE,2026-04-18 01:07:37,2020-08-29,2020-08-30,230.1981,871.0,26.43,278.06,151.9,-126.1,247.0885,3851.31,6623.2,-,-,-,E,0.05,93.16,[]
Germany,DE,DE,2026-04-18 01:07:37,2020-08-30,2020-08-31,230.3643,871.0,26.45,234.58,72.6,-162.0,247.0885,3851.31,6623.2,-,-,-,E,0.07,93.23,[]
Germany,DE,DE,2026-04-18 01:07:37,2020-08-31,2020-09-01,230.3117,871.0,26.44,128.89,181.9,53.0,247.0615,3850.89,6622.58,-,-,-,E,-0.02,93.22,[]
Germany,DE,DE,2026-04-18 01:07:37,2020-09-01,2020-09-02,230.3073,871.0,26.44,75.02,84.9,9.9,247.0615,3850.89,6622.58,-,-,-,E,-0.0,93.22,[]
Germany,DE,DE,2026-04-18 01:07:37,2020-09-02,2020-09-03,230.4408,871.0,26.46,260.51,138.3,-122.2,247.0615,3850.89,6622.58,-,-,-,E,0.05,93.27,[]
Germany,DE,DE,2026-04-18 01:07:37,2020-09-03,2020-09-04,230.6236,871.0,26.48,258.09,78.7,-179.4,247.0615,3850.89,6622.58,-,-,-,E,0.07,93.35,[]
Germany,DE,DE,2026-04-18 01:07:37,2020-09-04,2020-09-05,230.8077,871.0,26.5,239.76,60.1,-179.7,247.0615,3850.89,6622.58,-,-,-,E,0.07,93.42,[]
Germany,DE,DE,2026-04-18 01:07:37,2020-09-05,2020-09-06,231.2831,871.0,26.55,483.17,13.1,-470.1,247.0615,3850.89,6622.58,-,-,-,E,0.19,93.61,[]
Germany,DE,DE,2026-04-18 01:07:37,2020-09-06,2020-09-07,231.6735,871.0,26.6,393.11,7.3,-385.9,247.0615,3850.89,6622.58,-,-,-,E,0.16,93.77,[]
Germany,DE,DE,2026-04-18 01:07:37,2020-09-07,2020-09-08,231.8037,871.0,26.61,262.45,132.0,-130.4,247.0729,3850.29,6621.69,-,-,-,E,0.05,93.82,[]
Germany,DE,DE,2026-04-18 01:07:37,2020-09-08,2020-09-09,231.9184,871.0,26.63,228.38,105.8,-122.5,247.0729,3850.29,6621.69,-,-,-,E,0.05,93.87,[]
Germany,DE,DE,2026-04-18 01:07:37,2020-09-09,2020-09-10,232.1172,871.0,26.65,238.26,45.2,-193.1,247.0729,3850.29,6621.69,-,-,-,E,0.08,93.95,[]
Germany,DE,DE,2026-04-18 01:07:37,2020-09-10,2020-09-11,232.1188,871.0,26.65,176.82,179.5,2.7,247.1229,3850.29,6621.69,-,-,-,E,0.0,93.93,[]
Germany,DE,DE,2026-04-18 01:07:37,2020-09-11,2020-09-12,232.2393,871.0,26.66,145.69,29.4,-116.3,247.1229,3850.29,6621.69,-,-,-,E,0.05,93.98,[]
Germany,DE,DE,2026-04-18 01:07:37,2020-09-12,2020-09-13,232.6575,871.0,26.71,422.09,9.4,-412.7,247.1229,3850.29,6621.69,-,-,-,E,0.17,94.15,[]
Germany,DE,DE,2026-04-18 01:07:37,2020-09-13,2020-09-14,233.1177,871.0,26.76,458.38,3.7,-454.7,247.1229,3850.29,6621.69,-,-,-,E,0.19,94.33,[]
Germany,DE,DE,2026-04-18 01:07:37,2020-09-14,2020-09-15,233.2912,871.0,26.78,203.34,34.6,-168.7,247.1847,3851.25,6623.11,-,-,-,E,0.07,94.38,[]
Germany,DE,DE,2026-04-18 01:07:37,2020-09-15,2020-09-16,233.4994,871.0,26.81,165.15,18.7,-146.4,247.1847,3851.25,6623.11,-,-,-,E,0.08,94.46,[]
Germany,DE,DE,2026-04-18 01:07:37,2020-09-16,2020-09-17,233.5656,871.0,26.82,114.48,53.1,-61.4,247.1847,3851.25,6623.11,-,-,-,E,0.03,94.49,[]
Germany,DE,DE,2026-04-18 01:07:37,2020-09-17,2020-09-18,233.7038,871.0,26.83,144.99,11.8,-133.2,247.1847,3851.25,6623.11,-,-,-,E,0.06,94.55,[]
Germany,DE,DE,2026-04-18 01:07:37,2020-09-18,2020-09-19,233.9311,871.0,26.86,250.45,24.6,-225.9,247.1847,3851.25,6623.11,-,-,-,E,0.09,94.64,[]
Germany,DE,DE,2026-04-18 01:07:37,2020-09-19,2020-09-20,234.3927,871.0,26.91,460.11,1.6,-458.5,247.1847,3851.25,6623.11,-,-,-,E,0.19,94.82,[]
Germany,DE,DE,2026-04-18 01:07:37,2020-09-20,2020-09-21,234.7876,871.0,26.96,403.36,10.1,-393.2,247.1847,3851.25,6623.11,-,-,-,E,0.16,94.98,[]
Germany,DE,DE,2026-04-18 01:07:37,2020-09-21,2020-09-22,234.8489,871.0,26.96,150.17,92.4,-57.8,247.177,3851.13,6622.93,-,-,-,E,0.02,95.01,[]
Germany,DE,DE,2026-04-18 01:07:37,2020-09-22,2020-09-23,234.964,871.0,26.98,177.13,65.3,-111.8,247.177,3851.13,6622.93,-,-,-,E,0.05,95.06,[]
Germany,DE,DE,2026-04-18 01:07:37,2020-09-23,2020-09-24,235.0063,871.0,26.98,141.57,106.4,-35.2,247.177,3851.13,6622.93,-,-,-,E,0.02,95.08,[]
Germany,DE,DE,2026-04-18 01:07:37,2020-09-24,2020-09-25,235.2622,871.0,27.01,294.72,43.4,-251.3,247.177,3851.13,6622.93,-,-,-,E,0.1,95.18,[]
Germany,DE,DE,2026-04-18 01:07:37,2020-09-25,2020-09-26,235.389,871.0,27.03,175.95,54.1,-121.9,247.177,3851.13,6622.93,-,-,-,E,0.05,95.23,[]
Germany,DE,DE,2026-04-18 01:07:37,2020-09-26,2020-09-27,235.292,871.0,27.01,183.56,280.3,96.7,247.177,3851.13,6622.93,-,-,-,E,-0.04,95.19,[]
Germany,DE,DE,2026-04-18 01:07:37,2020-09-27,2020-09-28,235.1739,871.0,27.0,188.35,306.3,118.0,247.182,3851.13,6622.93,-,-,-,E,-0.05,95.14,[]
Germany,DE,DE,2026-04-18 01:07:37,2020-09-28,2020-09-29,234.8227,871.0,26.96,49.8,399.7,349.9,247.2302,3851.89,6624.04,-,-,-,E,-0.14,94.98,[]
Germany,DE,DE,2026-04-18 01:07:37,2020-09-29,2020-09-30,234.5444,871.0,26.93,67.99,347.9,279.9,247.232,3851.89,6624.04,-,-,-,E,-0.11,94.87,[]
Germany,DE,DE,2026-04-18 01:07:37,2020-09-30,2020-10-01,234.2003,871.0,26.89,122.46,466.0,343.5,247.232,3851.89,6624.04,-,-,-,E,-0.14,94.73,[]
Germany,DE,DE,2026-04-18 01:07:37,2020-10-01,2020-10-02,234.2188,871.0,26.89,128.31,131.9,3.6,247.282,3851.89,6624.04,-,-,-,E,0.01,94.72,[]
Germany,DE,DE,2026-04-18 01:07:37,2020-10-02,2020-10-03,234.3563,871.0,26.91,188.11,55.4,-132.7,247.282,3851.89,6624.04,-,-,-,E,0.06,94.77,[]
Germany,DE,DE,2026-04-18 01:07:37,2020-10-03,2020-10-04,234.7733,871.0,26.95,488.07,19.7,-468.4,247.282,3851.89,6624.04,-,-,-,E,0.17,94.94,[]
Germany,DE,DE,2026-04-18 01:07:37,2020-10-04,2020-10-05,235.1436,871.0,27.0,376.56,12.6,-363.9,247.282,3851.89,6624.04,-,-,-,E,0.15,95.09,[]
Germany,DE,DE,2026-04-18 01:07:37,2020-10-05,2020-10-06,235.1253,871.0,26.99,54.52,70.6,16.1,247.2549,3851.47,6623.42,-,-,-,E,-0.01,95.09,[]
Germany,DE,DE,2026-04-18 01:07:37,2020-10-06,2020-10-07,235.1392,871.0,27.0,47.76,31.0,-16.7,247.2946,3851.47,6623.42,-,-,-,E,0.01,95.08,[]
Germany,DE,DE,2026-04-18 01:07:37,2020-10-07,2020-10-08,235.1893,871.0,27.0,81.32,31.1,-50.2,247.2946,3851.47,6623.42,-,-,-,E,0.02,95.1,[]
Germany,DE,DE,2026-04-18 01:07:37,2020-10-08,2020-10-09,235.241,871.0,27.01,83.37,30.5,-52.9,247.2946,3851.47,6623.42,-,-,-,E,0.02,95.13,[]
Germany,DE,DE,2026-04-18 01:07:37,2020-10-09,2020-10-10,235.2593,871.0,27.01,53.32,35.0,-18.3,247.2946,3851.47,6623.42,-,-,-,E,0.01,95.13,[]
Germany,DE,DE,2026-04-18 01:07:37,2020-10-10,2020-10-11,235.4809,871.0,27.04,224.58,3.0,-221.6,247.2946,3851.47,6623.42,-,-,-,E,0.09,95.22,[]
Germany,DE,DE,2026-04-18 01:07:37,2020-10-11,2020-10-12,235.6781,871.0,27.06,202.82,2.6,-200.2,247.2946,3851.47,6623.42,-,-,-,E,0.08,95.3,[]
Germany,DE,DE,2026-04-18 01:07:37,2020-10-12,2020-10-13,235.5427,871.0,27.04,94.1,227.2,133.1,247.2637,3850.98,6622.71,-,-,-,E,-0.05,95.26,[]
Germany,DE,DE,2026-04-18 01:07:37,2020-10-13,2020-10-14,235.3649,871.0,27.02,41.04,218.0,176.9,247.2637,3850.98,6622.71,-,-,-,E,-0.07,95.19,[]
Germany,DE,DE,2026-04-18 01:07:37,2020-10-14,2020-10-15,235.201,871.0,27.0,25.86,187.7,161.9,247.2637,3850.98,6622.71,-,-,-,E,-0.07,95.12,[]
Germany,DE,DE,2026-04-18 01:07:37,2020-10-15,2020-10-16,234.908,871.0,26.97,21.84,309.3,287.5,247.2637,3850.98,6622.71,-,-,-,E,-0.12,95.0,[]
Germany,DE,DE,2026-04-18 01:07:37,2020-10-16,2020-10-17,234.6779,871.0,26.94,6.66,232.7,226.1,247.2637,3850.98,6622.71,-,-,-,E,-0.09,94.91,[]
Germany,DE,DE,2026-04-18 01:07:37,2020-10-17,2020-10-18,234.4442,871.0,26.92,2.82,234.3,231.5,247.2637,3850.98,6622.71,-,-,-,E,-0.09,94.82,[]
Germany,DE,DE,2026-04-18 01:07:37,2020-10-18,2020-10-19,234.394,871.0,26.91,49.6,81.9,32.3,247.2637,3850.98,6622.71,-,-,-,E,-0.02,94.8,[]
Germany,DE,DE,2026-04-18 01:07:37,2020-10-19,2020-10-20,234.1409,871.0,26.88,12.75,274.7,261.9,247.1807,3849.68,6620.81,-,-,-,E,-0.1,94.72,[]
Germany,DE,DE,2026-04-18 01:07:37,2020-10-20,2020-10-21,233.9318,871.0,26.86,18.5,223.6,205.1,247.1807,3849.68,6620.81,-,-,-,E,-0.08,94.64,[]
Germany,DE,DE,2026-04-18 01:07:37,2020-10-21,2020-10-22,233.8686,871.0,26.85,22.44,85.6,63.1,247.1807,3849.68,6620.81,-,-,-,E,-0.03,94.61,[]
Germany,DE,DE,2026-04-18 01:07:37,2020-10-22,2020-10-23,233.8803,871.0,26.85,41.92,30.3,-11.7,247.1807,3849.68,6620.81,-,-,-,E,0.0,94.62,[]
Germany,DE,DE,2026-04-18 01:07:37,2020-10-23,2020-10-24,233.7815,871.0,26.84,27.14,126.0,98.8,247.1807,3849.68,6620.81,-,-,-,E,-0.04,94.58,[]
Germany,DE,DE,2026-04-18 01:07:37,2020-10-24,2020-10-25,233.9692,871.0,26.86,264.33,62.0,-202.3,247.1807,3970.99,6824.1,-,-,-,E,0.08,94.66,[]
Germany,DE,DE,2026-04-18 01:07:37,2020-10-25,2020-10-26,234.229,871.0,26.89,261.65,9.3,-252.3,247.1807,3849.68,6620.81,-,-,-,E,0.11,94.76,[]
Germany,DE,DE,2026-04-18 01:07:37,2020-10-26,2020-10-27,233.9526,871.0,26.86,35.79,326.4,290.6,247.1807,3849.68,6620.81,-,-,-,E,-0.11,94.65,[]
Germany,DE,DE,2026-04-18 01:07:37,2020-10-27,2020-10-28,233.3764,871.0,26.79,9.21,584.7,575.5,247.1807,3849.68,6620.81,-,-,-,E,-0.23,94.42,[]
Germany,DE,DE,2026-04-18 01:07:37,2020-10-28,2020-10-29,233.0162,871.0,26.75,14.15,369.4,355.3,247.1807,3849.68,6620.81,-,-,-,E,-0.15,94.27,[]
Germany,DE,DE,2026-04-18 01:07:37,2020-10-29,2020-10-30,232.75,871.0,26.72,26.48,293.6,267.1,247.1807,3849.68,6620.81,-,-,-,E,-0.11,94.16,[]
Germany,DE,DE,2026-04-18 01:07:37,2020-10-30,2020-10-31,232.719,871.0,26.72,90.9,111.2,20.3,247.1807,3849.68,6620.81,-,-,-,E,-0.01,94.15,[]
Germany,DE,DE,2026-04-18 01:07:37,2020-10-31,2020-11-01,233.0688,871.0,26.76,380.97,20.9,-360.0,247.1807,3849.68,6620.81,-,-,-,E,0.14,94.29,[]
Germany,DE,DE,2026-04-18 01:07:37,2020-11-01,2020-11-02,233.4985,871.0,26.81,477.76,53.1,-424.7,247.1807,3849.68,6620.81,-,-,-,E,0.17,94.46,[]
Germany,DE,DE,2026-04-18 01:07:37,2020-11-02,2020-11-03,233.9608,871.0,26.86,499.02,41.1,-457.9,247.2307,3849.68,6620.81,-,-,-,E,0.19,94.63,[]
Germany,DE,DE,2026-04-18 01:07:37,2020-11-03,2020-11-04,234.0277,871.0,26.87,120.95,58.5,-62.4,247.2307,3849.68,6620.81,-,-,-,E,0.03,94.66,[]
Germany,DE,DE,2026-04-18 01:07:37,2020-11-04,2020-11-05,233.5944,871.0,26.82,9.05,444.8,435.7,247.2307,3849.68,6620.81,-,-,-,E,-0.18,94.48,[]
Germany,DE,DE,2026-04-18 01:07:37,2020-11-05,2020-11-06,233.0581,871.0,26.76,30.61,565.9,535.3,247.2307,3849.68,6620.81,-,-,-,E,-0.22,94.27,[]
Germany,DE,DE,2026-04-18 01:07:37,2020-11-06,2020-11-07,232.7883,871.0,26.73,105.55,363.8,258.3,247.2307,3849.68,6620.81,-,-,-,E,-0.11,94.16,[]
Germany,DE,DE,2026-04-18 01:07:37,2020-11-07,2020-11-08,232.7517,871.0,26.72,69.65,106.4,36.7,247.2307,3849.68,6620.81,-,-,-,E,-0.01,94.14,[]
Germany,DE,DE,2026-04-18 01:07:37,2020-11-08,2020-11-09,232.7404,871.0,26.72,111.42,121.3,9.9,247.2307,3849.68,6620.81,-,-,-,E,-0.0,94.14,[]
Germany,DE,DE,2026-04-18 01:07:37,2020-11-09,2020-11-10,232.492,871.0,26.69,59.44,425.6,366.1,247.2307,3849.68,6620.81,-,-,-,E,-0.1,94.04,[]
Germany,DE,DE,2026-04-18 01:07:37,2020-11-10,2020-11-11,231.6056,871.0,26.59,12.13,734.9,722.8,247.2256,3849.63,6620.73,-,-,-,E,-0.36,93.68,[]
Germany,DE,DE,2026-04-18 01:07:37,2020-11-11,2020-11-12,231.177,871.0,26.54,41.1,467.2,426.1,247.2256,3849.63,6620.73,-,-,-,E,-0.17,93.51,[]
Germany,DE,DE,2026-04-18 01:07:37,2020-11-12,2020-11-13,230.9148,871.0,26.51,61.02,319.5,258.5,247.2256,3849.63,6620.73,-,-,-,E,-0.11,93.4,[]
Germany,DE,DE,2026-04-18 01:07:37,2020-11-13,2020-11-14,230.66,871.0,26.48,37.13,293.4,256.2,247.2256,3849.63,6620.73,-,-,-,E,-0.1,93.3,[]
Germany,DE,DE,2026-04-18 01:07:37,2020-11-14,2020-11-15,230.7617,871.0,26.49,238.92,136.5,-102.4,247.2256,3849.63,6620.73,-,-,-,E,0.04,93.34,[]
Germany,DE,DE,2026-04-18 01:07:37,2020-11-15,2020-11-16,230.9456,871.0,26.51,284.61,107.1,-177.6,247.2256,3849.63,6620.73,-,-,-,E,0.07,93.41,[]
Germany,DE,DE,2026-04-18 01:07:37,2020-11-16,2020-11-17,230.8335,871.0,26.5,141.26,262.8,121.5,247.2256,3849.63,6620.73,-,-,-,E,-0.05,93.37,[]
Germany,DE,DE,2026-04-18 01:07:37,2020-11-17,2020-11-18,230.5819,871.0,26.47,76.53,330.4,253.9,247.2256,3849.63,6620.73,-,-,-,E,-0.1,93.27,[]
Germany,DE,DE,2026-04-18 01:07:37,2020-11-18,2020-11-19,230.5165,871.0,26.47,146.65,198.4,51.7,247.2256,3849.63,6620.73,-,-,-,E,-0.03,93.24,[]
Germany,DE,DE,2026-04-18 01:07:37,2020-11-19,2020-11-20,230.4248,871.0,26.46,86.01,200.4,114.3,247.2256,3849.63,6620.73,-,-,-,E,-0.04,93.2,[]
Germany,DE,DE,2026-04-18 01:07:37,2020-11-20,2020-11-21,229.7259,871.0,26.37,7.21,705.7,698.5,247.2256,3849.63,6620.73,-,-,-,E,-0.28,92.92,[]
Germany,DE,DE,2026-04-18 01:07:37,2020-11-21,2020-11-22,229.3925,871.0,26.34,21.36,347.2,325.8,247.2256,3849.63,6620.73,-,-,-,E,-0.13,92.79,[]
Germany,DE,DE,2026-04-18 01:07:37,2020-11-22,2020-11-23,229.0529,871.0,26.3,18.08,353.3,335.2,247.2256,3849.63,6620.73,-,-,-,E,-0.14,92.65,[]
Germany,DE,DE,2026-04-18 01:07:37,2020-11-23,2020-11-24,228.3899,871.0,26.22,17.69,671.6,654.0,247.2256,3849.63,6620.73,-,-,-,E,-0.27,92.38,[]
Germany,DE,DE,2026-04-18 01:07:37,2020-11-24,2020-11-25,227.5437,871.0,26.12,17.76,846.6,828.9,247.2256,3849.63,6620.73,-,-,-,E,-0.34,92.04,[]
Germany,DE,DE,2026-04-18 01:07:37,2020-11-25,2020-11-26,226.2254,871.0,25.97,12.39,1317.3,1304.9,247.2256,3849.63,6620.73,-,-,-,E,-0.53,91.51,[]
Germany,DE,DE,2026-04-18 01:07:37,2020-11-26,2020-11-27,224.6665,871.0,25.79,13.39,1558.1,1544.8,247.2256,3849.63,6620.73,-,-,-,E,-0.63,90.88,[]
Germany,DE,DE,2026-04-18 01:07:37,2020-11-27,2020-11-28,223.2109,871.0,25.63,16.7,1461.8,1445.1,247.2256,3849.63,6620.73,-,-,-,E,-0.59,90.29,[]
Germany,DE,DE,2026-04-18 01:07:37,2020-11-28,2020-11-29,222.0519,871.0,25.49,17.62,1163.9,1146.3,247.2256,3849.63,6620.73,-,-,-,E,-0.47,89.82,[]
Germany,DE,DE,2026-04-18 01:07:37,2020-11-29,2020-11-30,220.6306,871.0,25.33,35.22,1441.7,1406.5,247.2256,3849.63,6620.73,-,-,-,E,-0.57,89.24,[]
Germany,DE,DE,2026-04-18 01:07:37,2020-11-30,2020-12-01,218.8359,871.0,25.12,24.14,1799.6,1775.4,247.2256,3849.63,6620.73,-,-,-,E,-0.73,88.52,[]
Germany,DE,DE,2026-04-18 01:07:37,2020-12-01,2020-12-02,216.7973,871.0,24.89,32.54,2004.8,1972.3,247.2256,3849.63,6620.73,-,-,-,E,-0.82,87.69,[]
Germany,DE,DE,2026-04-18 01:07:37,2020-12-02,2020-12-03,214.5661,871.0,24.63,28.77,2297.1,2268.4,247.2256,3849.63,6620.73,-,-,-,E,-0.9,86.79,[]
Germany,DE,DE,2026-04-18 01:07:37,2020-12-03,2020-12-04,212.6524,871.0,24.41,27.81,1868.2,1840.4,247.2256,3849.63,6620.73,-,-,-,E,-0.77,86.02,[]
Germany,DE,DE,2026-04-18 01:07:37,2020-12-04,2020-12-05,211.0779,871.0,24.23,30.71,1591.4,1560.7,247.2256,3849.63,6620.73,-,-,-,E,-0.64,85.38,[]
Germany,DE,DE,2026-04-18 01:07:37,2020-12-05,2020-12-06,209.6816,871.0,24.07,16.65,1381.4,1364.7,247.2256,3849.63,6620.73,-,-,-,E,-0.56,84.81,[]
Germany,DE,DE,2026-04-18 01:07:37,2020-12-06,2020-12-07,208.4835,871.0,23.94,28.61,1216.0,1187.3,247.2256,3849.63,6620.73,-,-,-,E,-0.48,84.33,[]
Germany,DE,DE,2026-04-18 01:07:37,2020-12-07,2020-12-08,206.7163,871.0,23.73,26.88,1779.6,1752.7,247.2256,3849.63,6620.73,-,-,-,E,-0.71,83.61,[]
Germany,DE,DE,2026-04-18 01:07:37,2020-12-08,2020-12-09,205.3118,871.0,23.57,36.71,1445.0,1408.3,247.2256,3849.63,6620.73,-,-,-,E,-0.57,83.05,[]
Germany,DE,DE,2026-04-18 01:07:37,2020-12-09,2020-12-10,203.3221,871.0,23.34,32.29,1987.9,1955.7,247.2256,3849.63,6620.73,-,-,-,E,-0.8,82.24,[]
Germany,DE,DE,2026-04-18 01:07:37,2020-12-10,2020-12-11,201.2355,871.0,23.1,17.17,2079.1,2061.9,247.2256,3849.63,6620.73,-,-,-,E,-0.84,81.4,[]
Germany,DE,DE,2026-04-18 01:07:37,2020-12-11,2020-12-12,199.5062,871.0,22.91,35.49,1751.2,1715.7,247.2256,3849.63,6620.73,-,-,-,E,-0.7,80.7,[]
Germany,DE,DE,2026-04-18 01:07:37,2020-12-12,2020-12-13,198.3852,871.0,22.78,47.59,1161.1,1113.5,247.2256,3849.63,6620.73,-,-,-,E,-0.45,80.24,[]
Germany,DE,DE,2026-04-18 01:07:37,2020-12-13,2020-12-14,197.5102,871.0,22.68,101.08,969.6,868.6,247.2256,3849.63,6620.73,-,-,-,E,-0.35,79.89,[]
Germany,DE,DE,2026-04-18 01:07:37,2020-12-14,2020-12-15,196.4135,871.0,22.55,35.64,1122.9,1087.3,247.2256,3849.63,6620.73,-,-,-,E,-0.44,79.45,[]
Germany,DE,DE,2026-04-18 01:07:37,2020-12-15,2020-12-16,194.9683,871.0,22.38,57.98,1090.2,1032.2,246.0793,3849.63,6620.73,-,-,-,E,-0.59,79.23,[]
Germany,DE,DE,2026-04-18 01:07:37,2020-12-16,2020-12-17,194.0348,871.0,22.28,24.56,956.4,931.8,246.0793,3849.63,6620.73,-,-,-,E,-0.38,78.85,[]
Germany,DE,DE,2026-04-18 01:07:37,2020-12-17,2020-12-18,193.2377,871.0,22.19,29.18,814.8,785.6,246.0793,3849.63,6620.73,-,-,-,E,-0.32,78.53,[]
Germany,DE,DE,2026-04-18 01:07:37,2020-12-18,2020-12-19,192.3888,871.0,22.09,25.19,863.8,838.7,246.0793,3849.63,6620.73,-,-,-,E,-0.34,78.18,[]
Germany,DE,DE,2026-04-18 01:07:37,2020-12-19,2020-12-20,191.9178,871.0,22.03,52.43,520.2,467.8,246.0793,3849.63,6620.73,-,-,-,E,-0.19,77.99,[]
Germany,DE,DE,2026-04-18 01:07:37,2020-12-20,2020-12-21,191.3584,871.0,21.97,45.09,599.3,554.2,246.0793,3849.63,6620.73,-,-,-,E,-0.23,77.76,[]
Germany,DE,DE,2026-04-18 01:07:37,2020-12-21,2020-12-22,190.4157,871.0,21.86,29.25,966.4,937.2,246.0793,3849.63,6620.73,-,-,-,E,-0.38,77.38,[]
Germany,DE,DE,2026-04-18 01:07:37,2020-12-22,2020-12-23,190.0139,871.0,21.82,92.72,494.5,401.8,246.0793,3849.63,6620.73,-,-,-,E,-0.16,77.22,[]
Germany,DE,DE,2026-04-18 01:07:37,2020-12-23,2020-12-24,189.5659,871.0,21.76,94.37,541.7,447.3,246.0793,3849.63,6620.73,-,-,-,E,-0.18,77.03,[]
Germany,DE,DE,2026-04-18 01:07:37,2020-12-24,2020-12-25,189.1294,871.0,21.71,64.68,501.0,436.3,246.0793,3849.63,6620.73,-,-,-,E,-0.18,76.86,[]
Germany,DE,DE,2026-04-18 01:07:37,2020-12-25,2020-12-26,188.4902,871.0,21.64,44.11,681.0,636.9,246.0793,3849.63,6620.73,-,-,-,E,-0.26,76.6,[]
Germany,DE,DE,2026-04-18 01:07:37,2020-12-26,2020-12-27,187.6848,871.0,21.55,45.98,844.5,798.6,246.0793,3849.63,6620.73,-,-,-,E,-0.33,76.27,[]
Germany,DE,DE,2026-04-18 01:07:37,2020-12-27,2020-12-28,186.7922,871.0,21.45,43.23,926.8,883.6,246.0793,3849.63,6620.73,-,-,-,E,-0.36,75.91,[]
Germany,DE,DE,2026-04-18 01:07:37,2020-12-28,2020-12-29,185.5187,871.0,21.3,33.23,1296.4,1263.2,246.0793,3849.63,6620.73,-,-,-,E,-0.52,75.39,[]
Germany,DE,DE,2026-04-18 01:07:37,2020-12-29,2020-12-30,184.1528,871.0,21.14,44.03,1424.3,1380.3,246.0793,3849.63,6620.73,-,-,-,E,-0.56,74.83,[]
Germany,DE,DE,2026-04-18 01:07:37,2020-12-30,2020-12-31,182.629,871.0,20.97,40.64,1547.9,1507.3,246.0793,3849.63,6620.73,-,-,-,E,-0.62,74.22,[]
Germany,DE,DE,2026-04-18 01:07:37,2020-12-31,2021-01-01,181.3394,871.0,20.82,134.84,1421.8,1287.0,246.0793,3849.63,6620.73,-,-,-,E,-0.52,73.69,[]
Germany,DE,DE,2026-04-18 01:07:37,2021-01-01,2021-01-02,180.1683,905.0,19.91,90.61,1241.0,1150.4,246.0793,3849.63,6620.73,-,-,-,E,0.0,73.22,[]
Germany,DE,DE,2026-04-18 01:07:37,2021-01-02,2021-01-03,178.8388,905.0,19.76,55.74,1384.5,1328.7,246.0793,3849.63,6620.73,-,-,-,E,-0.54,72.68,[]
Germany,DE,DE,2026-04-18 01:07:37,2021-01-03,2021-01-04,177.3155,905.0,19.59,25.92,1517.8,1491.9,246.0793,3849.63,6620.73,-,-,-,E,-0.62,72.06,[]
Germany,DE,DE,2026-04-18 01:07:37,2021-01-04,2021-01-05,175.0347,905.0,19.34,18.05,2276.7,2258.6,246.0793,3849.63,6620.73,-,-,-,E,-0.93,71.13,[]
Germany,DE,DE,2026-04-18 01:07:37,2021-01-05,2021-01-06,172.4964,905.0,19.06,29.25,2506.9,2477.7,246.0793,3849.63,6620.73,-,-,-,E,-1.03,70.1,[]
Germany,DE,DE,2026-04-18 01:07:37,2021-01-06,2021-01-07,170.0767,905.0,18.79,45.18,2474.9,2429.7,246.0793,3849.63,6620.73,-,-,-,E,-0.98,69.11,[]
Germany,DE,DE,2026-04-18 01:07:37,2021-01-07,2021-01-08,167.1719,905.0,18.47,21.64,2858.0,2836.3,246.0793,3849.63,6620.73,-,-,-,E,-1.18,67.93,[]
Germany,DE,DE,2026-04-18 01:07:37,2021-01-08,2021-01-09,164.2183,905.0,18.15,27.26,2947.9,2920.6,246.0793,3849.63,6620.73,-,-,-,E,-1.2,66.73,[]
Germany,DE,DE,2026-04-18 01:07:37,2021-01-09,2021-01-10,161.5175,905.0,17.85,29.44,2730.0,2700.6,246.0793,3849.63,6620.73,-,-,-,E,-1.1,65.64,[]
Germany,DE,DE,2026-04-18 01:07:37,2021-01-10,2021-01-11,158.9121,905.0,17.56,62.01,2627.1,2565.1,246.0793,3849.63,6620.73,-,-,-,E,-1.06,64.58,[]
Germany,DE,DE,2026-04-18 01:07:37,2021-01-11,2021-01-12,155.9471,905.0,17.23,38.09,3006.3,2968.2,246.0793,3849.63,6620.73,-,-,-,E,-1.2,63.37,[]
Germany,DE,DE,2026-04-18 01:07:37,2021-01-12,2021-01-13,152.972,905.0,16.9,20.83,2942.2,2921.4,246.0793,3849.63,6620.73,-,-,-,E,-1.21,62.16,[]
Germany,DE,DE,2026-04-18 01:07:37,2021-01-13,2021-01-14,150.0356,905.0,16.58,44.29,2949.2,2904.9,246.0793,3849.63,6620.73,-,-,-,E,-1.19,60.97,[]
Germany,DE,DE,2026-04-18 01:07:37,2021-01-14,2021-01-15,146.8749,905.0,16.23,19.98,3176.4,3156.4,246.0793,3849.63,6620.73,-,-,-,E,-1.28,59.69,[]
Germany,DE,DE,2026-04-18 01:07:37,2021-01-15,2021-01-16,143.3663,905.0,15.84,37.2,3484.9,3447.7,246.0793,3896.43,6620.73,-,-,-,E,-1.43,58.26,[]
Germany,DE,DE,2026-04-18 01:07:37,2021-01-16,2021-01-17,140.485,905.0,15.52,28.43,2908.3,2879.9,246.0793,3896.43,6620.73,-,-,-,E,-1.17,57.09,[]
Germany,DE,DE,2026-04-18 01:07:37,2021-01-17,2021-01-18,137.9366,905.0,15.24,55.07,2529.3,2474.2,246.0793,3896.43,6620.73,-,-,-,E,-1.04,56.05,[]
Germany,DE,DE,2026-04-18 01:07:37,2021-01-18,2021-01-19,135.0099,905.0,14.92,18.92,2942.6,2923.7,246.0793,3896.43,6620.73,-,-,-,E,-1.19,54.86,[]
Germany,DE,DE,2026-04-18 01:07:37,2021-01-19,2021-01-20,132.6694,905.0,14.66,52.42,2347.8,2295.4,246.0793,3896.43,6620.73,-,-,-,E,-0.95,53.91,[]
Germany,DE,DE,2026-04-18 01:07:37,2021-01-20,2021-01-21,130.9289,905.0,14.47,77.4,1772.4,1695.0,246.0793,3896.43,6620.73,-,-,-,E,-0.71,53.21,[]
Germany,DE,DE,2026-04-18 01:07:37,2021-01-21,2021-01-22,129.7545,905.0,14.34,305.97,1461.4,1155.4,246.0793,3896.43,6620.73,-,-,-,E,-0.48,52.73,[]
Germany,DE,DE,2026-04-18 01:07:37,2021-01-22,2021-01-23,128.1968,905.0,14.17,72.88,1827.0,1754.1,246.0793,3896.43,6620.73,-,-,-,E,-0.63,52.1,[]
Germany,DE,DE,2026-04-18 01:07:37,2021-01-23,2021-01-24,126.5035,905.0,13.98,68.19,1731.4,1663.2,246.0793,3896.43,6620.73,-,-,-,E,-0.69,51.41,[]
Germany,DE,DE,2026-04-18 01:07:37,2021-01-24,2021-01-25,124.8346,905.0,13.79,94.88,1926.9,1832.1,246.0793,3896.43,6620.73,-,-,-,E,-0.68,50.73,[]
Germany,DE,DE,2026-04-18 01:07:37,2021-01-25,2021-01-26,122.1447,905.0,13.5,27.86,2850.7,2822.9,246.0793,3896.43,6622.73,-,-,-,E,-1.09,49.64,[]
Germany,DE,DE,2026-04-18 01:07:37,2021-01-26,2021-01-27,119.6258,905.0,13.22,57.84,2571.6,2513.8,246.0793,3896.43,6622.73,-,-,-,E,-1.02,48.61,[]
Germany,DE,DE,2026-04-18 01:07:37,2021-01-27,2021-01-28,117.212,905.0,12.95,27.04,2411.0,2384.0,245.9713,3897.01,6625.61,-,-,-,E,-0.98,47.65,[]
Germany,DE,DE,2026-04-18 01:07:37,2021-01-28,2021-01-29,115.4692,905.0,12.76,105.55,1936.0,1830.5,245.9713,3897.01,6625.61,-,-,-,E,-0.71,46.94,[]
Germany,DE,DE,2026-04-18 01:07:37,2021-01-29,2021-01-30,113.9925,905.0,12.6,119.16,1547.5,1428.4,245.9713,3897.01,6625.61,-,-,-,E,-0.6,46.34,[]
Germany,DE,DE,2026-04-18 01:07:37,2021-01-30,2021-01-31,112.35,905.0,12.41,54.83,1679.0,1624.2,245.9713,3897.01,6625.61,-,-,-,E,-0.67,45.68,[]
Germany,DE,DE,2026-04-18 01:07:37,2021-01-31,2021-02-01,110.39,905.0,12.2,49.88,1982.6,1932.7,245.9713,3897.01,6625.61,-,-,-,E,-0.8,44.88,[]
Germany,DE,DE,2026-04-18 01:07:37,2021-02-01,2021-02-02,108.3682,905.0,11.97,213.03,2232.9,2019.9,245.9713,3897.01,6625.61,-,-,-,E,-0.82,44.06,[]
Germany,DE,DE,2026-04-18 01:07:37,2021-02-02,2021-02-03,106.8611,905.0,11.81,42.46,1509.8,1467.3,245.9713,3897.01,6625.61,-,-,-,E,-0.61,43.44,[]
Germany,DE,DE,2026-04-18 01:07:37,2021-02-03,2021-02-04,105.9959,905.0,11.71,110.77,927.0,816.3,245.9713,3897.01,6625.61,-,-,-,E,-0.35,43.09,[]
Germany,DE,DE,2026-04-18 01:07:37,2021-02-04,2021-02-05,104.8438,905.0,11.58,78.34,1211.8,1133.4,245.9713,3897.01,6625.61,-,-,-,E,-0.47,42.62,[]
Germany,DE,DE,2026-04-18 01:07:37,2021-02-05,2021-02-06,103.7598,905.0,11.47,111.29,1176.2,1064.9,245.9713,3897.01,6625.61,-,-,-,E,-0.44,42.18,[]
Germany,DE,DE,2026-04-18 01:07:37,2021-02-06,2021-02-07,102.8083,905.0,11.36,96.14,1003.7,907.5,245.9713,3897.01,6625.61,-,-,-,E,-0.39,41.8,[]
Germany,DE,DE,2026-04-18 01:07:37,2021-02-07,2021-02-08,101.3705,905.0,11.2,90.82,1530.2,1439.4,245.9713,3897.01,6625.61,-,-,-,E,-0.58,41.21,[]
Germany,DE,DE,2026-04-18 01:07:37,2021-02-08,2021-02-09,98.9178,905.0,10.93,51.72,2484.2,2432.5,245.9713,3897.01,6625.61,-,-,-,E,-1.0,40.22,[]
Germany,DE,DE,2026-04-18 01:07:37,2021-02-09,2021-02-10,96.0047,905.0,10.61,43.82,2925.8,2882.0,245.9713,3897.01,6625.61,-,-,-,E,-1.18,39.03,[]
Germany,DE,DE,2026-04-18 01:07:37,2021-02-10,2021-02-11,92.916,905.0,10.27,30.2,3077.1,3046.9,245.9713,3876.61,6625.61,-,-,-,E,-1.26,37.78,[]
Germany,DE,DE,2026-04-18 01:07:37,2021-02-11,2021-02-12,90.2347,905.0,9.97,42.85,2711.6,2668.7,245.9713,3876.61,6625.61,-,-,-,E,-1.09,36.69,[]
Germany,DE,DE,2026-04-18 01:07:37,2021-02-12,2021-02-13,87.4866,905.0,9.67,28.92,2747.5,2718.6,245.9713,3876.61,6625.61,-,-,-,E,-1.12,35.57,[]
Germany,DE,DE,2026-04-18 01:07:37,2021-02-13,2021-02-14,85.1232,905.0,9.41,17.92,2358.7,2340.8,245.9713,3876.61,6625.61,-,-,-,E,-0.96,34.61,[]
Germany,DE,DE,2026-04-18 01:07:37,2021-02-14,2021-02-15,83.0428,905.0,9.18,24.92,2045.2,2020.3,245.9713,3876.61,6625.61,-,-,-,E,-0.85,33.76,[]
Germany,DE,DE,2026-04-18 01:07:37,2021-02-15,2021-02-16,80.6735,905.0,8.91,27.94,2366.9,2338.9,245.9713,3876.61,6625.61,-,-,-,E,-0.96,32.8,[]
Germany,DE,DE,2026-04-18 01:07:37,2021-02-16,2021-02-17,79.6743,905.0,8.8,38.89,958.9,920.0,245.9713,3876.61,6625.61,-,-,-,E,-0.41,32.39,[]
Germany,DE,DE,2026-04-18 01:07:37,2021-02-17,2021-02-18,79.1586,905.0,8.75,123.89,588.5,464.6,245.943,3876.61,6625.61,-,-,-,E,-0.21,32.19,[]
Germany,DE,DE,2026-04-18 01:07:37,2021-02-18,2021-02-19,78.6822,905.0,8.69,65.19,512.1,446.9,245.9289,3876.61,6625.61,-,-,-,E,-0.19,31.99,[]
Germany,DE,DE,2026-04-18 01:07:37,2021-02-19,2021-02-20,78.2424,905.0,8.65,49.69,453.7,404.0,245.9289,3876.61,6625.61,-,-,-,E,-0.18,31.82,[]
Germany,DE,DE,2026-04-18 01:07:37,2021-02-20,2021-02-21,78.0571,905.0,8.63,269.35,413.1,143.7,245.9289,3876.61,6625.61,-,-,-,E,-0.08,31.74,[]
Germany,DE,DE,2026-04-18 01:07:37,2021-02-21,2021-02-22,77.9804,905.0,8.62,317.21,375.0,57.7,245.9289,3876.61,6625.61,-,-,-,E,-0.03,31.71,[]
Germany,DE,DE,2026-04-18 01:07:37,2021-02-22,2021-02-23,77.4837,905.0,8.56,89.89,587.5,497.6,245.9289,3876.61,6625.61,-,-,-,E,-0.2,31.51,[]
Germany,DE,DE,2026-04-18 01:07:37,2021-02-23,2021-02-24,77.2315,905.0,8.53,197.27,416.6,219.3,245.9289,3876.61,6625.61,-,-,-,E,-0.1,31.4,[]
Germany,DE,DE,2026-04-18 01:07:37,2021-02-24,2021-02-25,77.2654,905.0,8.54,401.33,344.7,-56.7,245.9289,3876.61,6625.61,-,-,-,E,0.01,31.42,[]
Germany,DE,DE,2026-04-18 01:07:37,2021-02-25,2021-02-26,77.107,905.0,8.52,211.47,346.6,135.2,245.9289,3876.61,6625.61,-,-,-,E,-0.06,31.35,[]
Germany,DE,DE,2026-04-18 01:07:37,2021-02-26,2021-02-27,77.0284,905.0,8.51,244.26,334.9,90.7,245.9289,3876.61,6625.61,-,-,-,E,-0.03,31.32,[]
Germany,DE,DE,2026-04-18 01:07:37,2021-02-27,2021-02-28,76.9089,905.0,8.5,154.83,251.4,96.6,245.9289,3876.61,6625.61,-,-,-,E,-0.05,31.27,[]
Germany,DE,DE,2026-04-18 01:07:37,2021-02-28,2021-03-01,76.6115,905.0,8.47,58.24,312.5,254.2,245.9289,3876.61,6625.61,-,-,-,E,-0.12,31.15,[]
Germany,DE,DE,2026-04-18 01:07:37,2021-03-01,2021-03-02,75.7013,905.0,8.36,21.74,907.5,885.8,245.9289,3876.61,6625.61,-,-,-,E,-0.37,30.78,[]
Germany,DE,DE,2026-04-18 01:07:37,2021-03-02,2021-03-03,74.9833,905.0,8.29,21.45,713.8,692.3,245.9289,3923.41,6625.61,-,-,-,E,-0.29,30.49,[]
Germany,DE,DE,2026-04-18 01:07:37,2021-03-03,2021-03-04,74.0999,905.0,8.19,15.93,875.8,859.8,245.9289,3923.41,6625.61,-,-,-,E,-0.36,30.13,[]
Germany,DE,DE,2026-04-18 01:07:37,2021-03-04,2021-03-05,73.3705,905.0,8.11,56.78,761.8,705.0,245.9289,3923.41,6625.61,-,-,-,E,-0.3,29.83,[]
Germany,DE,DE,2026-04-18 01:07:37,2021-03-05,2021-03-06,72.4158,905.0,8.0,26.16,952.9,926.8,245.9289,3923.41,6625.61,-,-,-,E,-0.39,29.45,[]
Germany,DE,DE,2026-04-18 01:07:37,2021-03-06,2021-03-07,71.7018,905.0,7.92,24.94,709.8,684.8,245.9289,3923.41,6625.61,-,-,-,E,-0.29,29.16,[]
Germany,DE,DE,2026-04-18 01:07:37,2021-03-07,2021-03-08,70.9923,905.0,7.84,58.64,740.9,682.2,245.9289,3923.41,6625.61,-,-,-,E,-0.29,28.87,[]
Germany,DE,DE,2026-04-18 01:07:37,2021-03-08,2021-03-09,69.7962,905.0,7.71,24.81,1192.8,1168.0,245.9289,3923.41,6625.61,-,-,-,E,-0.49,28.38,[]
Germany,DE,DE,2026-04-18 01:07:37,2021-03-09,2021-03-10,68.6059,905.0,7.58,48.13,1207.2,1159.1,245.9155,3923.41,6625.61,-,-,-,E,-0.48,27.9,[]
Germany,DE,DE,2026-04-18 01:07:37,2021-03-10,2021-03-11,68.0109,905.0,7.52,73.18,639.4,566.3,245.9289,3923.41,6625.61,-,-,-,E,-0.24,27.65,[]
Germany,DE,DE,2026-04-18 01:07:37,2021-03-11,2021-03-12,67.7062,905.0,7.48,164.29,444.3,280.0,245.9289,3923.41,6625.61,-,-,-,E,-0.12,27.53,[]
Germany,DE,DE,2026-04-18 01:07:37,2021-03-12,2021-03-13,67.5633,905.0,7.47,154.54,276.5,122.0,245.9289,3923.41,6625.61,-,-,-,E,-0.06,27.47,[]
Germany,DE,DE,2026-04-18 01:07:37,2021-03-13,2021-03-14,67.5051,905.0,7.46,288.34,328.7,40.3,245.9289,3923.41,6625.61,-,-,-,E,-0.02,27.45,[]
Germany,DE,DE,2026-04-18 01:07:37,2021-03-14,2021-03-15,67.1862,905.0,7.42,130.47,428.9,298.5,245.9289,3923.41,6625.61,-,-,-,E,-0.13,27.32,[]
Germany,DE,DE,2026-04-18 01:07:37,2021-03-15,2021-03-16,67.139,905.0,7.42,68.87,499.0,430.1,247.0751,3923.41,6625.61,-,-,-,E,-0.02,27.17,[]
Germany,DE,DE,2026-04-18 01:07:37,2021-03-16,2021-03-17,66.6843,905.0,7.37,103.54,530.2,426.7,247.0751,3923.41,6625.61,-,-,-,E,-0.18,26.99,[]
Germany,DE,DE,2026-04-18 01:07:37,2021-03-17,2021-03-18,66.0944,905.0,7.3,102.4,658.9,556.5,247.0751,3923.41,6625.61,-,-,-,E,-0.24,26.75,[]
Germany,DE,DE,2026-04-18 01:07:37,2021-03-18,2021-03-19,65.2805,905.0,7.21,42.73,828.3,785.5,247.0751,3923.41,6625.61,-,-,-,E,-0.33,26.42,[]
Germany,DE,DE,2026-04-18 01:07:37,2021-03-19,2021-03-20,64.7313,905.0,7.15,78.11,603.3,525.2,247.0751,3923.41,6625.61,-,-,-,E,-0.22,26.2,[]
Germany,DE,DE,2026-04-18 01:07:37,2021-03-20,2021-03-21,64.374,905.0,7.11,120.18,453.7,333.5,247.0751,3923.41,6625.61,-,-,-,E,-0.14,26.05,[]
Germany,DE,DE,2026-04-18 01:07:37,2021-03-21,2021-03-22,64.2203,905.0,7.1,190.02,329.3,139.3,247.0751,3923.41,6625.61,-,-,-,E,-0.06,25.99,[]
Germany,DE,DE,2026-04-18 01:07:37,2021-03-22,2021-03-23,63.5315,905.0,7.02,53.42,721.2,667.8,247.0751,3923.41,6625.61,-,-,-,E,-0.28,25.71,[]
Germany,DE,DE,2026-04-18 01:07:37,2021-03-23,2021-03-24,63.0416,905.0,6.97,63.45,535.0,471.6,247.0751,3923.41,6625.61,-,-,-,E,-0.2,25.52,[]
Germany,DE,DE,2026-04-18 01:07:37,2021-03-24,2021-03-25,62.812,905.0,6.94,150.44,365.3,214.9,247.0751,3923.41,6625.61,-,-,-,E,-0.09,25.42,[]
Germany,DE,DE,2026-04-18 01:07:37,2021-03-25,2021-03-26,62.7396,905.0,6.93,258.5,320.8,62.3,247.0751,3923.41,6625.61,-,-,-,E,-0.03,25.39,[]
Germany,DE,DE,2026-04-18 01:07:37,2021-03-26,2021-03-27,63.061,905.0,6.97,598.48,272.0,-326.5,247.0751,3923.41,6625.61,-,-,-,E,0.13,25.52,[]
Germany,DE,DE,2026-04-18 01:07:37,2021-03-27,2021-03-28,63.4517,905.0,7.01,624.09,228.5,-395.6,247.0751,3806.26,6420.09,-,-,-,E,0.16,25.68,[]
Germany,DE,DE,2026-04-18 01:07:37,2021-03-28,2021-03-29,63.8382,905.0,7.05,642.21,252.0,-390.2,247.0751,3928.69,6625.61,-,-,-,E,0.16,25.84,[]
Germany,DE,DE,2026-04-18 01:07:37,2021-03-29,2021-03-30,63.4127,905.0,7.01,623.79,261.3,-362.5,247.0751,3928.69,6625.61,-,-,-,E,-0.17,25.67,[]
Germany,DE,DE,2026-04-18 01:07:37,2021-03-30,2021-03-31,64.6041,905.0,7.14,659.75,247.4,-412.3,247.0751,3928.69,6625.61,-,-,-,E,0.48,26.15,[]
Germany,DE,DE,2026-04-18 01:07:37,2021-03-31,2021-04-01,66.0516,905.0,7.3,830.58,267.8,-562.8,252.5718,4063.85,6895.92,-,-,-,E,0.57,26.15,[]
Germany,DE,DE,2026-04-18 01:07:37,2021-04-01,2021-04-02,66.6998,905.0,7.37,680.27,17.5,-662.8,247.8668,4063.84,6898.57,-,-,-,E,0.26,26.91,[]
Germany,DE,DE,2026-04-18 01:07:37,2021-04-02,2021-04-03,67.0257,905.0,7.41,456.91,135.3,-321.6,247.8668,4063.84,6898.57,-,-,-,E,0.13,27.04,[]
Germany,DE,DE,2026-04-18 01:07:37,2021-04-03,2021-04-04,67.6161,905.0,7.47,633.45,54.5,-579.0,247.8668,4063.84,6898.57,-,-,-,E,0.24,27.28,[]
Germany,DE,DE,2026-04-18 01:07:37,2021-04-04,2021-04-05,68.1464,905.0,7.53,595.97,49.9,-546.1,247.8668,4063.84,6898.57,-,-,-,E,0.21,27.49,[]
Germany,DE,DE,2026-04-18 01:07:37,2021-04-05,2021-04-06,68.2055,905.0,7.54,234.17,182.5,-51.7,247.8668,4063.84,6898.57,-,-,-,E,0.02,27.52,[]
Germany,DE,DE,2026-04-18 01:07:37,2021-04-06,2021-04-07,67.508,905.0,7.46,48.4,713.0,664.6,247.8668,4063.84,6898.57,-,-,-,E,-0.28,27.24,[]
Germany,DE,DE,2026-04-18 01:07:37,2021-04-07,2021-04-08,66.7005,905.0,7.37,50.65,846.1,795.5,247.8668,4063.84,6898.57,-,-,-,E,-0.33,26.91,[]
Germany,DE,DE,2026-04-18 01:07:37,2021-04-08,2021-04-09,65.7864,905.0,7.27,66.49,966.2,899.7,247.8668,4063.84,6898.57,-,-,-,E,-0.37,26.54,[]
Germany,DE,DE,2026-04-18 01:07:37,2021-04-09,2021-04-10,65.3657,905.0,7.22,122.7,531.3,408.6,247.8668,4063.84,6898.57,-,-,-,E,-0.17,26.37,[]
Germany,DE,DE,2026-04-18 01:07:37,2021-04-10,2021-04-11,65.2928,905.0,7.21,162.81,226.5,63.7,247.8668,4063.84,6898.57,-,-,-,E,-0.03,26.34,[]
Germany,DE,DE,2026-04-18 01:07:37,2021-04-11,2021-04-12,65.3299,905.0,7.22,266.22,225.7,-40.5,247.8668,4063.84,6898.57,-,-,-,E,0.01,26.36,[]
Germany,DE,DE,2026-04-18 01:07:37,2021-04-12,2021-04-13,64.2647,905.0,7.1,29.13,1097.3,1068.2,247.86,4063.67,6898.24,-,-,-,E,-0.43,25.93,[]
Germany,DE,DE,2026-04-18 01:07:37,2021-04-13,2021-04-14,62.9448,905.0,6.96,39.23,1333.2,1293.9,247.86,4063.67,6898.24,-,-,-,E,-0.53,25.4,[]
Germany,DE,DE,2026-04-18 01:07:37,2021-04-14,2021-04-15,61.7309,905.0,6.82,64.09,1270.1,1206.0,247.86,4063.67,6898.24,-,-,-,E,-0.49,24.91,[]
Germany,DE,DE,2026-04-18 01:07:37,2021-04-15,2021-04-16,60.8232,905.0,6.72,58.75,962.6,903.9,247.86,4063.67,6898.24,-,-,-,E,-0.37,24.54,[]
Germany,DE,DE,2026-04-18 01:07:37,2021-04-16,2021-04-17,60.4655,905.0,6.68,138.37,473.0,334.7,247.86,4063.67,6898.24,-,-,-,E,-0.14,24.4,[]
Germany,DE,DE,2026-04-18 01:07:37,2021-04-17,2021-04-18,60.3885,905.0,6.67,155.92,228.9,73.0,247.86,4063.67,6898.24,-,-,-,E,-0.03,24.36,[]
Germany,DE,DE,2026-04-18 01:07:37,2021-04-18,2021-04-19,60.4115,905.0,6.68,245.44,218.3,-27.1,247.86,4063.67,6898.24,-,-,-,E,0.01,24.37,[]
Germany,DE,DE,2026-04-18 01:07:37,2021-04-19,2021-04-20,60.2685,905.0,6.66,183.49,352.1,168.6,247.8556,4063.57,6898.02,-,-,-,E,-0.06,24.32,[]
Germany,DE,DE,2026-04-18 01:07:37,2021-04-20,2021-04-21,60.3677,905.0,6.67,263.67,158.2,-105.5,247.8556,4063.57,6898.02,-,-,-,E,0.04,24.36,[]
Germany,DE,DE,2026-04-18 01:07:37,2021-04-21,2021-04-22,60.6147,905.0,6.7,283.09,42.2,-240.8,247.8556,4063.57,6898.02,-,-,-,E,0.1,24.46,[]
Germany,DE,DE,2026-04-18 01:07:37,2021-04-22,2021-04-23,60.6753,905.0,6.7,134.62,70.4,-64.2,247.8556,4063.57,6898.02,-,-,-,E,0.02,24.48,[]
Germany,DE,DE,2026-04-18 01:07:37,2021-04-23,2021-04-24,60.7791,905.0,6.72,168.08,62.0,-106.1,247.8556,4063.57,6898.02,-,-,-,E,0.04,24.52,[]
Germany,DE,DE,2026-04-18 01:07:37,2021-04-24,2021-04-25,61.2401,905.0,6.77,466.07,5.1,-461.0,247.8556,4063.57,6898.02,-,-,-,E,0.19,24.71,[]
Germany,DE,DE,2026-04-18 01:07:37,2021-04-25,2021-04-26,61.7732,905.0,6.83,543.24,7.7,-535.5,247.8556,4063.57,6898.02,-,-,-,E,0.22,24.92,[]
Germany,DE,DE,2026-04-18 01:07:37,2021-04-26,2021-04-27,62.1477,905.0,6.87,443.3,66.7,-376.6,247.8576,4063.61,6898.12,-,-,-,E,0.15,25.07,[]
Germany,DE,DE,2026-04-18 01:07:37,2021-04-27,2021-04-28,62.6464,905.0,6.92,593.33,92.3,-501.0,247.8576,4063.61,6898.12,-,-,-,E,0.2,25.28,[]
Germany,DE,DE,2026-04-18 01:07:37,2021-04-28,2021-04-29,62.9885,905.0,6.96,426.32,81.9,-344.4,247.8576,4063.61,6898.12,-,-,-,E,0.14,25.41,[]
Germany,DE,DE,2026-04-18 01:07:37,2021-04-29,2021-04-30,63.0536,905.0,6.97,192.9,125.0,-67.9,247.8576,4063.61,6898.12,-,-,-,E,0.03,25.44,[]
Germany,DE,DE,2026-04-18 01:07:37,2021-04-30,2021-05-01,62.8497,905.0,6.94,61.49,258.6,197.2,247.8576,4101.68,6898.12,-,-,-,E,-0.08,25.36,[]
Germany,DE,DE,2026-04-18 01:07:37,2021-05-01,2021-05-02,63.0042,905.0,6.96,214.99,79.1,-135.8,247.8576,4101.68,6898.12,-,-,-,E,0.06,25.42,[]
Germany,DE,DE,2026-04-18 01:07:37,2021-05-02,2021-05-03,63.0765,905.0,6.97,130.86,66.1,-64.7,247.8576,4101.68,6898.12,-,-,-,E,0.03,25.45,[]
Germany,DE,DE,2026-04-18 01:07:37,2021-05-03,2021-05-04,62.7757,905.0,6.94,62.23,376.4,314.2,247.8561,4101.65,6898.05,-,-,-,E,-0.12,25.33,[]
Germany,DE,DE,2026-04-18 01:07:37,2021-05-04,2021-05-05,62.8442,905.0,6.94,264.51,196.6,-68.0,247.8561,4101.65,6898.05,-,-,-,E,0.03,25.36,[]
Germany,DE,DE,2026-04-18 01:07:37,2021-05-05,2021-05-06,62.4197,905.0,6.9,40.33,466.5,426.2,247.8561,4101.65,6898.05,-,-,-,E,-0.17,25.18,[]
Germany,DE,DE,2026-04-18 01:07:37,2021-05-06,2021-05-07,61.7552,905.0,6.82,56.36,712.0,655.7,247.8562,4101.65,6898.05,-,-,-,E,-0.27,24.92,[]
Germany,DE,DE,2026-04-18 01:07:37,2021-05-07,2021-05-08,61.3797,905.0,6.78,123.0,498.5,375.5,247.8562,4101.65,6898.05,-,-,-,E,-0.15,24.76,[]
Germany,DE,DE,2026-04-18 01:07:37,2021-05-08,2021-05-09,61.7573,905.0,6.82,413.48,35.9,-377.6,247.8562,4101.65,6898.05,-,-,-,E,0.15,24.92,[]
Germany,DE,DE,2026-04-18 01:07:37,2021-05-09,2021-05-10,62.8377,905.0,6.94,1120.29,3.2,-1117.1,247.8562,4101.65,6898.05,-,-,-,E,0.44,25.35,[]
Germany,DE,DE,2026-04-18 01:07:37,2021-05-10,2021-05-11,63.9243,905.0,7.06,994.99,1.0,-994.0,247.8582,4101.69,6898.14,-,-,-,E,0.44,25.79,[]
Germany,DE,DE,2026-04-18 01:07:37,2021-05-11,2021-05-12,64.6597,905.0,7.14,750.1,14.7,-735.4,247.8582,4101.69,6898.14,-,-,-,E,0.3,26.09,[]
Germany,DE,DE,2026-04-18 01:07:37,2021-05-12,2021-05-13,65.2805,905.0,7.21,685.87,65.1,-620.8,247.8582,4101.69,6898.14,-,-,-,E,0.25,26.34,[]
Germany,DE,DE,2026-04-18 01:07:37,2021-05-13,2021-05-14,65.9642,905.0,7.29,736.21,40.5,-695.7,248.4582,4101.69,6898.14,-,-,-,E,0.28,26.55,[]
Germany,DE,DE,2026-04-18 01:07:37,2021-05-14,2021-05-15,66.4938,905.0,7.35,537.47,19.9,-517.6,247.8582,4101.69,6898.14,-,-,-,E,0.21,26.83,[]
Germany,DE,DE,2026-04-18 01:07:37,2021-05-15,2021-05-16,67.1436,905.0,7.42,693.17,43.4,-649.8,247.8582,4101.69,6898.14,-,-,-,E,0.26,27.09,[]
Germany,DE,DE,2026-04-18 01:07:37,2021-05-16,2021-05-17,67.8053,905.0,7.49,725.96,64.3,-661.6,247.8582,4101.69,6898.14,-,-,-,E,0.27,27.36,[]
Germany,DE,DE,2026-04-18 01:07:37,2021-05-17,2021-05-18,68.1071,905.0,7.53,501.79,200.0,-301.8,247.8587,4101.71,6898.17,-,-,-,E,0.12,27.48,[]
Germany,DE,DE,2026-04-18 01:07:37,2021-05-18,2021-05-19,68.2954,905.0,7.55,442.4,254.1,-188.3,247.8587,4101.71,6898.17,-,-,-,E,0.08,27.55,[]
Germany,DE,DE,2026-04-18 01:07:37,2021-05-19,2021-05-20,68.5249,905.0,7.57,470.88,242.8,-228.1,247.8587,4101.71,6898.17,-,-,-,E,0.09,27.65,[]
Germany,DE,DE,2026-04-18 01:07:37,2021-05-20,2021-05-21,69.194,905.0,7.65,788.11,108.5,-679.6,247.8587,4101.71,6898.17,-,-,-,E,0.27,27.92,[]
Germany,DE,DE,2026-04-18 01:07:37,2021-05-21,2021-05-22,70.0901,905.0,7.74,905.88,8.5,-897.3,247.8587,4101.71,6898.17,-,-,-,E,0.36,28.28,[]
Germany,DE,DE,2026-04-18 01:07:37,2021-05-22,2021-05-23,70.8114,905.0,7.82,750.93,31.6,-719.3,247.8587,4101.71,6898.17,-,-,-,E,0.29,28.57,[]
Germany,DE,DE,2026-04-18 01:07:37,2021-05-23,2021-05-24,71.5806,905.0,7.91,801.74,33.1,-768.6,247.8587,4101.71,6898.17,-,-,-,E,0.31,28.88,[]
Germany,DE,DE,2026-04-18 01:07:37,2021-05-24,2021-05-25,72.2941,905.0,7.99,730.71,18.6,-712.1,247.8533,4101.57,6897.9,-,-,-,E,0.29,29.17,[]
Germany,DE,DE,2026-04-18 01:07:37,2021-05-25,2021-05-26,72.5266,905.0,8.01,350.02,117.2,-232.8,247.8533,4101.57,6897.9,-,-,-,E,0.09,29.26,[]
Germany,DE,DE,2026-04-18 01:07:37,2021-05-26,2021-05-27,72.8022,905.0,8.04,350.07,74.8,-275.3,247.8533,4101.57,6897.9,-,-,-,E,0.11,29.37,[]
Germany,DE,DE,2026-04-18 01:07:37,2021-05-27,2021-05-28,72.8497,905.0,8.05,260.77,213.9,-46.9,247.8533,4101.57,6897.9,-,-,-,E,0.02,29.39,[]
Germany,DE,DE,2026-04-18 01:07:37,2021-05-28,2021-05-29,73.1947,905.0,8.09,413.78,68.8,-345.0,247.8533,4101.57,6897.9,-,-,-,E,0.14,29.53,[]
Germany,DE,DE,2026-04-18 01:07:37,2021-05-29,2021-05-30,74.0894,905.0,8.19,929.79,1.1,-928.7,247.8533,4101.57,6897.9,-,-,-,E,0.36,29.89,[]
Germany,DE,DE,2026-04-18 01:07:37,2021-05-30,2021-05-31,75.1584,905.0,8.3,1069.27,1.7,-1067.6,247.8533,4101.57,6897.9,-,-,-,E,0.43,30.32,[]
Germany,DE,DE,2026-04-18 01:07:37,2021-05-31,2021-06-01,76.0577,905.0,8.4,873.13,10.1,-863.1,247.8626,4101.8,6898.36,-,-,-,E,0.36,30.69,[]
Germany,DE,DE,2026-04-18 01:07:37,2021-06-01,2021-06-02,77.2122,905.0,8.53,1167.52,7.6,-1159.9,248.1126,4101.8,6898.36,-,-,-,E,0.47,31.12,[]
Germany,DE,DE,2026-04-18 01:07:37,2021-06-02,2021-06-03,78.5532,905.0,8.68,1302.08,52.4,-1249.7,248.1126,4101.8,6898.36,-,-,-,E,0.54,31.66,[]
Germany,DE,DE,2026-04-18 01:07:37,2021-06-03,2021-06-04,79.7803,905.0,8.82,1224.92,9.3,-1215.6,248.1126,4101.8,6898.36,-,-,-,E,0.49,32.15,[]
Germany,DE,DE,2026-04-18 01:07:37,2021-06-04,2021-06-05,80.9037,905.0,8.94,1134.53,12.2,-1122.4,248.1126,4101.8,6898.36,-,-,-,E,0.45,32.61,[]
Germany,DE,DE,2026-04-18 01:07:37,2021-06-05,2021-06-06,82.2664,905.0,9.09,1360.05,8.4,-1351.7,248.1126,4101.8,6898.36,-,-,-,E,0.55,33.16,[]
Germany,DE,DE,2026-04-18 01:07:37,2021-06-06,2021-06-07,83.5787,905.0,9.24,1311.69,11.7,-1300.0,248.1126,4101.8,6898.36,-,-,-,E,0.53,33.69,[]
Germany,DE,DE,2026-04-18 01:07:37,2021-06-07,2021-06-08,84.3984,905.0,9.33,895.16,105.6,-789.6,248.1165,4101.9,6898.55,-,-,-,E,0.33,34.02,[]
Germany,DE,DE,2026-04-18 01:07:37,2021-06-08,2021-06-09,85.1068,905.0,9.4,864.55,166.3,-698.2,248.1165,4101.9,6898.55,-,-,-,E,0.29,34.3,[]
Germany,DE,DE,2026-04-18 01:07:37,2021-06-09,2021-06-10,85.4822,905.0,9.45,528.01,164.0,-364.0,248.1165,4101.9,6898.55,-,-,-,E,0.15,34.45,[]
Germany,DE,DE,2026-04-18 01:07:37,2021-06-10,2021-06-11,86.1029,905.0,9.51,644.62,35.1,-609.5,248.1165,4101.9,6898.55,-,-,-,E,0.25,34.7,[]
Germany,DE,DE,2026-04-18 01:07:37,2021-06-11,2021-06-12,86.7836,905.0,9.59,695.44,11.7,-683.8,248.1165,4101.9,6898.55,-,-,-,E,0.27,34.98,[]
Germany,DE,DE,2026-04-18 01:07:37,2021-06-12,2021-06-13,87.831,905.0,9.71,1046.16,6.6,-1039.6,248.1165,4101.9,6898.55,-,-,-,E,0.42,35.4,[]
Germany,DE,DE,2026-04-18 01:07:37,2021-06-13,2021-06-14,88.9154,905.0,9.82,1084.88,12.5,-1072.4,248.1165,4101.9,6898.55,-,-,-,E,0.44,35.84,[]
Germany,DE,DE,2026-04-18 01:07:37,2021-06-14,2021-06-15,89.7739,905.0,9.92,840.75,12.0,-828.7,248.115,4101.86,6898.48,-,-,-,E,0.35,36.18,[]
Germany,DE,DE,2026-04-18 01:07:37,2021-06-15,2021-06-16,90.2998,905.0,9.98,563.66,48.7,-514.9,248.115,4101.86,6898.48,-,-,-,E,0.21,36.39,[]
Germany,DE,DE,2026-04-18 01:07:37,2021-06-16,2021-06-17,90.89,905.0,10.04,622.34,43.1,-579.3,248.115,4101.86,6898.48,-,-,-,E,0.24,36.63,[]
Germany,DE,DE,2026-04-18 01:07:37,2021-06-17,2021-06-18,91.7055,905.0,10.13,840.24,28.7,-811.5,248.115,4101.86,6898.48,-,-,-,E,0.33,36.96,[]
Germany,DE,DE,2026-04-18 01:07:37,2021-06-18,2021-06-19,92.6461,905.0,10.24,963.79,8.1,-955.7,248.115,4101.86,6898.48,-,-,-,E,0.38,37.34,[]
Germany,DE,DE,2026-04-18 01:07:37,2021-06-19,2021-06-20,93.8625,905.0,10.37,1218.0,10.6,-1207.4,248.115,4101.86,6898.48,-,-,-,E,0.49,37.83,[]
Germany,DE,DE,2026-04-18 01:07:37,2021-06-20,2021-06-21,94.9719,905.0,10.49,1096.64,13.0,-1083.7,248.115,4101.86,6898.48,-,-,-,E,0.45,38.28,[]
Germany,DE,DE,2026-04-18 01:07:37,2021-06-21,2021-06-22,95.956,905.0,10.6,992.4,44.0,-948.4,248.1121,4101.79,6898.33,-,-,-,E,0.4,38.67,[]
Germany,DE,DE,2026-04-18 01:07:37,2021-06-22,2021-06-23,96.3842,905.0,10.65,544.28,83.7,-460.6,248.1121,4101.79,6898.33,-,-,-,E,0.17,38.85,[]
Germany,DE,DE,2026-04-18 01:07:37,2021-06-23,2021-06-24,96.9064,905.0,10.71,541.08,29.4,-511.7,248.1121,4101.79,6898.33,-,-,-,E,0.21,39.06,[]
Germany,DE,DE,2026-04-18 01:07:37,2021-06-24,2021-06-25,97.4246,905.0,10.77,547.38,40.4,-507.0,248.1121,4101.79,6898.33,-,-,-,E,0.21,39.27,[]
Germany,DE,DE,2026-04-18 01:07:37,2021-06-25,2021-06-26,98.0874,905.0,10.84,666.53,15.5,-651.0,248.1121,4101.79,6898.33,-,-,-,E,0.27,39.53,[]
Germany,DE,DE,2026-04-18 01:07:37,2021-06-26,2021-06-27,99.0444,905.0,10.94,1027.14,65.3,-961.8,248.1121,4101.79,6898.33,-,-,-,E,0.39,39.92,[]
Germany,DE,DE,2026-04-18 01:07:37,2021-06-27,2021-06-28,100.1387,905.0,11.07,1130.5,44.8,-1085.8,248.1121,4101.79,6898.33,-,-,-,E,0.44,40.36,[]
Germany,DE,DE,2026-04-18 01:07:37,2021-06-28,2021-06-29,100.8962,905.0,11.15,754.16,13.3,-740.8,248.0994,4101.48,6897.71,-,-,-,E,0.31,40.67,[]
Germany,DE,DE,2026-04-18 01:07:37,2021-06-29,2021-06-30,101.6962,905.0,11.24,799.15,11.2,-788.0,248.0994,4101.48,6897.71,-,-,-,E,0.32,40.99,[]
Germany,DE,DE,2026-04-18 01:07:37,2021-06-30,2021-07-01,102.3874,905.0,11.31,706.22,13.1,-693.2,248.0994,4101.48,6897.71,-,-,-,E,0.28,41.27,[]
Germany,DE,DE,2026-04-18 01:07:37,2021-07-01,2021-07-02,103.3061,905.0,11.42,898.92,10.9,-888.0,248.2486,4101.48,6897.71,-,-,-,E,0.37,41.61,[]
Germany,DE,DE,2026-04-18 01:07:37,2021-07-02,2021-07-03,103.9106,905.0,11.48,622.81,29.2,-593.6,248.2486,4101.48,6897.71,-,-,-,E,0.24,41.86,[]
Germany,DE,DE,2026-04-18 01:07:37,2021-07-03,2021-07-04,105.1266,905.0,11.62,1232.56,11.6,-1220.9,248.2486,4101.48,6897.71,-,-,-,E,0.49,42.35,[]
Germany,DE,DE,2026-04-18 01:07:37,2021-07-04,2021-07-05,106.2599,905.0,11.74,1133.14,9.7,-1123.4,248.2486,4101.48,6897.71,-,-,-,E,0.46,42.8,[]
Germany,DE,DE,2026-04-18 01:07:37,2021-07-05,2021-07-06,107.2427,905.0,11.85,943.05,32.9,-910.2,248.2525,4101.57,6897.9,-,-,-,E,0.4,43.2,[]
Germany,DE,DE,2026-04-18 01:07:37,2021-07-06,2021-07-07,107.8534,905.0,11.92,809.17,208.4,-600.8,248.2525,4054.77,6897.9,-,-,-,E,0.25,43.45,[]
Germany,DE,DE,2026-04-18 01:07:37,2021-07-07,2021-07-08,108.2742,905.0,11.96,636.75,203.9,-432.9,248.2525,4054.77,6897.9,-,-,-,E,0.17,43.61,[]
Germany,DE,DE,2026-04-18 01:07:37,2021-07-08,2021-07-09,108.6242,905.0,12.0,604.3,270.2,-334.1,248.2525,4054.77,6924.78,-,-,-,E,0.14,43.76,[]
Germany,DE,DE,2026-04-18 01:07:37,2021-07-09,2021-07-10,109.3408,905.0,12.08,891.39,159.0,-732.4,248.2525,4054.77,6897.9,-,-,-,E,0.29,44.04,[]
Germany,DE,DE,2026-04-18 01:07:37,2021-07-10,2021-07-11,110.3689,905.0,12.2,1026.15,9.6,-1016.5,248.2525,4054.77,6897.9,-,-,-,E,0.41,44.46,[]
Germany,DE,DE,2026-04-18 01:07:37,2021-07-11,2021-07-12,111.3962,905.0,12.31,1025.7,9.3,-1016.4,248.2525,4054.77,6897.9,-,-,-,E,0.41,44.87,[]
Germany,DE,DE,2026-04-18 01:07:37,2021-07-12,2021-07-13,112.0982,905.0,12.39,734.28,44.9,-689.4,248.2452,4054.59,6897.54,-,-,-,E,0.28,45.16,[]
Germany,DE,DE,2026-04-18 01:07:37,2021-07-13,2021-07-14,112.2149,905.0,12.4,490.24,382.7,-107.6,248.2452,4054.59,6897.54,-,-,-,E,0.05,45.2,[]
Germany,DE,DE,2026-04-18 01:07:37,2021-07-14,2021-07-15,112.2427,905.0,12.4,279.17,262.6,-16.5,248.2452,4054.59,6897.54,-,-,-,E,0.01,45.21,[]
Germany,DE,DE,2026-04-18 01:07:37,2021-07-15,2021-07-16,112.2536,905.0,12.4,308.44,298.9,-9.6,247.2684,4054.59,6897.54,-,-,-,E,0.0,45.4,[]
Germany,DE,DE,2026-04-18 01:07:37,2021-07-16,2021-07-17,112.8431,905.0,12.47,631.74,331.5,-300.2,247.2684,4054.59,6897.54,-,-,-,E,0.24,45.64,[]
Germany,DE,DE,2026-04-18 01:07:37,2021-07-17,2021-07-18,113.4069,905.0,12.53,800.45,249.9,-550.5,247.2684,4054.59,6897.54,-,-,-,E,0.23,45.86,[]
Germany,DE,DE,2026-04-18 01:07:37,2021-07-18,2021-07-19,113.9435,905.0,12.59,763.44,237.9,-525.5,247.2684,4054.59,6897.54,-,-,-,E,0.22,46.08,[]
Germany,DE,DE,2026-04-18 01:07:37,2021-07-19,2021-07-20,114.3083,905.0,12.63,645.9,317.9,-328.0,247.2742,4054.74,6897.83,-,-,-,E,0.15,46.23,[]
Germany,DE,DE,2026-04-18 01:07:37,2021-07-20,2021-07-21,114.5965,905.0,12.66,350.61,325.3,-25.3,247.2742,4054.74,6897.83,-,-,-,E,0.12,46.34,[]
Germany,DE,DE,2026-04-18 01:07:37,2021-07-21,2021-07-22,114.7061,905.0,12.67,400.31,340.4,-59.9,247.2742,4054.74,6897.83,-,-,-,E,0.04,46.39,[]
Germany,DE,DE,2026-04-18 01:07:37,2021-07-22,2021-07-23,114.7363,905.0,12.68,313.09,294.0,-19.1,247.2742,4054.74,6897.83,-,-,-,E,0.01,46.4,[]
Germany,DE,DE,2026-04-18 01:07:37,2021-07-23,2021-07-24,115.6073,905.0,12.77,893.04,18.5,-874.5,247.2742,4054.74,6897.83,-,-,-,E,0.35,46.75,[]
Germany,DE,DE,2026-04-18 01:07:37,2021-07-24,2021-07-25,116.7935,905.0,12.91,1176.63,15.8,-1160.8,247.2742,4054.74,6897.83,-,-,-,E,0.48,47.23,[]
Germany,DE,DE,2026-04-18 01:07:37,2021-07-25,2021-07-26,117.7599,905.0,13.01,995.04,29.7,-965.4,247.2742,4054.74,6897.83,-,-,-,E,0.39,47.62,[]
Germany,DE,DE,2026-04-18 01:07:37,2021-07-26,2021-07-27,118.5817,905.0,13.1,820.38,21.8,-798.6,247.2811,4054.91,6898.17,-,-,-,E,0.33,47.95,[]
Germany,DE,DE,2026-04-18 01:07:37,2021-07-27,2021-07-28,119.5183,905.0,13.21,935.64,23.0,-912.7,247.2811,4054.91,6898.17,-,-,-,E,0.38,48.33,[]
Germany,DE,DE,2026-04-18 01:07:37,2021-07-28,2021-07-29,120.4943,905.0,13.31,983.02,17.3,-965.7,247.2811,4054.91,6898.17,-,-,-,E,0.39,48.73,[]
Germany,DE,DE,2026-04-18 01:07:37,2021-07-29,2021-07-30,121.421,905.0,13.42,935.59,9.5,-926.1,247.2811,4054.91,6898.17,-,-,-,E,0.37,49.1,[]
Germany,DE,DE,2026-04-18 01:07:37,2021-07-30,2021-07-31,122.254,905.0,13.51,826.3,11.6,-814.7,247.3177,4054.91,6898.17,-,-,-,E,0.34,49.43,[]
Germany,DE,DE,2026-04-18 01:07:37,2021-07-31,2021-08-01,123.1294,905.0,13.61,1606.56,39.4,-1567.2,247.3177,4054.91,6898.17,-,-,-,E,0.35,49.79,[]
Germany,DE,DE,2026-04-18 01:07:37,2021-08-01,2021-08-02,124.1131,905.0,13.71,1004.93,31.6,-973.4,247.3177,4054.91,6898.17,-,-,-,E,0.4,50.18,[]
Germany,DE,DE,2026-04-18 01:07:37,2021-08-02,2021-08-03,124.9989,905.0,13.81,873.47,22.0,-851.5,247.3226,4055.03,6898.41,-,-,-,E,0.36,50.54,[]
Germany,DE,DE,2026-04-18 01:07:37,2021-08-03,2021-08-04,125.6309,905.0,13.88,643.93,19.4,-624.5,247.3226,4055.03,6898.41,-,-,-,E,0.26,50.8,[]
Germany,DE,DE,2026-04-18 01:07:37,2021-08-04,2021-08-05,126.3928,905.0,13.97,775.48,19.7,-755.8,247.3226,4055.03,6898.41,-,-,-,E,0.31,51.1,[]
Germany,DE,DE,2026-04-18 01:07:37,2021-08-05,2021-08-06,127.0903,905.0,14.04,796.78,103.2,-693.6,247.3226,4055.03,6898.41,-,-,-,E,0.28,51.39,[]
Germany,DE,DE,2026-04-18 01:07:37,2021-08-06,2021-08-07,128.2387,905.0,14.17,1161.76,35.6,-1126.2,247.3226,4055.03,6898.41,-,-,-,E,0.46,51.85,[]
Germany,DE,DE,2026-04-18 01:07:37,2021-08-07,2021-08-08,129.1355,905.0,14.27,1056.14,165.9,-890.3,247.3226,4055.03,6898.41,-,-,-,E,0.36,52.21,[]
Germany,DE,DE,2026-04-18 01:07:37,2021-08-08,2021-08-09,129.9988,905.0,14.36,1042.01,189.4,-852.6,247.3226,4055.03,6898.41,-,-,-,E,0.35,52.56,[]
Germany,DE,DE,2026-04-18 01:07:37,2021-08-09,2021-08-10,130.6177,905.0,14.43,768.01,188.3,-579.7,247.3104,4054.73,6897.81,-,-,-,E,0.25,52.82,[]
Germany,DE,DE,2026-04-18 01:07:37,2021-08-10,2021-08-11,131.2485,905.0,14.5,879.54,249.6,-629.9,247.3104,4054.73,6897.81,-,-,-,E,0.26,53.07,[]
Germany,DE,DE,2026-04-18 01:07:37,2021-08-11,2021-08-12,131.8086,905.0,14.56,984.26,442.7,-541.6,247.3104,4054.73,6897.81,-,-,-,E,0.23,53.3,[]
Germany,DE,DE,2026-04-18 01:07:37,2021-08-12,2021-08-13,132.2706,905.0,14.62,898.01,444.8,-453.2,247.3104,4054.73,6897.81,-,-,-,E,0.19,53.48,[]
Germany,DE,DE,2026-04-18 01:07:37,2021-08-13,2021-08-14,132.9729,905.0,14.69,1131.28,437.9,-693.4,247.3104,4054.73,6897.81,-,-,-,E,0.28,53.77,[]
Germany,DE,DE,2026-04-18 01:07:37,2021-08-14,2021-08-15,133.9089,905.0,14.8,1267.52,336.8,-930.7,247.3104,4054.73,6897.81,-,-,-,E,0.38,54.15,[]
Germany,DE,DE,2026-04-18 01:07:37,2021-08-15,2021-08-16,134.7711,905.0,14.89,1238.72,381.8,-856.9,247.3104,4054.73,6897.81,-,-,-,E,0.35,54.49,[]
Germany,DE,DE,2026-04-18 01:07:37,2021-08-16,2021-08-17,135.4879,905.0,14.97,1248.46,362.1,-886.4,247.3036,4054.56,6897.47,-,-,-,E,0.29,54.79,[]
Germany,DE,DE,2026-04-18 01:07:37,2021-08-17,2021-08-18,135.8979,905.0,15.02,878.21,278.1,-600.1,247.3036,4054.56,6897.47,-,-,-,E,0.17,54.95,[]
Germany,DE,DE,2026-04-18 01:07:37,2021-08-18,2021-08-19,136.3983,905.0,15.07,780.16,290.9,-489.3,247.3036,4054.56,6897.47,-,-,-,E,0.2,55.15,[]
Germany,DE,DE,2026-04-18 01:07:37,2021-08-19,2021-08-20,136.8998,905.0,15.13,817.61,326.8,-490.8,247.3036,4054.56,6897.47,-,-,-,E,0.2,55.36,[]
Germany,DE,DE,2026-04-18 01:07:37,2021-08-20,2021-08-21,137.6249,905.0,15.21,998.25,283.9,-714.3,247.3036,4054.56,6897.47,-,-,-,E,0.29,55.65,[]
Germany,DE,DE,2026-04-18 01:07:37,2021-08-21,2021-08-22,138.5134,905.0,15.31,1025.79,148.1,-877.7,247.3036,4054.56,6897.47,-,-,-,E,0.36,56.01,[]
Germany,DE,DE,2026-04-18 01:07:37,2021-08-22,2021-08-23,139.4291,905.0,15.41,1056.53,152.1,-904.5,247.3036,4016.49,6897.47,-,-,-,E,0.37,56.38,[]
Germany,DE,DE,2026-04-18 01:07:37,2021-08-23,2021-08-24,140.3874,905.0,15.51,1000.64,53.5,-947.1,247.3153,4048.5,6898.05,-,-,-,E,0.39,56.76,[]
Germany,DE,DE,2026-04-18 01:07:37,2021-08-24,2021-08-25,141.3371,905.0,15.62,958.4,19.8,-938.6,247.3153,4048.5,6898.05,-,-,-,E,0.38,57.15,[]
Germany,DE,DE,2026-04-18 01:07:37,2021-08-25,2021-08-26,142.1785,905.0,15.71,843.18,12.9,-830.3,247.3153,4016.78,6898.05,-,-,-,E,0.34,57.49,[]
Germany,DE,DE,2026-04-18 01:07:37,2021-08-26,2021-08-27,143.0925,905.0,15.81,883.45,38.7,-844.7,247.3153,4016.78,6898.05,-,-,-,E,0.37,57.86,[]
Germany,DE,DE,2026-04-18 01:07:37,2021-08-27,2021-08-28,144.0851,905.0,15.92,1041.37,52.8,-988.6,247.3153,4016.78,6898.05,-,-,-,E,0.4,58.26,[]
Germany,DE,DE,2026-04-18 01:07:37,2021-08-28,2021-08-29,145.1242,905.0,16.04,1054.19,26.9,-1027.3,247.3153,4016.78,6898.05,-,-,-,E,0.42,58.68,[]
Germany,DE,DE,2026-04-18 01:07:37,2021-08-29,2021-08-30,146.1388,905.0,16.15,1031.84,28.4,-1003.5,247.3153,4016.78,6898.05,-,-,-,E,0.41,59.09,[]
Germany,DE,DE,2026-04-18 01:07:37,2021-08-30,2021-08-31,147.0509,905.0,16.25,934.66,32.8,-901.9,247.3197,4016.89,6898.26,-,-,-,E,0.37,59.46,[]
Germany,DE,DE,2026-04-18 01:07:37,2021-08-31,2021-09-01,147.6275,905.0,16.31,773.59,213.7,-559.9,247.3197,4016.89,6898.26,-,-,-,E,0.23,59.69,[]
Germany,DE,DE,2026-04-18 01:07:37,2021-09-01,2021-09-02,148.3165,905.0,16.39,708.43,30.9,-677.5,247.6197,4016.89,6898.26,-,-,-,E,0.28,59.9,[]
Germany,DE,DE,2026-04-18 01:07:37,2021-09-02,2021-09-03,148.8083,905.0,16.44,691.67,211.3,-480.4,247.6197,4016.89,6898.26,-,-,-,E,0.2,60.1,[]
Germany,DE,DE,2026-04-18 01:07:37,2021-09-03,2021-09-04,149.3901,905.0,16.51,615.15,44.6,-570.5,247.6197,4016.89,6898.26,-,-,-,E,0.23,60.33,[]
Germany,DE,DE,2026-04-18 01:07:37,2021-09-04,2021-09-05,150.2073,905.0,16.6,836.44,31.0,-805.5,247.6197,4016.89,6898.26,-,-,-,E,0.33,60.66,[]
Germany,DE,DE,2026-04-18 01:07:37,2021-09-05,2021-09-06,151.0545,905.0,16.69,865.91,30.8,-835.1,247.6197,4016.89,6898.26,-,-,-,E,0.34,61.0,[]
Germany,DE,DE,2026-04-18 01:07:37,2021-09-06,2021-09-07,151.6169,905.0,16.75,577.22,25.0,-552.2,247.5928,4016.23,6896.94,-,-,-,E,0.23,61.24,[]
Germany,DE,DE,2026-04-18 01:07:37,2021-09-07,2021-09-08,152.0939,905.0,16.81,527.76,60.9,-466.9,247.5928,4016.23,6896.94,-,-,-,E,0.19,61.43,[]
Germany,DE,DE,2026-04-18 01:07:37,2021-09-08,2021-09-09,152.8415,905.0,16.89,753.34,16.3,-737.0,247.5928,4016.23,6896.94,-,-,-,E,0.3,61.73,[]
Germany,DE,DE,2026-04-18 01:07:37,2021-09-09,2021-09-10,153.6401,905.0,16.98,774.95,29.7,-745.3,247.5928,4016.23,6896.94,-,-,-,E,0.32,62.05,[]
Germany,DE,DE,2026-04-18 01:07:37,2021-09-10,2021-09-11,154.3346,905.0,17.05,703.53,22.2,-681.3,247.5928,4016.23,6896.94,-,-,-,E,0.28,62.33,[]
Germany,DE,DE,2026-04-18 01:07:37,2021-09-11,2021-09-12,155.2103,905.0,17.15,877.65,16.7,-860.9,247.5928,4016.23,6896.94,-,-,-,E,0.35,62.69,[]
Germany,DE,DE,2026-04-18 01:07:37,2021-09-12,2021-09-13,156.1378,905.0,17.25,923.42,10.0,-913.5,247.5928,4016.23,6896.94,-,-,-,E,0.37,63.06,[]
Germany,DE,DE,2026-04-18 01:07:37,2021-09-13,2021-09-14,156.7205,905.0,17.32,619.96,47.6,-572.4,247.5904,4016.17,6896.82,-,-,-,E,0.24,63.3,[]
Germany,DE,DE,2026-04-18 01:07:37,2021-09-14,2021-09-15,157.1805,905.0,17.37,514.8,64.9,-449.9,247.5904,4016.17,6896.82,-,-,-,E,0.19,63.48,[]
Germany,DE,DE,2026-04-18 01:07:37,2021-09-15,2021-09-16,157.5257,905.0,17.41,406.6,55.9,-350.7,247.5904,4016.17,6896.82,-,-,-,E,0.14,63.62,[]
Germany,DE,DE,2026-04-18 01:07:37,2021-09-16,2021-09-17,157.8575,905.0,17.44,412.73,91.7,-321.1,247.5904,4016.17,6896.82,-,-,-,E,0.13,63.76,[]
Germany,DE,DE,2026-04-18 01:07:37,2021-09-17,2021-09-18,158.2991,905.0,17.49,471.15,40.0,-431.1,247.5904,4016.17,6896.82,-,-,-,E,0.18,63.94,[]
Germany,DE,DE,2026-04-18 01:07:37,2021-09-18,2021-09-19,159.0743,905.0,17.58,776.37,13.6,-762.8,247.5904,4016.17,6896.82,-,-,-,E,0.31,64.25,[]
Germany,DE,DE,2026-04-18 01:07:37,2021-09-19,2021-09-20,159.8474,905.0,17.66,780.25,18.0,-762.2,247.5904,4016.17,6896.82,-,-,-,E,0.31,64.56,[]
Germany,DE,DE,2026-04-18 01:07:37,2021-09-20,2021-09-21,160.1637,905.0,17.7,394.47,87.8,-306.7,247.5904,4016.17,6896.82,-,-,-,E,0.13,64.69,[]
Germany,DE,DE,2026-04-18 01:07:37,2021-09-21,2021-09-22,160.5751,905.0,17.74,459.67,57.4,-402.3,247.5904,4016.17,6896.82,-,-,-,E,0.17,64.86,[]
Germany,DE,DE,2026-04-18 01:07:37,2021-09-22,2021-09-23,160.8813,905.0,17.78,355.89,59.6,-296.3,247.5904,4016.17,6896.82,-,-,-,E,0.12,64.98,[]
Germany,DE,DE,2026-04-18 01:07:37,2021-09-23,2021-09-24,161.7167,905.0,17.87,845.76,21.1,-824.6,247.8314,4016.17,6896.82,-,-,-,E,0.34,65.25,[]
Germany,DE,DE,2026-04-18 01:07:37,2021-09-24,2021-09-25,162.5391,905.0,17.96,938.84,127.1,-811.7,247.8314,4016.17,6896.82,-,-,-,E,0.33,65.58,[]
Germany,DE,DE,2026-04-18 01:07:37,2021-09-25,2021-09-26,163.9019,905.0,18.11,1363.69,12.4,-1351.3,247.8314,4016.17,6896.82,-,-,-,E,0.55,66.13,[]
Germany,DE,DE,2026-04-18 01:07:37,2021-09-26,2021-09-27,165.3915,905.0,18.28,1488.62,10.9,-1477.7,247.8314,4016.17,6896.82,-,-,-,E,0.6,66.74,[]
Germany,DE,DE,2026-04-18 01:07:37,2021-09-27,2021-09-28,166.5296,905.0,18.4,1139.02,10.3,-1128.7,247.9168,4016.3,6897.09,-,-,-,E,0.46,67.17,[]
Germany,DE,DE,2026-04-18 01:07:37,2021-09-28,2021-09-29,167.5232,905.0,18.51,1019.14,34.4,-984.8,248.2446,4016.3,6897.09,-,-,-,E,0.4,67.48,[]
Germany,DE,DE,2026-04-18 01:07:37,2021-09-29,2021-09-30,168.4872,905.0,18.62,1008.63,36.7,-971.9,248.2446,4016.3,6897.09,-,-,-,E,0.39,67.87,[]
Germany,DE,DE,2026-04-18 01:07:37,2021-09-30,2021-10-01,169.6129,905.0,18.74,1138.58,38.8,-1099.8,249.2214,4016.3,6897.09,-,-,-,E,0.45,68.06,[]
Germany,DE,DE,2026-04-18 01:07:37,2021-10-01,2021-10-02,170.439,905.0,18.83,1357.33,28.4,-1328.9,249.1834,4016.3,6897.09,-,-,-,E,0.33,68.4,[]
Germany,DE,DE,2026-04-18 01:07:37,2021-10-02,2021-10-03,171.5661,905.0,18.96,1369.31,12.2,-1357.1,249.1834,4016.3,6897.09,-,-,-,E,0.45,68.85,[]
Germany,DE,DE,2026-04-18 01:07:37,2021-10-03,2021-10-04,173.0712,905.0,19.12,1451.68,4.3,-1447.4,249.1834,4016.3,6897.09,-,-,-,E,0.6,69.46,[]
Germany,DE,DE,2026-04-18 01:07:37,2021-10-04,2021-10-05,173.8907,905.0,19.21,829.94,58.5,-771.4,249.1917,4016.5,6897.49,-,-,-,E,0.33,69.78,[]
Germany,DE,DE,2026-04-18 01:07:37,2021-10-05,2021-10-06,175.1537,905.0,19.35,844.01,85.6,-758.4,249.1917,4016.5,6897.49,-,-,-,E,0.51,70.29,[]
Germany,DE,DE,2026-04-18 01:07:37,2021-10-06,2021-10-07,175.6877,905.0,19.41,650.15,117.7,-532.5,249.1917,4016.5,6897.49,-,-,-,E,0.21,70.5,[]
Germany,DE,DE,2026-04-18 01:07:37,2021-10-07,2021-10-08,175.612,905.0,19.4,483.51,498.7,15.2,249.1917,4016.5,6897.49,-,-,-,E,-0.03,70.47,[]
Germany,DE,DE,2026-04-18 01:07:37,2021-10-08,2021-10-09,176.1077,905.0,19.46,579.43,79.2,-500.3,249.1917,4016.5,6897.49,-,-,-,E,0.2,70.67,[]
Germany,DE,DE,2026-04-18 01:07:37,2021-10-09,2021-10-10,177.0311,905.0,19.56,705.91,59.9,-646.0,249.1917,4016.5,6897.49,-,-,-,E,0.37,71.04,[]
Germany,DE,DE,2026-04-18 01:07:37,2021-10-10,2021-10-11,177.5947,905.0,19.62,663.7,118.7,-545.0,249.1917,4016.5,6897.49,-,-,-,E,0.23,71.27,[]
Germany,DE,DE,2026-04-18 01:07:37,2021-10-11,2021-10-12,177.5226,905.0,19.62,459.32,44.2,-415.1,249.1961,4016.61,6897.71,-,-,-,E,-0.03,71.24,[]
Germany,DE,DE,2026-04-18 01:07:37,2021-10-12,2021-10-13,178.1653,905.0,19.69,324.87,58.2,-266.6,249.1961,4016.61,6897.71,-,-,-,E,0.26,71.5,[]
Germany,DE,DE,2026-04-18 01:07:37,2021-10-13,2021-10-14,177.8347,905.0,19.65,136.61,321.7,185.0,249.1961,4016.61,6897.71,-,-,-,E,-0.13,71.36,[]
Germany,DE,DE,2026-04-18 01:07:37,2021-10-14,2021-10-15,178.0728,905.0,19.68,381.12,119.3,-261.9,249.1961,4016.61,6897.71,-,-,-,E,0.1,71.46,[]
Germany,DE,DE,2026-04-18 01:07:37,2021-10-15,2021-10-16,178.353,905.0,19.71,412.53,143.4,-269.1,249.1961,4016.61,6897.71,-,-,-,E,0.11,71.57,[]
Germany,DE,DE,2026-04-18 01:07:37,2021-10-16,2021-10-17,178.6552,905.0,19.74,569.95,231.1,-338.9,249.1961,4016.61,6897.71,-,-,-,E,0.12,71.69,[]
Germany,DE,DE,2026-04-18 01:07:37,2021-10-17,2021-10-18,178.9853,905.0,19.78,583.22,235.0,-348.3,249.1961,4016.61,6897.71,-,-,-,E,0.13,71.83,[]
Germany,DE,DE,2026-04-18 01:07:37,2021-10-18,2021-10-19,179.1687,905.0,19.8,410.93,240.8,-170.1,249.2005,4016.72,6897.93,-,-,-,E,0.07,71.9,[]
Germany,DE,DE,2026-04-18 01:07:37,2021-10-19,2021-10-20,179.4747,905.0,19.83,516.32,172.3,-344.0,249.2005,4016.72,6897.93,-,-,-,E,0.12,72.02,[]
Germany,DE,DE,2026-04-18 01:07:37,2021-10-20,2021-10-21,180.0994,905.0,19.9,743.46,99.0,-644.4,249.2005,4016.72,6897.93,-,-,-,E,0.25,72.27,[]
Germany,DE,DE,2026-04-18 01:07:37,2021-10-21,2021-10-22,179.9444,905.0,19.88,481.99,690.8,208.8,249.2005,4016.72,6897.93,-,-,-,E,-0.06,72.21,[]
Germany,DE,DE,2026-04-18 01:07:37,2021-10-22,2021-10-23,179.9403,905.0,19.88,219.49,224.9,5.4,249.2005,4016.72,6897.93,-,-,-,E,-0.0,72.21,[]
Germany,DE,DE,2026-04-18 01:07:37,2021-10-23,2021-10-24,179.8493,905.0,19.87,162.65,223.4,60.7,249.2005,4016.72,6897.93,-,-,-,E,-0.04,72.17,[]
Germany,DE,DE,2026-04-18 01:07:37,2021-10-24,2021-10-25,179.8416,905.0,19.87,203.36,195.8,-7.6,249.2005,4016.72,6897.93,-,-,-,E,-0.0,72.17,[]
Germany,DE,DE,2026-04-18 01:07:37,2021-10-25,2021-10-26,179.4466,905.0,19.83,135.96,536.2,400.3,249.2073,4016.89,6898.26,-,-,-,E,-0.16,72.01,[]
Germany,DE,DE,2026-04-18 01:07:37,2021-10-26,2021-10-27,179.3939,905.0,19.82,167.9,196.8,28.9,249.2073,4016.89,6898.26,-,-,-,E,-0.02,71.99,[]
Germany,DE,DE,2026-04-18 01:07:37,2021-10-27,2021-10-28,180.2761,905.0,19.92,975.73,78.5,-897.2,249.2073,4016.89,6898.26,-,-,-,E,0.35,72.34,[]
Germany,DE,DE,2026-04-18 01:07:37,2021-10-28,2021-10-29,180.318,905.0,19.92,255.0,207.1,-47.9,249.2073,4016.89,6898.26,-,-,-,E,0.02,72.36,[]
Germany,DE,DE,2026-04-18 01:07:37,2021-10-29,2021-10-30,180.3375,905.0,19.93,271.62,178.1,-93.5,249.2073,4016.89,6898.26,-,-,-,E,0.01,72.36,[]
Germany,DE,DE,2026-04-18 01:07:37,2021-10-30,2021-10-31,180.6906,905.0,19.97,543.76,341.5,-202.3,249.2073,4146.61,7116.01,-,-,-,E,0.14,72.51,[]
Germany,DE,DE,2026-04-18 01:07:37,2021-10-31,2021-11-01,180.9105,905.0,19.99,601.45,231.0,-370.5,249.2073,4016.89,6898.26,-,-,-,E,0.09,72.59,[]
Germany,DE,DE,2026-04-18 01:07:37,2021-11-01,2021-11-02,181.2387,905.0,20.03,581.37,284.9,-296.4,249.2107,4016.97,6898.43,-,-,-,E,0.13,72.73,[]
Germany,DE,DE,2026-04-18 01:07:37,2021-11-02,2021-11-03,180.6502,905.0,19.96,93.15,684.7,591.5,249.2107,4016.97,6898.43,-,-,-,E,-0.24,72.49,[]
Germany,DE,DE,2026-04-18 01:07:37,2021-11-03,2021-11-04,179.7879,905.0,19.87,75.01,936.1,861.1,249.2107,4016.97,6898.43,-,-,-,E,-0.35,72.14,[]
Germany,DE,DE,2026-04-18 01:07:37,2021-11-04,2021-11-05,179.1349,905.0,19.79,90.08,752.1,662.0,249.2107,4016.97,6898.43,-,-,-,E,-0.26,71.88,[]
Germany,DE,DE,2026-04-18 01:07:37,2021-11-05,2021-11-06,178.6215,905.0,19.74,149.35,665.2,515.9,249.2107,4016.97,6898.43,-,-,-,E,-0.21,71.67,[]
Germany,DE,DE,2026-04-18 01:07:37,2021-11-06,2021-11-07,178.7729,905.0,19.75,551.25,362.9,-188.4,249.2107,4016.97,6898.43,-,-,-,E,0.06,71.74,[]
Germany,DE,DE,2026-04-18 01:07:37,2021-11-07,2021-11-08,178.932,905.0,19.77,551.33,393.5,-157.8,249.2107,4016.97,6898.43,-,-,-,E,0.06,71.8,[]
Germany,DE,DE,2026-04-18 01:07:37,2021-11-08,2021-11-09,178.1888,905.0,19.69,131.05,935.2,804.1,249.1946,4016.57,6897.64,-,-,-,E,-0.3,71.51,[]
Germany,DE,DE,2026-04-18 01:07:37,2021-11-09,2021-11-10,177.6696,905.0,19.63,99.23,588.1,488.9,249.1946,4016.57,6897.64,-,-,-,E,-0.21,71.3,[]
Germany,DE,DE,2026-04-18 01:07:37,2021-11-10,2021-11-11,177.0766,905.0,19.57,97.16,682.2,585.0,249.1946,4016.57,6897.64,-,-,-,E,-0.24,71.06,[]
Germany,DE,DE,2026-04-18 01:07:37,2021-11-11,2021-11-12,176.3105,905.0,19.48,111.57,872.3,760.7,249.1946,4016.57,6897.64,-,-,-,E,-0.31,70.75,[]
Germany,DE,DE,2026-04-18 01:07:37,2021-11-12,2021-11-13,175.3961,905.0,19.38,123.15,1003.3,880.2,249.1946,4016.57,6897.64,-,-,-,E,-0.37,70.39,[]
Germany,DE,DE,2026-04-18 01:07:37,2021-11-13,2021-11-14,175.4286,905.0,19.38,327.89,280.0,-47.8,249.1946,4016.57,6897.64,-,-,-,E,0.01,70.4,[]
Germany,DE,DE,2026-04-18 01:07:37,2021-11-14,2021-11-15,175.638,905.0,19.41,444.19,226.7,-217.5,249.1946,4016.57,6897.64,-,-,-,E,0.08,70.48,[]
Germany,DE,DE,2026-04-18 01:07:37,2021-11-15,2021-11-16,175.1361,905.0,19.35,59.26,603.4,544.2,249.1961,4016.61,6897.71,-,-,-,E,-0.2,70.28,[]
Germany,DE,DE,2026-04-18 01:07:37,2021-11-16,2021-11-17,174.3464,905.0,19.26,113.21,881.8,768.6,249.1961,4016.61,6897.71,-,-,-,E,-0.32,69.96,[]
Germany,DE,DE,2026-04-18 01:07:37,2021-11-17,2021-11-18,173.9991,905.0,19.23,171.75,516.7,345.0,249.1961,4016.61,6897.71,-,-,-,E,-0.14,69.82,[]
Germany,DE,DE,2026-04-18 01:07:37,2021-11-18,2021-11-19,173.8592,905.0,19.21,199.78,316.4,116.6,249.1961,4016.61,6897.71,-,-,-,E,-0.06,69.77,[]
Germany,DE,DE,2026-04-18 01:07:37,2021-11-19,2021-11-20,174.1858,905.0,19.25,556.61,202.9,-353.7,249.1961,4016.61,6897.71,-,-,-,E,0.13,69.9,[]
Germany,DE,DE,2026-04-18 01:07:37,2021-11-20,2021-11-21,174.4739,905.0,19.28,491.2,190.4,-300.8,249.1961,4016.61,6897.71,-,-,-,E,0.12,70.01,[]
Germany,DE,DE,2026-04-18 01:07:37,2021-11-21,2021-11-22,174.5815,905.0,19.29,343.29,232.7,-110.6,249.1961,4016.61,6897.71,-,-,-,E,0.04,70.06,[]
Germany,DE,DE,2026-04-18 01:07:37,2021-11-22,2021-11-23,173.7936,905.0,19.2,68.36,898.0,829.6,249.2068,4016.87,6898.24,-,-,-,E,-0.32,69.74,[]
Germany,DE,DE,2026-04-18 01:07:37,2021-11-23,2021-11-24,172.4518,905.0,19.06,34.74,1381.7,1347.0,249.2068,4016.87,6898.24,-,-,-,E,-0.54,69.2,[]
Germany,DE,DE,2026-04-18 01:07:37,2021-11-24,2021-11-25,170.9824,905.0,18.89,32.0,1488.0,1456.0,249.2068,4016.87,6898.24,-,-,-,E,-0.59,68.61,[]
Germany,DE,DE,2026-04-18 01:07:37,2021-11-25,2021-11-26,169.4907,905.0,18.73,45.16,1508.6,1463.4,249.2068,4016.87,6864.64,-,-,-,E,-0.6,68.01,[]
Germany,DE,DE,2026-04-18 01:07:37,2021-11-26,2021-11-27,168.0999,905.0,18.57,34.15,1400.4,1366.2,249.2068,4016.87,6864.64,-,-,-,E,-0.56,67.45,[]
Germany,DE,DE,2026-04-18 01:07:37,2021-11-27,2021-11-28,166.9747,905.0,18.45,63.57,1172.7,1109.1,249.2068,4016.87,6864.64,-,-,-,E,-0.45,67.0,[]
Germany,DE,DE,2026-04-18 01:07:37,2021-11-28,2021-11-29,165.8341,905.0,18.32,121.17,1238.8,1117.6,249.2068,4016.87,6864.64,-,-,-,E,-0.46,66.54,[]
Germany,DE,DE,2026-04-18 01:07:37,2021-11-29,2021-11-30,164.0487,905.0,18.13,17.09,1826.0,1808.9,249.1975,4016.65,6864.18,-,-,-,E,-0.72,65.83,[]
Germany,DE,DE,2026-04-18 01:07:37,2021-11-30,2021-12-01,162.5705,905.0,17.96,22.8,1492.8,1470.0,249.1975,4016.65,6864.18,-,-,-,E,-0.59,65.24,[]
Germany,DE,DE,2026-04-18 01:07:37,2021-12-01,2021-12-02,161.6042,905.0,17.86,92.88,1241.8,1148.9,249.1975,4016.65,6864.18,-,-,-,E,-0.39,64.85,[]
Germany,DE,DE,2026-04-18 01:07:37,2021-12-02,2021-12-03,160.1345,905.0,17.69,84.4,1561.0,1476.6,249.1975,4016.65,6864.18,-,-,-,E,-0.59,64.26,[]
Germany,DE,DE,2026-04-18 01:07:37,2021-12-03,2021-12-04,158.6762,905.0,17.53,70.84,1530.4,1459.6,249.1975,4016.65,6864.18,-,-,-,E,-0.59,63.67,[]
Germany,DE,DE,2026-04-18 01:07:37,2021-12-04,2021-12-05,157.7408,905.0,17.43,169.09,1068.9,899.8,249.1975,4016.65,6864.18,-,-,-,E,-0.38,63.3,[]
Germany,DE,DE,2026-04-18 01:07:37,2021-12-05,2021-12-06,156.8368,905.0,17.33,164.05,1062.9,898.8,249.1975,4016.65,6864.18,-,-,-,E,-0.36,62.94,[]
Germany,DE,DE,2026-04-18 01:07:37,2021-12-06,2021-12-07,155.1616,905.0,17.14,156.71,1863.9,1707.2,249.1956,4016.6,6864.09,-,-,-,E,-0.67,62.27,[]
Germany,DE,DE,2026-04-18 01:07:37,2021-12-07,2021-12-08,153.6577,905.0,16.98,107.44,1584.3,1476.9,249.1956,4016.6,6864.09,-,-,-,E,-0.6,61.66,[]
Germany,DE,DE,2026-04-18 01:07:37,2021-12-08,2021-12-09,152.1711,905.0,16.81,109.43,1563.2,1453.7,249.1956,4016.6,6864.09,-,-,-,E,-0.6,61.06,[]
Germany,DE,DE,2026-04-18 01:07:37,2021-12-09,2021-12-10,150.4231,905.0,16.62,75.59,1831.0,1755.4,249.1956,4016.6,6864.09,-,-,-,E,-0.7,60.36,[]
Germany,DE,DE,2026-04-18 01:07:37,2021-12-10,2021-12-11,148.9385,905.0,16.46,124.24,1586.2,1462.0,249.1956,4016.6,6864.09,-,-,-,E,-0.6,59.77,[]
Germany,DE,DE,2026-04-18 01:07:37,2021-12-11,2021-12-12,148.0506,905.0,16.36,203.94,1091.0,887.1,249.1956,4016.6,6864.09,-,-,-,E,-0.36,59.41,[]
Germany,DE,DE,2026-04-18 01:07:37,2021-12-12,2021-12-13,147.5912,905.0,16.31,226.16,626.8,400.7,249.1956,4016.6,6864.09,-,-,-,E,-0.18,59.23,[]
Germany,DE,DE,2026-04-18 01:07:37,2021-12-13,2021-12-14,146.6955,905.0,16.21,159.54,1072.4,912.8,249.2005,4016.72,6864.33,-,-,-,E,-0.36,58.87,[]
Germany,DE,DE,2026-04-18 01:07:37,2021-12-14,2021-12-15,145.7307,905.0,16.1,48.83,989.3,940.5,249.2005,4016.72,6864.33,-,-,-,E,-0.39,58.48,[]
Germany,DE,DE,2026-04-18 01:07:37,2021-12-15,2021-12-16,144.9352,905.0,16.01,64.13,834.0,769.9,249.2005,4016.72,6864.33,-,-,-,E,-0.32,58.16,[]
Germany,DE,DE,2026-04-18 01:07:37,2021-12-16,2021-12-17,144.2456,905.0,15.94,295.1,989.4,694.3,249.2005,4016.72,6864.33,-,-,-,E,-0.28,57.88,[]
Germany,DE,DE,2026-04-18 01:07:37,2021-12-17,2021-12-18,143.2904,905.0,15.83,106.65,1085.2,978.5,249.2005,4016.72,6864.33,-,-,-,E,-0.38,57.5,[]
Germany,DE,DE,2026-04-18 01:07:37,2021-12-18,2021-12-19,142.737,905.0,15.77,79.72,586.8,507.1,249.2005,4016.72,6864.33,-,-,-,E,-0.22,57.28,[]
Germany,DE,DE,2026-04-18 01:07:37,2021-12-19,2021-12-20,142.1591,905.0,15.71,89.93,665.4,575.5,249.2005,4016.72,6864.33,-,-,-,E,-0.23,57.05,[]
Germany,DE,DE,2026-04-18 01:07:37,2021-12-20,2021-12-21,140.3927,905.0,15.51,12.59,1792.3,1779.7,249.198,4016.66,6864.21,-,-,-,E,-0.71,56.34,[]
Germany,DE,DE,2026-04-18 01:07:37,2021-12-21,2021-12-22,138.0526,905.0,15.25,20.97,2349.0,2328.0,249.198,4016.66,6864.21,-,-,-,E,-0.94,55.4,[]
Germany,DE,DE,2026-04-18 01:07:37,2021-12-22,2021-12-23,135.8248,905.0,15.01,24.65,2229.0,2204.4,249.198,4016.66,6864.21,-,-,-,E,-0.89,54.5,[]
Germany,DE,DE,2026-04-18 01:07:37,2021-12-23,2021-12-24,134.3072,905.0,14.84,96.21,1601.2,1504.9,249.198,4016.66,6864.21,-,-,-,E,-0.61,53.9,[]
Germany,DE,DE,2026-04-18 01:07:37,2021-12-24,2021-12-25,133.5835,905.0,14.76,365.68,1044.9,679.2,249.198,4016.66,6864.21,-,-,-,E,-0.29,53.61,[]
Germany,DE,DE,2026-04-18 01:07:37,2021-12-25,2021-12-26,133.1688,905.0,14.71,501.81,885.9,384.1,249.198,4016.66,6864.21,-,-,-,E,-0.17,53.44,[]
Germany,DE,DE,2026-04-18 01:07:37,2021-12-26,2021-12-27,132.6065,905.0,14.65,390.76,948.3,557.6,249.198,4016.66,6864.21,-,-,-,E,-0.23,53.21,[]
Germany,DE,DE,2026-04-18 01:07:37,2021-12-27,2021-12-28,132.282,905.0,14.62,499.33,816.3,316.9,249.1985,4016.67,6864.23,-,-,-,E,-0.13,53.08,[]
Germany,DE,DE,2026-04-18 01:07:37,2021-12-28,2021-12-29,132.0676,905.0,14.59,615.47,818.8,203.4,249.1985,4016.67,6864.23,-,-,-,E,-0.09,53.0,[]
Germany,DE,DE,2026-04-18 01:07:37,2021-12-29,2021-12-30,132.4561,905.0,14.64,910.0,663.7,-246.3,249.1985,4016.67,6864.23,-,-,-,E,0.16,53.15,[]
Germany,DE,DE,2026-04-18 01:07:37,2021-12-30,2021-12-31,132.9517,905.0,14.69,1167.75,657.1,-510.7,249.1985,4021.14,6864.23,-,-,-,E,0.2,53.35,[]
Germany,DE,DE,2026-04-18 01:07:37,2021-12-31,2022-01-01,133.9981,905.0,14.81,1293.37,274.4,-1019.0,249.1985,4016.67,6864.23,-,-,-,E,0.42,53.77,[]
Germany,DE,DE,2026-04-18 01:07:37,2022-01-01,2022-01-02,135.0393,891.25,15.15,1204.24,321.2,-883.0,249.2235,4016.67,6864.23,-,-,-,E,0.0,54.18,[]
Germany,DE,DE,2026-04-18 01:07:37,2022-01-02,2022-01-03,135.74,891.25,15.23,1016.46,350.0,-666.5,249.2235,4016.67,6864.23,-,-,-,E,0.28,54.47,[]
Germany,DE,DE,2026-04-18 01:07:37,2022-01-03,2022-01-04,135.9501,891.25,15.25,735.07,598.4,-136.6,249.2401,4017.08,6865.05,-,-,-,E,0.08,54.55,[]
Germany,DE,DE,2026-04-18 01:07:37,2022-01-04,2022-01-05,135.6439,891.25,15.22,527.68,837.9,310.2,249.2401,4017.08,6865.05,-,-,-,E,-0.12,54.42,[]
Germany,DE,DE,2026-04-18 01:07:37,2022-01-05,2022-01-06,134.3962,891.25,15.08,101.4,1357.9,1256.5,249.2401,4017.08,6865.05,-,-,-,E,-0.5,53.92,[]
Germany,DE,DE,2026-04-18 01:07:37,2022-01-06,2022-01-07,133.013,891.25,14.92,50.44,1430.2,1379.8,249.2401,4017.08,6865.05,-,-,-,E,-0.55,53.37,[]
Germany,DE,DE,2026-04-18 01:07:37,2022-01-07,2022-01-08,131.5951,891.25,14.77,90.89,1490.2,1399.3,249.2401,4017.08,6865.05,-,-,-,E,-0.57,52.8,[]
Germany,DE,DE,2026-04-18 01:07:37,2022-01-08,2022-01-09,130.5812,891.25,14.65,76.39,1068.4,992.0,249.2401,4017.08,6865.05,-,-,-,E,-0.41,52.39,[]
Germany,DE,DE,2026-04-18 01:07:37,2022-01-09,2022-01-10,129.5809,891.25,14.54,109.26,1099.7,990.4,249.2401,4017.08,6865.05,-,-,-,E,-0.4,51.99,[]
Germany,DE,DE,2026-04-18 01:07:37,2022-01-10,2022-01-11,127.2707,891.25,14.28,61.14,2398.7,2337.6,249.3743,4020.38,6871.65,-,-,-,E,-0.93,51.04,[]
Germany,DE,DE,2026-04-18 01:07:37,2022-01-11,2022-01-12,124.7762,891.25,14.0,51.35,2532.7,2481.3,249.4251,4020.38,6871.65,-,-,-,E,-1.0,50.03,[]
Germany,DE,DE,2026-04-18 01:07:37,2022-01-12,2022-01-13,122.4049,891.25,13.73,38.61,2389.2,2350.6,249.4251,4020.38,6871.65,-,-,-,E,-0.95,49.07,[]
Germany,DE,DE,2026-04-18 01:07:37,2022-01-13,2022-01-14,120.2449,891.25,13.49,50.67,2207.6,2157.0,249.4251,4020.38,6871.65,-,-,-,E,-0.87,48.21,[]
Germany,DE,DE,2026-04-18 01:07:37,2022-01-14,2022-01-15,118.0908,891.25,13.25,40.66,2196.2,2155.5,249.4251,4020.38,6871.65,-,-,-,E,-0.86,47.35,[]
Germany,DE,DE,2026-04-18 01:07:37,2022-01-15,2022-01-16,116.6933,891.25,13.09,124.8,1520.6,1395.8,249.4251,4020.38,6871.65,-,-,-,E,-0.56,46.78,[]
Germany,DE,DE,2026-04-18 01:07:37,2022-01-16,2022-01-17,115.6657,891.25,12.98,202.87,1202.9,1000.1,249.4251,4020.38,6871.65,-,-,-,E,-0.41,46.37,[]
Germany,DE,DE,2026-04-18 01:07:37,2022-01-17,2022-01-18,114.019,891.25,12.79,110.0,1767.4,1657.4,249.3251,4017.92,6866.73,-,-,-,E,-0.66,45.73,[]
Germany,DE,DE,2026-04-18 01:07:37,2022-01-18,2022-01-19,111.9327,891.25,12.56,58.03,2139.0,2080.9,249.3251,4017.92,6866.73,-,-,-,E,-0.84,44.89,[]
Germany,DE,DE,2026-04-18 01:07:37,2022-01-19,2022-01-20,110.2151,891.25,12.37,45.18,1954.9,1909.7,249.3251,4017.92,6866.73,-,-,-,E,-0.69,44.21,[]
Germany,DE,DE,2026-04-18 01:07:37,2022-01-20,2022-01-21,108.242,891.25,12.14,39.65,2019.2,1979.5,249.3251,4017.92,6866.73,-,-,-,E,-0.79,43.41,[]
Germany,DE,DE,2026-04-18 01:07:37,2022-01-21,2022-01-22,105.9773,891.25,11.89,43.79,2288.2,2244.4,249.3251,4017.92,6866.73,-,-,-,E,-0.91,42.51,[]
Germany,DE,DE,2026-04-18 01:07:37,2022-01-22,2022-01-23,104.4464,891.25,11.72,125.51,1646.1,1520.6,249.3251,4017.92,6866.73,-,-,-,E,-0.61,41.89,[]
Germany,DE,DE,2026-04-18 01:07:37,2022-01-23,2022-01-24,103.0538,891.25,11.56,145.83,1536.2,1390.4,249.3251,4017.92,6866.73,-,-,-,E,-0.56,41.33,[]
Germany,DE,DE,2026-04-18 01:07:37,2022-01-24,2022-01-25,100.761,891.25,11.31,63.73,2349.5,2285.8,249.3031,4017.38,6865.65,-,-,-,E,-0.92,40.42,[]
Germany,DE,DE,2026-04-18 01:07:37,2022-01-25,2022-01-26,98.369,891.25,11.04,44.59,2422.9,2378.3,249.3031,4017.38,6865.65,-,-,-,E,-0.96,39.46,[]
Germany,DE,DE,2026-04-18 01:07:37,2022-01-26,2022-01-27,96.289,891.25,10.8,63.53,2180.5,2116.9,249.3031,4017.38,6865.65,-,-,-,E,-0.83,38.62,[]
Germany,DE,DE,2026-04-18 01:07:37,2022-01-27,2022-01-28,94.7854,891.25,10.64,113.49,1582.0,1468.5,249.3031,4017.38,6865.65,-,-,-,E,-0.6,38.02,[]
Germany,DE,DE,2026-04-18 01:07:37,2022-01-28,2022-01-29,93.0908,891.25,10.44,57.81,1747.3,1689.5,249.3031,4017.38,6865.65,-,-,-,E,-0.68,37.34,[]
Germany,DE,DE,2026-04-18 01:07:37,2022-01-29,2022-01-30,92.4956,891.25,10.38,191.0,782.5,591.5,249.3031,4017.38,6865.65,-,-,-,E,-0.24,37.1,[]
Germany,DE,DE,2026-04-18 01:07:37,2022-01-30,2022-01-31,91.8712,891.25,10.31,177.44,804.9,627.5,249.3031,4017.38,6865.65,-,-,-,E,-0.25,36.85,[]
Germany,DE,DE,2026-04-18 01:07:37,2022-01-31,2022-02-01,90.4295,891.25,10.15,96.78,1536.0,1439.2,249.2909,4017.08,6865.05,-,-,-,E,-0.58,36.27,[]
Germany,DE,DE,2026-04-18 01:07:37,2022-02-01,2022-02-02,89.4666,891.25,10.04,99.28,1097.7,998.4,249.2909,4017.08,6865.05,-,-,-,E,-0.39,35.89,[]
Germany,DE,DE,2026-04-18 01:07:37,2022-02-02,2022-02-03,88.4446,891.25,9.92,98.85,1113.2,1014.4,249.2909,4017.08,6865.05,-,-,-,E,-0.41,35.48,[]
Germany,DE,DE,2026-04-18 01:07:37,2022-02-03,2022-02-04,87.698,891.25,9.84,149.34,894.0,744.7,249.2909,4017.08,6865.05,-,-,-,E,-0.3,35.18,[]
Germany,DE,DE,2026-04-18 01:07:37,2022-02-04,2022-02-05,87.1455,891.25,9.78,150.84,677.3,526.5,249.2909,4017.08,6865.05,-,-,-,E,-0.22,34.96,[]
Germany,DE,DE,2026-04-18 01:07:37,2022-02-05,2022-02-06,86.8718,891.25,9.75,108.43,383.4,275.0,249.2909,4017.08,6865.05,-,-,-,E,-0.11,34.85,[]
Germany,DE,DE,2026-04-18 01:07:37,2022-02-06,2022-02-07,86.6036,891.25,9.72,119.71,391.7,272.0,249.2909,4017.08,6865.05,-,-,-,E,-0.11,34.74,[]
Germany,DE,DE,2026-04-18 01:07:37,2022-02-07,2022-02-08,85.6501,891.25,9.61,35.03,964.1,929.1,249.2919,4017.1,6865.09,-,-,-,E,-0.38,34.36,[]
Germany,DE,DE,2026-04-18 01:07:37,2022-02-08,2022-02-09,84.9808,891.25,9.54,60.89,717.3,656.4,249.2919,4017.1,6865.09,-,-,-,E,-0.27,34.09,[]
Germany,DE,DE,2026-04-18 01:07:37,2022-02-09,2022-02-10,84.4088,891.25,9.47,202.55,871.7,669.1,249.2919,4017.1,6865.09,-,-,-,E,-0.23,33.86,[]
Germany,DE,DE,2026-04-18 01:07:37,2022-02-10,2022-02-11,83.2759,891.25,9.34,191.49,1319.4,1127.9,249.2919,4017.1,6865.09,-,-,-,E,-0.45,33.4,[]
Germany,DE,DE,2026-04-18 01:07:37,2022-02-11,2022-02-12,82.1784,891.25,9.22,184.93,1306.9,1122.0,249.2919,4017.1,6865.09,-,-,-,E,-0.44,32.96,[]
Germany,DE,DE,2026-04-18 01:07:37,2022-02-12,2022-02-13,81.4088,891.25,9.13,215.32,942.4,727.0,249.2919,4017.1,6865.09,-,-,-,E,-0.31,32.66,[]
Germany,DE,DE,2026-04-18 01:07:37,2022-02-13,2022-02-14,81.0026,891.25,9.09,375.56,775.7,400.1,249.2919,4017.1,6865.09,-,-,-,E,-0.16,32.49,[]
Germany,DE,DE,2026-04-18 01:07:37,2022-02-14,2022-02-15,80.4396,891.25,9.03,313.35,893.1,579.8,249.2895,4017.04,6864.97,-,-,-,E,-0.23,32.27,[]
Germany,DE,DE,2026-04-18 01:07:37,2022-02-15,2022-02-16,79.7591,891.25,8.95,127.29,778.7,651.4,249.2895,4017.04,6864.97,-,-,-,E,-0.27,31.99,[]
Germany,DE,DE,2026-04-18 01:07:37,2022-02-16,2022-02-17,79.1058,891.25,8.88,149.8,806.1,656.3,249.2895,4017.04,6864.97,-,-,-,E,-0.26,31.73,[]
Germany,DE,DE,2026-04-18 01:07:37,2022-02-17,2022-02-18,78.6081,891.25,8.82,142.56,631.8,489.3,249.2895,4017.04,6864.97,-,-,-,E,-0.2,31.53,[]
Germany,DE,DE,2026-04-18 01:07:37,2022-02-18,2022-02-19,78.0532,891.25,8.76,87.71,642.7,555.0,249.2895,4017.04,6864.97,-,-,-,E,-0.22,31.31,[]
Germany,DE,DE,2026-04-18 01:07:37,2022-02-19,2022-02-20,77.4313,891.25,8.69,165.07,792.4,627.3,249.2895,4017.04,6864.97,-,-,-,E,-0.25,31.06,[]
Germany,DE,DE,2026-04-18 01:07:37,2022-02-20,2022-02-21,77.0602,891.25,8.65,218.83,589.9,371.0,249.2895,4017.04,6864.97,-,-,-,E,-0.15,30.91,[]
Germany,DE,DE,2026-04-18 01:07:37,2022-02-21,2022-02-22,76.225,891.25,8.55,60.92,907.1,846.1,249.2895,4017.04,6864.97,-,-,-,E,-0.34,30.58,[]
Germany,DE,DE,2026-04-18 01:07:37,2022-02-22,2022-02-23,75.2673,891.25,8.45,72.03,1021.4,949.4,249.2895,4017.04,6864.97,-,-,-,E,-0.38,30.19,[]
Germany,DE,DE,2026-04-18 01:07:37,2022-02-23,2022-02-24,74.5762,891.25,8.37,90.72,781.5,690.8,249.2895,4017.04,6864.97,-,-,-,E,-0.28,29.92,[]
Germany,DE,DE,2026-04-18 01:07:37,2022-02-24,2022-02-25,74.2126,891.25,8.33,173.03,527.2,354.2,249.2895,4017.04,6864.97,-,-,-,E,-0.15,29.77,[]
Germany,DE,DE,2026-04-18 01:07:37,2022-02-25,2022-02-26,73.3547,891.25,8.23,43.77,895.7,851.9,249.2895,4048.77,6864.97,-,-,-,E,-0.34,29.43,[]
Germany,DE,DE,2026-04-18 01:07:37,2022-02-26,2022-02-27,72.7341,891.25,8.16,135.25,764.3,629.0,249.2895,4048.77,6864.97,-,-,-,E,-0.25,29.18,[]
Germany,DE,DE,2026-04-18 01:07:37,2022-02-27,2022-02-28,72.2538,891.25,8.11,236.36,705.5,469.2,249.2895,4048.77,6864.97,-,-,-,E,-0.19,28.98,[]
Germany,DE,DE,2026-04-18 01:07:37,2022-02-28,2022-03-01,71.1292,891.25,7.98,178.86,1289.4,1110.5,249.288,4017.01,6864.9,-,-,-,E,-0.45,28.53,[]
Germany,DE,DE,2026-04-18 01:07:37,2022-03-01,2022-03-02,69.5571,891.25,7.8,140.31,1655.4,1515.1,249.288,4025.45,6864.9,-,-,-,E,-0.63,27.9,[]
Germany,DE,DE,2026-04-18 01:07:37,2022-03-02,2022-03-03,68.241,891.25,7.66,170.87,1479.4,1308.5,249.288,4025.45,6864.9,-,-,-,E,-0.53,27.37,[]
Germany,DE,DE,2026-04-18 01:07:37,2022-03-03,2022-03-04,67.118,891.25,7.53,163.55,1245.0,1081.4,249.288,4025.45,6864.9,-,-,-,E,-0.45,26.92,[]
Germany,DE,DE,2026-04-18 01:07:37,2022-03-04,2022-03-05,66.0369,891.25,7.41,173.22,1245.1,1071.9,249.288,4057.18,6864.9,-,-,-,E,-0.43,26.49,[]
Germany,DE,DE,2026-04-18 01:07:37,2022-03-05,2022-03-06,65.3604,891.25,7.33,313.76,982.6,668.9,249.288,4057.18,6864.9,-,-,-,E,-0.27,26.22,[]
Germany,DE,DE,2026-04-18 01:07:37,2022-03-06,2022-03-07,64.6661,891.25,7.26,314.7,1003.6,688.9,249.288,4057.18,6864.9,-,-,-,E,-0.28,25.94,[]
Germany,DE,DE,2026-04-18 01:07:37,2022-03-07,2022-03-08,63.2014,891.25,7.09,200.36,1647.3,1447.0,249.288,4057.18,6864.9,-,-,-,E,-0.59,25.35,[]
Germany,DE,DE,2026-04-18 01:07:37,2022-03-08,2022-03-09,61.9827,891.25,6.95,167.63,1370.6,1203.0,249.288,4057.18,6864.9,-,-,-,E,-0.49,24.86,[]
Germany,DE,DE,2026-04-18 01:07:37,2022-03-09,2022-03-10,61.1885,891.25,6.87,341.73,1127.7,786.0,249.288,4057.18,6864.9,-,-,-,E,-0.32,24.55,[]
Germany,DE,DE,2026-04-18 01:07:37,2022-03-10,2022-03-11,61.4645,891.25,6.9,1133.68,844.9,-288.8,249.288,4057.18,6864.9,-,-,-,E,0.11,24.66,[]
Germany,DE,DE,2026-04-18 01:07:37,2022-03-11,2022-03-12,61.3973,891.25,6.89,516.91,576.2,59.3,249.288,4057.18,6864.9,-,-,-,E,-0.03,24.63,[]
Germany,DE,DE,2026-04-18 01:07:37,2022-03-12,2022-03-13,61.6831,891.25,6.92,673.4,332.0,-341.4,249.288,4057.18,6864.9,-,-,-,E,0.11,24.74,[]
Germany,DE,DE,2026-04-18 01:07:37,2022-03-13,2022-03-14,62.1273,891.25,6.97,784.82,316.9,-467.9,249.288,4057.18,6864.9,-,-,-,E,0.18,24.92,[]
Germany,DE,DE,2026-04-18 01:07:37,2022-03-14,2022-03-15,61.9273,891.25,6.95,331.97,553.1,221.1,249.287,4057.15,6864.85,-,-,-,E,-0.08,24.84,[]
Germany,DE,DE,2026-04-18 01:07:37,2022-03-15,2022-03-16,61.585,891.25,6.91,305.79,626.2,320.4,249.287,4057.15,6864.85,-,-,-,E,-0.14,24.7,[]
Germany,DE,DE,2026-04-18 01:07:37,2022-03-16,2022-03-17,61.4519,891.25,6.9,653.73,781.3,127.6,249.287,4057.15,6864.85,-,-,-,E,-0.05,24.65,[]
Germany,DE,DE,2026-04-18 01:07:37,2022-03-17,2022-03-18,61.2035,891.25,6.87,734.03,977.3,243.3,249.287,4057.15,6864.85,-,-,-,E,-0.1,24.55,[]
Germany,DE,DE,2026-04-18 01:07:37,2022-03-18,2022-03-19,60.978,891.25,6.84,867.63,1089.0,221.3,249.287,4057.15,6864.85,-,-,-,E,-0.09,24.46,[]
Germany,DE,DE,2026-04-18 01:07:37,2022-03-19,2022-03-20,61.5358,891.25,6.9,1083.66,522.8,-560.9,249.287,4057.15,6864.85,-,-,-,E,0.22,24.68,[]
Germany,DE,DE,2026-04-18 01:07:37,2022-03-20,2022-03-21,61.9608,891.25,6.95,1003.68,574.1,-429.6,249.287,4057.15,6864.85,-,-,-,E,0.17,24.86,[]
Germany,DE,DE,2026-04-18 01:07:37,2022-03-21,2022-03-22,61.8308,891.25,6.94,751.44,879.2,127.7,249.2851,4057.11,6864.76,-,-,-,E,-0.05,24.8,[]
Germany,DE,DE,2026-04-18 01:07:37,2022-03-22,2022-03-23,61.998,891.25,6.96,727.69,530.0,-197.7,249.2851,4057.11,6864.76,-,-,-,E,0.07,24.87,[]
Germany,DE,DE,2026-04-18 01:07:37,2022-03-23,2022-03-24,62.3111,891.25,6.99,761.7,448.6,-313.1,249.2851,4057.11,6864.76,-,-,-,E,0.13,25.0,[]
Germany,DE,DE,2026-04-18 01:07:37,2022-03-24,2022-03-25,63.269,891.25,7.1,971.32,438.5,-532.8,249.2851,4057.11,6864.76,-,-,-,E,0.38,25.38,[]
Germany,DE,DE,2026-04-18 01:07:37,2022-03-25,2022-03-26,63.6678,891.25,7.14,1160.69,373.7,-787.0,249.2851,4057.11,6864.76,-,-,-,E,0.16,25.54,[]
Germany,DE,DE,2026-04-18 01:07:37,2022-03-26,2022-03-27,64.7241,891.25,7.26,1248.75,199.4,-1049.4,249.2851,3925.8,6646.29,-,-,-,E,0.42,25.96,[]
Germany,DE,DE,2026-04-18 01:07:37,2022-03-27,2022-03-28,65.6294,891.25,7.36,1181.38,283.1,-898.3,249.2851,4057.11,6864.76,-,-,-,E,0.36,26.33,[]
Germany,DE,DE,2026-04-18 01:07:37,2022-03-28,2022-03-29,66.1691,891.25,7.42,962.58,426.6,-536.0,249.2943,4057.33,6865.21,-,-,-,E,0.22,26.54,[]
Germany,DE,DE,2026-04-18 01:07:37,2022-03-29,2022-03-30,66.7109,891.25,7.49,887.98,345.3,-542.7,249.2943,4057.33,6865.21,-,-,-,E,0.22,26.76,[]
Germany,DE,DE,2026-04-18 01:07:37,2022-03-30,2022-03-31,66.9996,891.25,7.52,789.65,503.5,-286.2,249.2943,4057.33,6865.21,-,-,-,E,0.12,26.88,[]
Germany,DE,DE,2026-04-18 01:07:37,2022-03-31,2022-04-01,66.4242,891.25,7.45,582.63,599.2,16.6,249.2943,4057.33,6865.21,-,-,-,E,-0.23,26.64,[]
Germany,DE,DE,2026-04-18 01:07:37,2022-04-01,2022-04-02,66.5326,891.25,7.47,392.55,558.5,165.9,247.0367,4046.64,6861.58,-,-,-,E,0.04,26.93,[]
Germany,DE,DE,2026-04-18 01:07:37,2022-04-02,2022-04-03,66.5353,891.25,7.47,410.17,402.0,-8.2,246.6767,4047.12,6873.34,-,-,-,E,0.0,26.97,[]
Germany,DE,DE,2026-04-18 01:07:37,2022-04-03,2022-04-04,66.4928,891.25,7.46,440.89,476.3,35.4,246.6767,4047.12,6873.34,-,-,-,E,-0.02,26.96,[]
Germany,DE,DE,2026-04-18 01:07:37,2022-04-04,2022-04-05,66.3489,891.25,7.44,443.25,580.2,136.9,246.6767,4047.12,6873.34,-,-,-,E,-0.06,26.9,[]
Germany,DE,DE,2026-04-18 01:07:37,2022-04-05,2022-04-06,66.2546,891.25,7.43,498.73,407.9,-90.8,246.6767,4047.12,6873.34,-,-,-,E,-0.04,26.86,[]
Germany,DE,DE,2026-04-18 01:07:37,2022-04-06,2022-04-07,67.0083,891.25,7.52,921.33,165.8,-755.5,246.6767,4047.12,6873.34,-,-,-,E,0.31,27.16,[]
Germany,DE,DE,2026-04-18 01:07:37,2022-04-07,2022-04-08,67.7771,891.25,7.6,849.53,78.6,-771.0,246.6767,4047.12,6873.34,-,-,-,E,0.31,27.48,[]
Germany,DE,DE,2026-04-18 01:07:37,2022-04-08,2022-04-09,68.4353,891.25,7.68,824.24,163.1,-661.1,245.6374,4047.12,6873.34,-,-,-,E,0.27,27.86,[]
Germany,DE,DE,2026-04-18 01:07:37,2022-04-09,2022-04-10,69.1671,891.25,7.76,875.13,99.9,-775.2,245.6374,4047.12,6873.34,-,-,-,E,0.3,28.16,[]
Germany,DE,DE,2026-04-18 01:07:37,2022-04-10,2022-04-11,69.9624,891.25,7.85,873.32,101.1,-772.3,245.6374,4047.12,6873.34,-,-,-,E,0.32,28.48,[]
Germany,DE,DE,2026-04-18 01:07:37,2022-04-11,2022-04-12,70.4176,891.25,7.9,614.55,159.4,-455.1,245.6365,4047.1,6873.3,-,-,-,E,0.19,28.67,[]
Germany,DE,DE,2026-04-18 01:07:37,2022-04-12,2022-04-13,71.1686,891.25,7.99,874.06,122.5,-751.6,245.6365,4047.1,6873.3,-,-,-,E,0.31,28.97,[]
Germany,DE,DE,2026-04-18 01:07:37,2022-04-13,2022-04-14,72.0739,891.25,8.09,1019.14,124.6,-894.5,245.6365,4047.1,6873.3,-,-,-,E,0.37,29.34,[]
Germany,DE,DE,2026-04-18 01:07:37,2022-04-14,2022-04-15,73.1114,891.25,8.2,1104.67,60.5,-1044.2,245.6365,4047.1,6873.3,-,-,-,E,0.42,29.76,[]
Germany,DE,DE,2026-04-18 01:07:37,2022-04-15,2022-04-16,74.0646,891.25,8.31,1055.93,88.4,-967.5,245.6365,4047.1,6873.3,-,-,-,E,0.39,30.15,[]
Germany,DE,DE,2026-04-18 01:07:37,2022-04-16,2022-04-17,75.2307,891.25,8.44,1212.1,44.3,-1167.8,245.6365,4047.1,6873.3,-,-,-,E,0.47,30.63,[]
Germany,DE,DE,2026-04-18 01:07:37,2022-04-17,2022-04-18,76.4412,891.25,8.58,1279.92,54.6,-1225.3,245.6365,4047.1,6873.3,-,-,-,E,0.49,31.12,[]
Germany,DE,DE,2026-04-18 01:07:37,2022-04-18,2022-04-19,77.4958,891.25,8.7,1270.12,56.2,-1213.9,245.636,4047.09,6873.27,-,-,-,E,0.43,31.55,[]
Germany,DE,DE,2026-04-18 01:07:37,2022-04-19,2022-04-20,78.4548,891.25,8.8,949.11,189.7,-759.4,245.636,4047.09,6873.27,-,-,-,E,0.39,31.94,[]
Germany,DE,DE,2026-04-18 01:07:37,2022-04-20,2022-04-21,78.9982,891.25,8.86,799.31,248.6,-550.7,245.636,4047.09,6873.27,-,-,-,E,0.22,32.16,[]
Germany,DE,DE,2026-04-18 01:07:37,2022-04-21,2022-04-22,79.6704,891.25,8.94,827.41,159.2,-668.3,245.636,4047.09,6873.27,-,-,-,E,0.27,32.43,[]
Germany,DE,DE,2026-04-18 01:07:37,2022-04-22,2022-04-23,80.4962,891.25,9.03,971.64,139.0,-832.7,245.636,4047.09,6873.27,-,-,-,E,0.34,32.77,[]
Germany,DE,DE,2026-04-18 01:07:37,2022-04-23,2022-04-24,81.6494,891.25,9.16,1232.83,48.0,-1184.8,245.636,4047.09,6873.27,-,-,-,E,0.47,33.24,[]
Germany,DE,DE,2026-04-18 01:07:37,2022-04-24,2022-04-25,82.821,891.25,9.29,1247.62,90.2,-1157.5,245.636,4047.09,6873.27,-,-,-,E,0.48,33.72,[]
Germany,DE,DE,2026-04-18 01:07:37,2022-04-25,2022-04-26,83.2049,891.25,9.34,708.12,350.6,-357.5,245.6467,4047.35,6873.8,-,-,-,E,0.16,33.87,[]
Germany,DE,DE,2026-04-18 01:07:37,2022-04-26,2022-04-27,83.4879,891.25,9.37,644.16,361.9,-282.3,245.6467,4047.35,6873.8,-,-,-,E,0.12,33.99,[]
Germany,DE,DE,2026-04-18 01:07:37,2022-04-27,2022-04-28,83.726,891.25,9.39,519.38,289.8,-229.5,245.6467,4047.35,6873.8,-,-,-,E,0.1,34.08,[]
Germany,DE,DE,2026-04-18 01:07:37,2022-04-28,2022-04-29,84.4765,891.25,9.48,887.75,125.7,-762.1,245.6467,4047.35,6873.8,-,-,-,E,0.31,34.39,[]
Germany,DE,DE,2026-04-18 01:07:37,2022-04-29,2022-04-30,85.1453,891.25,9.55,793.63,131.7,-661.9,245.6467,4047.35,6873.8,-,-,-,E,0.27,34.66,[]
Germany,DE,DE,2026-04-18 01:07:37,2022-04-30,2022-05-01,85.9281,891.25,9.64,1128.15,52.7,-1075.4,244.2113,4047.35,6873.8,-,-,-,E,0.32,35.19,[]
Germany,DE,DE,2026-04-18 01:07:37,2022-05-01,2022-05-02,87.4313,891.25,9.81,1304.75,7.7,-1297.1,244.1803,4047.35,6873.8,-,-,-,E,0.62,35.81,[]
Germany,DE,DE,2026-04-18 01:07:37,2022-05-02,2022-05-03,88.3804,891.25,9.92,977.61,57.0,-920.6,244.2008,4047.86,6874.81,-,-,-,E,0.39,36.19,[]
Germany,DE,DE,2026-04-18 01:07:37,2022-05-03,2022-05-04,89.3166,891.25,10.02,1003.62,67.1,-936.5,244.2008,4047.86,6874.81,-,-,-,E,0.38,36.58,[]
Germany,DE,DE,2026-04-18 01:07:37,2022-05-04,2022-05-05,90.4132,891.25,10.14,1227.04,98.9,-1128.1,244.2008,4047.86,6874.81,-,-,-,E,0.45,37.02,[]
Germany,DE,DE,2026-04-18 01:07:37,2022-05-05,2022-05-06,91.504,891.25,10.27,1136.75,52.8,-1084.0,244.2008,4047.86,6874.81,-,-,-,E,0.45,37.47,[]
Germany,DE,DE,2026-04-18 01:07:37,2022-05-06,2022-05-07,92.28,891.25,10.35,1302.77,526.8,-776.0,244.2008,4047.86,6874.81,-,-,-,E,0.32,37.79,[]
Germany,DE,DE,2026-04-18 01:07:37,2022-05-07,2022-05-08,93.5464,891.25,10.5,1371.36,146.4,-1224.9,244.2008,4047.86,6874.81,-,-,-,E,0.52,38.31,[]
Germany,DE,DE,2026-04-18 01:07:37,2022-05-08,2022-05-09,94.7483,891.25,10.63,1365.91,164.1,-1201.8,244.2008,4047.86,6874.81,-,-,-,E,0.49,38.8,[]
Germany,DE,DE,2026-04-18 01:07:37,2022-05-09,2022-05-10,95.609,891.25,10.73,1185.82,325.2,-860.6,244.2017,4047.88,6874.86,-,-,-,E,0.35,39.15,[]
Germany,DE,DE,2026-04-18 01:07:37,2022-05-10,2022-05-11,96.22,891.25,10.8,1171.29,560.4,-610.9,244.2017,4047.88,6874.86,-,-,-,E,0.25,39.4,[]
Germany,DE,DE,2026-04-18 01:07:37,2022-05-11,2022-05-12,97.0848,891.25,10.89,1209.14,348.2,-861.0,244.2017,4048.86,6881.35,-,-,-,E,0.35,39.76,[]
Germany,DE,DE,2026-04-18 01:07:37,2022-05-12,2022-05-13,97.6211,891.25,10.95,978.52,445.6,-532.9,244.2017,4048.86,6881.35,-,-,-,E,0.22,39.98,[]
Germany,DE,DE,2026-04-18 01:07:37,2022-05-13,2022-05-14,98.7852,891.25,11.08,1193.21,28.4,-1164.8,243.0935,4048.86,6881.35,-,-,-,E,0.48,40.64,[]
Germany,DE,DE,2026-04-18 01:07:37,2022-05-14,2022-05-15,100.2794,891.25,11.25,1492.63,15.9,-1476.7,243.0935,4050.97,6881.35,-,-,-,E,0.61,41.25,[]
Germany,DE,DE,2026-04-18 01:07:37,2022-05-15,2022-05-16,101.8886,891.25,11.43,1627.7,18.6,-1609.1,243.0935,4050.97,6881.35,-,-,-,E,0.66,41.91,[]
Germany,DE,DE,2026-04-18 01:07:37,2022-05-16,2022-05-17,102.9852,891.25,11.56,1223.79,141.7,-1082.1,243.1136,4051.46,6882.34,-,-,-,E,0.45,42.36,[]
Germany,DE,DE,2026-04-18 01:07:37,2022-05-17,2022-05-18,104.0346,891.25,11.67,1125.56,96.4,-1029.1,243.1136,4051.46,6882.34,-,-,-,E,0.43,42.79,[]
Germany,DE,DE,2026-04-18 01:07:37,2022-05-18,2022-05-19,105.1661,891.25,11.8,1268.04,91.6,-1176.5,243.0926,4051.46,6882.34,-,-,-,E,0.47,43.26,[]
Germany,DE,DE,2026-04-18 01:07:37,2022-05-19,2022-05-20,106.1964,891.25,11.92,1017.44,53.5,-963.9,243.0926,4051.46,6882.34,-,-,-,E,0.42,43.69,[]
Germany,DE,DE,2026-04-18 01:07:37,2022-05-20,2022-05-21,107.2315,891.25,12.03,1137.46,77.6,-1059.9,243.0926,4051.46,6882.34,-,-,-,E,0.43,44.11,[]
Germany,DE,DE,2026-04-18 01:07:37,2022-05-21,2022-05-22,109.0497,891.25,12.24,1849.81,30.8,-1819.0,243.0926,4051.46,6882.34,-,-,-,E,0.75,44.86,[]
Germany,DE,DE,2026-04-18 01:07:37,2022-05-22,2022-05-23,110.698,891.25,12.42,1666.97,29.9,-1637.1,243.0926,4051.46,6882.34,-,-,-,E,0.68,45.54,[]
Germany,DE,DE,2026-04-18 01:07:37,2022-05-23,2022-05-24,112.0657,891.25,12.57,1389.73,26.0,-1363.7,243.1087,4051.86,6883.13,-,-,-,E,0.56,46.1,[]
Germany,DE,DE,2026-04-18 01:07:37,2022-05-24,2022-05-25,113.0288,891.25,12.68,1088.1,103.1,-985.0,243.1087,4051.86,6883.13,-,-,-,E,0.4,46.49,[]
Germany,DE,DE,2026-04-18 01:07:37,2022-05-25,2022-05-26,114.16,891.25,12.81,1153.88,137.1,-1016.8,243.1087,4051.86,6883.13,-,-,-,E,0.47,46.96,[]
Germany,DE,DE,2026-04-18 01:07:37,2022-05-26,2022-05-27,115.3627,891.25,12.94,1258.23,78.5,-1179.7,243.1087,4051.86,6883.13,-,-,-,E,0.49,47.45,[]
Germany,DE,DE,2026-04-18 01:07:37,2022-05-27,2022-05-28,116.7153,891.25,13.1,1376.22,28.3,-1347.9,243.1087,4051.86,6883.13,-,-,-,E,0.56,48.01,[]
Germany,DE,DE,2026-04-18 01:07:37,2022-05-28,2022-05-29,117.901,891.25,13.23,1223.44,42.6,-1180.9,243.1087,4051.86,6883.13,-,-,-,E,0.49,48.5,[]
Germany,DE,DE,2026-04-18 01:07:37,2022-05-29,2022-05-30,119.0419,891.25,13.36,1173.14,51.2,-1121.9,243.1087,4051.86,6883.13,-,-,-,E,0.47,48.97,[]
Germany,DE,DE,2026-04-18 01:07:37,2022-05-30,2022-05-31,119.5547,891.25,13.41,792.87,299.7,-493.2,243.1262,4052.21,6883.99,-,-,-,E,0.21,49.17,[]
Germany,DE,DE,2026-04-18 01:07:37,2022-05-31,2022-06-01,119.9754,891.25,13.46,723.84,217.7,-506.1,243.1262,4052.29,6883.99,-,-,-,E,0.17,49.35,[]
Germany,DE,DE,2026-04-18 01:07:37,2022-06-01,2022-06-02,120.8351,891.25,13.56,936.14,86.8,-849.3,243.1262,4052.29,6883.99,-,-,-,E,0.35,49.7,[]
Germany,DE,DE,2026-04-18 01:07:37,2022-06-02,2022-06-03,121.8835,891.25,13.68,1092.36,27.3,-1065.1,243.1262,4052.29,6883.99,-,-,-,E,0.43,50.13,[]
Germany,DE,DE,2026-04-18 01:07:37,2022-06-03,2022-06-04,123.1733,891.25,13.82,1273.11,21.3,-1251.8,243.1262,4052.29,6883.99,-,-,-,E,0.53,50.66,[]
Germany,DE,DE,2026-04-18 01:07:37,2022-06-04,2022-06-05,124.8599,891.25,14.01,1691.23,14.2,-1677.0,243.1262,4020.57,6883.99,-,-,-,E,0.69,51.36,[]
Germany,DE,DE,2026-04-18 01:07:37,2022-06-05,2022-06-06,126.5183,891.25,14.2,1664.09,17.6,-1646.4,243.1262,4020.57,6883.99,-,-,-,E,0.68,52.04,[]
Germany,DE,DE,2026-04-18 01:07:37,2022-06-06,2022-06-07,128.1611,891.25,14.38,1644.67,20.1,-1624.5,243.1438,4021.0,6884.86,-,-,-,E,0.68,52.71,[]
Germany,DE,DE,2026-04-18 01:07:37,2022-06-07,2022-06-08,129.2283,891.25,14.5,1125.46,67.0,-1058.5,243.1438,4021.0,6884.86,-,-,-,E,0.44,53.15,[]
Germany,DE,DE,2026-04-18 01:07:37,2022-06-08,2022-06-09,129.8595,891.25,14.57,950.19,328.9,-621.3,243.1438,4014.65,6884.86,-,-,-,E,0.26,53.41,[]
Germany,DE,DE,2026-04-18 01:07:37,2022-06-09,2022-06-10,130.4405,891.25,14.64,937.72,365.4,-572.4,243.1438,4014.65,6884.86,-,-,-,E,0.24,53.65,[]
Germany,DE,DE,2026-04-18 01:07:37,2022-06-10,2022-06-11,131.3695,891.25,14.74,1076.25,156.7,-919.5,243.1438,4014.65,6884.86,-,-,-,E,0.38,54.03,[]
Germany,DE,DE,2026-04-18 01:07:37,2022-06-11,2022-06-12,132.9774,891.25,14.92,1611.05,13.6,-1597.4,243.1438,4014.65,6884.86,-,-,-,E,0.66,54.69,[]
Germany,DE,DE,2026-04-18 01:07:37,2022-06-12,2022-06-13,134.6469,891.25,15.11,1672.88,13.4,-1659.5,243.1438,4014.65,6884.86,-,-,-,E,0.69,55.38,[]
Germany,DE,DE,2026-04-18 01:07:37,2022-06-13,2022-06-14,135.4628,891.25,15.2,923.25,35.4,-887.9,243.1492,4014.79,6885.12,-,-,-,E,0.34,55.71,[]
Germany,DE,DE,2026-04-18 01:07:37,2022-06-14,2022-06-15,136.4037,891.25,15.3,895.06,185.4,-709.7,243.1492,4014.79,6885.12,-,-,-,E,0.39,56.1,[]
Germany,DE,DE,2026-04-18 01:07:37,2022-06-15,2022-06-16,137.241,891.25,15.4,967.74,140.5,-827.2,243.1492,4014.79,6885.12,-,-,-,E,0.34,56.44,[]
Germany,DE,DE,2026-04-18 01:07:37,2022-06-16,2022-06-17,138.1849,891.25,15.5,1042.56,98.5,-944.1,243.1492,4014.79,6885.12,-,-,-,E,0.39,56.83,[]
Germany,DE,DE,2026-04-18 01:07:37,2022-06-17,2022-06-18,139.1905,891.25,15.62,1085.84,57.0,-1028.8,243.4905,4014.79,6885.12,-,-,-,E,0.41,57.16,[]
Germany,DE,DE,2026-04-18 01:07:37,2022-06-18,2022-06-19,140.5033,891.25,15.76,1359.61,17.3,-1342.3,243.4905,4031.95,6885.12,-,-,-,E,0.54,57.7,[]
Germany,DE,DE,2026-04-18 01:07:37,2022-06-19,2022-06-20,141.7791,891.25,15.91,1300.43,23.0,-1277.4,243.4905,4031.95,6885.12,-,-,-,E,0.52,58.23,[]
Germany,DE,DE,2026-04-18 01:07:37,2022-06-20,2022-06-21,142.5711,891.25,16.0,860.91,60.6,-800.3,243.4622,4031.25,6883.73,-,-,-,E,0.33,58.56,[]
Germany,DE,DE,2026-04-18 01:07:37,2022-06-21,2022-06-22,143.3437,891.25,16.08,914.55,154.1,-760.4,243.4622,4029.15,6883.73,-,-,-,E,0.32,58.88,[]
Germany,DE,DE,2026-04-18 01:07:37,2022-06-22,2022-06-23,143.988,891.25,16.16,787.02,132.9,-654.1,243.3522,4029.15,6883.73,-,-,-,E,0.26,59.17,[]
Germany,DE,DE,2026-04-18 01:07:37,2022-06-23,2022-06-24,144.7443,891.25,16.24,854.07,77.1,-776.9,243.3522,4029.15,6883.73,-,-,-,E,0.31,59.48,[]
Germany,DE,DE,2026-04-18 01:07:37,2022-06-24,2022-06-25,145.3877,891.25,16.31,831.04,96.7,-734.3,243.3522,4029.15,6883.73,-,-,-,E,0.26,59.74,[]
Germany,DE,DE,2026-04-18 01:07:37,2022-06-25,2022-06-26,146.3153,891.25,16.42,997.15,52.6,-944.6,243.3522,4029.15,6883.73,-,-,-,E,0.38,60.12,[]
Germany,DE,DE,2026-04-18 01:07:37,2022-06-26,2022-06-27,147.1295,891.25,16.51,851.33,35.9,-815.4,243.3522,4029.15,6883.73,-,-,-,E,0.33,60.46,[]
Germany,DE,DE,2026-04-18 01:07:37,2022-06-27,2022-06-28,147.6182,891.25,16.56,739.72,248.5,-491.2,243.3338,4028.24,6881.4,-,-,-,E,0.2,60.66,[]
Germany,DE,DE,2026-04-18 01:07:37,2022-06-28,2022-06-29,148.0246,891.25,16.61,726.33,306.4,-419.9,243.3338,4028.24,6881.4,-,-,-,E,0.17,60.83,[]
Germany,DE,DE,2026-04-18 01:07:37,2022-06-29,2022-06-30,148.3596,891.25,16.65,654.6,303.1,-351.5,243.3338,4028.24,6881.4,-,-,-,E,0.14,60.97,[]
Germany,DE,DE,2026-04-18 01:07:37,2022-06-30,2022-07-01,148.8111,891.25,16.7,655.21,135.2,-520.0,243.3338,4037.7,6881.4,-,-,-,E,0.19,61.16,[]
Germany,DE,DE,2026-04-18 01:07:37,2022-07-01,2022-07-02,149.5624,891.25,16.78,821.42,125.9,-695.5,243.5232,4037.7,6881.4,-,-,-,E,0.31,61.42,[]
Germany,DE,DE,2026-04-18 01:07:37,2022-07-02,2022-07-03,150.487,891.25,16.88,1072.27,139.3,-933.0,243.5232,4037.7,6881.4,-,-,-,E,0.38,61.8,[]
Germany,DE,DE,2026-04-18 01:07:37,2022-07-03,2022-07-04,151.4968,891.25,17.0,1111.58,99.3,-1012.3,243.5232,4037.7,6881.4,-,-,-,E,0.41,62.21,[]
Germany,DE,DE,2026-04-18 01:07:37,2022-07-04,2022-07-05,152.2711,891.25,17.09,874.79,91.8,-783.0,243.5466,4038.27,6882.55,-,-,-,E,0.32,62.52,[]
Germany,DE,DE,2026-04-18 01:07:37,2022-07-05,2022-07-06,153.0061,891.25,17.17,818.18,69.7,-748.4,243.5466,4038.27,6882.55,-,-,-,E,0.3,62.82,[]
Germany,DE,DE,2026-04-18 01:07:37,2022-07-06,2022-07-07,153.6503,891.25,17.24,864.43,207.0,-657.4,243.5466,4038.27,6882.55,-,-,-,E,0.26,63.09,[]
Germany,DE,DE,2026-04-18 01:07:37,2022-07-07,2022-07-08,154.2703,891.25,17.31,892.09,258.6,-633.5,243.5466,4038.27,6882.55,-,-,-,E,0.25,63.34,[]
Germany,DE,DE,2026-04-18 01:07:37,2022-07-08,2022-07-09,154.8952,891.25,17.38,786.89,150.7,-636.2,243.5466,4038.27,6882.55,-,-,-,E,0.26,63.6,[]
Germany,DE,DE,2026-04-18 01:07:37,2022-07-09,2022-07-10,155.9081,891.25,17.49,1089.4,59.2,-1030.2,243.5466,4038.27,6882.55,-,-,-,E,0.42,64.02,[]
Germany,DE,DE,2026-04-18 01:07:37,2022-07-10,2022-07-11,157.0016,891.25,17.62,1162.67,53.2,-1109.5,243.5466,4038.27,6882.55,-,-,-,E,0.45,64.46,[]
Germany,DE,DE,2026-04-18 01:07:37,2022-07-11,2022-07-12,157.2084,891.25,17.64,515.93,298.6,-217.3,243.5568,4038.52,6883.06,-,-,-,E,0.08,64.55,[]
Germany,DE,DE,2026-04-18 01:07:37,2022-07-12,2022-07-13,157.063,891.25,17.62,750.23,889.2,138.9,243.5568,4038.52,6883.06,-,-,-,E,-0.06,64.49,[]
Germany,DE,DE,2026-04-18 01:07:37,2022-07-13,2022-07-14,157.0818,891.25,17.62,676.69,645.5,-31.2,243.5568,4038.52,6883.06,-,-,-,E,0.01,64.49,[]
Germany,DE,DE,2026-04-18 01:07:37,2022-07-14,2022-07-15,157.2631,891.25,17.65,769.29,588.0,-181.3,243.6668,4038.52,6883.06,-,-,-,E,0.07,64.54,[]
Germany,DE,DE,2026-04-18 01:07:37,2022-07-15,2022-07-16,157.3704,891.25,17.66,774.46,658.5,-115.9,243.6668,4038.52,6883.06,-,-,-,E,0.04,64.58,[]
Germany,DE,DE,2026-04-18 01:07:37,2022-07-16,2022-07-17,157.8427,891.25,17.71,943.79,475.2,-468.6,243.6668,4038.52,6883.06,-,-,-,E,0.19,64.78,[]
Germany,DE,DE,2026-04-18 01:07:37,2022-07-17,2022-07-18,158.449,891.25,17.78,971.54,362.0,-609.5,243.6668,4038.52,6883.06,-,-,-,E,0.25,65.03,[]
Germany,DE,DE,2026-04-18 01:07:37,2022-07-18,2022-07-19,158.4361,891.25,17.78,684.42,705.6,21.2,243.6717,4038.64,6883.3,-,-,-,E,-0.01,65.02,[]
Germany,DE,DE,2026-04-18 01:07:37,2022-07-19,2022-07-20,158.5677,891.25,17.79,795.62,663.7,-131.9,243.6717,4038.64,6883.3,-,-,-,E,0.05,65.07,[]
Germany,DE,DE,2026-04-18 01:07:37,2022-07-20,2022-07-21,158.8623,891.25,17.82,914.12,621.2,-292.9,243.6717,4038.64,6883.3,-,-,-,E,0.12,65.2,[]
Germany,DE,DE,2026-04-18 01:07:37,2022-07-21,2022-07-22,159.0731,891.25,17.85,762.0,558.4,-203.6,243.6717,4038.64,6883.3,-,-,-,E,0.09,65.28,[]
Germany,DE,DE,2026-04-18 01:07:37,2022-07-22,2022-07-23,159.5808,891.25,17.91,837.85,340.3,-497.6,243.6717,4021.48,6883.3,-,-,-,E,0.21,65.49,[]
Germany,DE,DE,2026-04-18 01:07:37,2022-07-23,2022-07-24,160.4924,891.25,18.01,1000.38,102.6,-897.8,243.6717,4021.48,6883.3,-,-,-,E,0.37,65.86,[]
Germany,DE,DE,2026-04-18 01:07:37,2022-07-24,2022-07-25,161.6264,891.25,18.13,1147.88,26.4,-1121.5,243.6717,4021.48,6883.3,-,-,-,E,0.47,66.33,[]
Germany,DE,DE,2026-04-18 01:07:37,2022-07-25,2022-07-26,162.6168,891.25,18.25,1032.47,52.0,-980.5,243.6854,4013.3,6883.97,-,-,-,E,0.41,66.73,[]
Germany,DE,DE,2026-04-18 01:07:37,2022-07-26,2022-07-27,163.5893,891.25,18.36,1029.58,69.1,-960.5,243.6854,4013.03,6883.97,-,-,-,E,0.4,67.13,[]
Germany,DE,DE,2026-04-18 01:07:37,2022-07-27,2022-07-28,164.3193,891.25,18.44,951.04,230.1,-721.0,243.6854,4013.03,6883.97,-,-,-,E,0.3,67.43,[]
Germany,DE,DE,2026-04-18 01:07:37,2022-07-28,2022-07-29,165.1445,891.25,18.53,922.57,102.5,-820.0,243.6854,4013.03,6883.97,-,-,-,E,0.34,67.77,[]
Germany,DE,DE,2026-04-18 01:07:37,2022-07-29,2022-07-30,165.9531,891.25,18.62,905.7,106.5,-799.2,243.6854,4013.03,6883.97,-,-,-,E,0.33,68.1,[]
Germany,DE,DE,2026-04-18 01:07:37,2022-07-30,2022-07-31,166.9994,891.25,18.74,1085.9,52.3,-1033.6,243.6854,4030.19,6883.97,-,-,-,E,0.43,68.53,[]
Germany,DE,DE,2026-04-18 01:07:37,2022-07-31,2022-08-01,168.2027,891.25,18.87,1264.04,22.8,-1241.2,243.6854,4030.19,6883.97,-,-,-,E,0.49,69.02,[]
Germany,DE,DE,2026-04-18 01:07:37,2022-08-01,2022-08-02,169.153,891.25,18.98,1080.54,108.3,-972.2,243.6788,4030.32,6884.23,-,-,-,E,0.39,69.42,[]
Germany,DE,DE,2026-04-18 01:07:37,2022-08-02,2022-08-03,170.3644,891.25,19.12,1246.77,42.8,-1204.0,243.6778,4030.32,6884.23,-,-,-,E,0.5,69.91,[]
Germany,DE,DE,2026-04-18 01:07:37,2022-08-03,2022-08-04,171.5055,891.25,19.24,1204.67,58.2,-1146.5,243.6778,4030.32,6884.23,-,-,-,E,0.47,70.38,[]
Germany,DE,DE,2026-04-18 01:07:37,2022-08-04,2022-08-05,172.5281,891.25,19.36,1133.2,100.0,-1033.2,243.5878,4030.32,6884.23,-,-,-,E,0.42,70.83,[]
Germany,DE,DE,2026-04-18 01:07:37,2022-08-05,2022-08-06,173.7554,891.25,19.5,1420.68,180.7,-1240.0,243.5878,4030.32,6884.23,-,-,-,E,0.5,71.33,[]
Germany,DE,DE,2026-04-18 01:07:37,2022-08-06,2022-08-07,175.3546,891.25,19.68,1635.34,29.1,-1606.2,243.5878,4030.32,6884.23,-,-,-,E,0.66,71.99,[]
Germany,DE,DE,2026-04-18 01:07:37,2022-08-07,2022-08-08,176.9472,891.25,19.85,1640.04,35.7,-1604.3,243.5878,4030.32,6884.23,-,-,-,E,0.65,72.64,[]
Germany,DE,DE,2026-04-18 01:07:37,2022-08-08,2022-08-09,178.2591,891.25,20.0,1439.75,123.9,-1315.9,243.5883,4030.34,6884.26,-,-,-,E,0.54,73.18,[]
Germany,DE,DE,2026-04-18 01:07:37,2022-08-09,2022-08-10,179.6708,891.25,20.16,1495.36,72.2,-1423.1,243.5883,4030.34,6884.26,-,-,-,E,0.58,73.76,[]
Germany,DE,DE,2026-04-18 01:07:37,2022-08-10,2022-08-11,181.193,891.25,20.33,1560.14,56.5,-1503.7,243.5596,4030.34,6884.26,-,-,-,E,0.62,74.39,[]
Germany,DE,DE,2026-04-18 01:07:37,2022-08-11,2022-08-12,182.5045,891.25,20.48,1438.23,122.0,-1316.2,243.5596,4030.34,6884.26,-,-,-,E,0.54,74.93,[]
Germany,DE,DE,2026-04-18 01:07:37,2022-08-12,2022-08-13,183.8896,891.25,20.63,1483.67,82.8,-1400.9,243.7972,4030.34,6884.26,-,-,-,E,0.57,75.43,[]
Germany,DE,DE,2026-04-18 01:07:37,2022-08-13,2022-08-14,185.5633,891.25,20.82,1695.51,10.7,-1684.8,243.7972,4030.34,6884.26,-,-,-,E,0.69,76.11,[]
Germany,DE,DE,2026-04-18 01:07:37,2022-08-14,2022-08-15,187.2277,891.25,21.01,1704.12,14.2,-1689.9,243.7972,4030.34,6884.26,-,-,-,E,0.68,76.8,[]
Germany,DE,DE,2026-04-18 01:07:37,2022-08-15,2022-08-16,188.6643,891.25,21.17,1480.78,33.1,-1447.6,244.0399,4031.98,6887.55,-,-,-,E,0.59,77.31,[]
Germany,DE,DE,2026-04-18 01:07:37,2022-08-16,2022-08-17,189.8245,891.25,21.3,1281.3,114.1,-1167.2,244.0399,4031.98,6887.55,-,-,-,E,0.48,77.78,[]
Germany,DE,DE,2026-04-18 01:07:37,2022-08-17,2022-08-18,190.8131,891.25,21.41,1253.33,253.7,-999.6,244.0399,4031.98,6887.55,-,-,-,E,0.41,78.19,[]
Germany,DE,DE,2026-04-18 01:07:37,2022-08-18,2022-08-19,191.9972,891.25,21.54,1401.05,205.7,-1195.4,244.7378,4031.98,6887.55,-,-,-,E,0.48,78.45,[]
Germany,DE,DE,2026-04-18 01:07:37,2022-08-19,2022-08-20,193.1181,891.25,21.67,1236.45,105.0,-1131.4,244.7378,4031.98,6887.55,-,-,-,E,0.46,78.91,[]
Germany,DE,DE,2026-04-18 01:07:37,2022-08-20,2022-08-21,194.6458,891.25,21.84,1595.43,59.5,-1535.9,244.7378,4031.98,6887.55,-,-,-,E,0.62,79.53,[]
Germany,DE,DE,2026-04-18 01:07:37,2022-08-21,2022-08-22,196.1198,891.25,22.01,1551.7,68.5,-1483.2,244.7378,4031.98,6887.55,-,-,-,E,0.6,80.13,[]
Germany,DE,DE,2026-04-18 01:07:37,2022-08-22,2022-08-23,197.3751,891.25,22.15,1328.14,82.1,-1246.1,244.7383,4031.99,6887.57,-,-,-,E,0.51,80.65,[]
Germany,DE,DE,2026-04-18 01:07:37,2022-08-23,2022-08-24,198.4628,891.25,22.27,1159.2,80.5,-1078.7,244.7894,4032.56,6887.57,-,-,-,E,0.44,81.07,[]
Germany,DE,DE,2026-04-18 01:07:37,2022-08-24,2022-08-25,199.4655,891.25,22.38,1119.32,121.1,-998.2,245.397,4032.56,6887.57,-,-,-,E,0.41,81.28,[]
Germany,DE,DE,2026-04-18 01:07:37,2022-08-25,2022-08-26,200.69,891.25,22.52,1292.59,81.7,-1210.9,245.397,4032.56,6887.57,-,-,-,E,0.5,81.78,[]
Germany,DE,DE,2026-04-18 01:07:37,2022-08-26,2022-08-27,201.7372,891.25,22.64,1110.33,62.1,-1048.2,245.397,4032.56,6887.57,-,-,-,E,0.43,82.21,[]
Germany,DE,DE,2026-04-18 01:07:37,2022-08-27,2022-08-28,203.0734,891.25,22.79,1354.23,18.1,-1336.1,245.397,4015.4,6887.57,-,-,-,E,0.54,82.75,[]
Germany,DE,DE,2026-04-18 01:07:37,2022-08-28,2022-08-29,204.3458,891.25,22.93,1300.77,23.0,-1277.7,245.397,4015.4,6887.57,-,-,-,E,0.52,83.27,[]
Germany,DE,DE,2026-04-18 01:07:37,2022-08-29,2022-08-30,205.3014,891.25,23.04,1022.05,68.7,-953.3,245.3675,4016.32,6888.53,-,-,-,E,0.39,83.67,[]
Germany,DE,DE,2026-04-18 01:07:37,2022-08-30,2022-08-31,206.198,891.25,23.14,1044.39,155.6,-888.7,245.3675,4016.32,6888.53,-,-,-,E,0.37,84.04,[]
Germany,DE,DE,2026-04-18 01:07:37,2022-08-31,2022-09-01,206.7632,891.25,23.2,964.79,357.6,-607.2,245.3675,4016.32,6888.53,-,-,-,E,0.23,84.27,[]
Germany,DE,DE,2026-04-18 01:07:37,2022-09-01,2022-09-02,207.5135,891.25,23.28,909.87,329.9,-580.0,245.4675,4016.32,6888.53,-,-,-,E,0.31,84.54,[]
Germany,DE,DE,2026-04-18 01:07:37,2022-09-02,2022-09-03,208.7187,891.25,23.42,1236.26,38.7,-1197.6,245.4675,4016.32,6888.53,-,-,-,E,0.49,85.03,[]
Germany,DE,DE,2026-04-18 01:07:37,2022-09-03,2022-09-04,210.0365,891.25,23.57,1333.23,20.8,-1312.5,245.4675,4016.32,6888.53,-,-,-,E,0.54,85.57,[]
Germany,DE,DE,2026-04-18 01:07:37,2022-09-04,2022-09-05,211.3824,891.25,23.72,1350.02,20.4,-1329.6,245.4675,4016.32,6888.53,-,-,-,E,0.55,86.11,[]
Germany,DE,DE,2026-04-18 01:07:37,2022-09-05,2022-09-06,212.3688,891.25,23.83,1074.0,94.1,-979.9,245.474,4016.46,6888.82,-,-,-,E,0.4,86.51,[]
Germany,DE,DE,2026-04-18 01:07:37,2022-09-06,2022-09-07,213.2099,891.25,23.92,988.15,157.0,-831.1,245.474,4016.46,6888.82,-,-,-,E,0.34,86.86,[]
Germany,DE,DE,2026-04-18 01:07:37,2022-09-07,2022-09-08,213.4725,891.25,23.95,654.83,408.7,-246.2,245.474,4016.46,6888.82,-,-,-,E,0.11,86.96,[]
Germany,DE,DE,2026-04-18 01:07:37,2022-09-08,2022-09-09,214.1617,891.25,24.03,777.46,98.3,-679.2,245.474,4016.46,6888.82,-,-,-,E,0.28,87.24,[]
Germany,DE,DE,2026-04-18 01:07:37,2022-09-09,2022-09-10,214.968,891.25,24.12,808.01,40.2,-767.8,245.474,4016.46,6888.82,-,-,-,E,0.33,87.57,[]
Germany,DE,DE,2026-04-18 01:07:37,2022-09-10,2022-09-11,215.9161,891.25,24.23,952.2,17.5,-934.7,245.474,4016.46,6888.82,-,-,-,E,0.39,87.96,[]
Germany,DE,DE,2026-04-18 01:07:37,2022-09-11,2022-09-12,216.8346,891.25,24.33,949.52,44.3,-905.2,245.474,4016.46,6888.82,-,-,-,E,0.37,88.33,[]
Germany,DE,DE,2026-04-18 01:07:37,2022-09-12,2022-09-13,217.2327,891.25,24.37,460.6,73.0,-387.6,245.474,4016.46,6888.82,-,-,-,E,0.16,88.5,[]
Germany,DE,DE,2026-04-18 01:07:37,2022-09-13,2022-09-14,217.6308,891.25,24.42,483.64,87.9,-395.8,245.2713,4011.96,6879.82,-,-,-,E,0.16,88.73,[]
Germany,DE,DE,2026-04-18 01:07:37,2022-09-14,2022-09-15,217.9985,891.25,24.46,446.56,96.3,-350.2,245.2713,4011.96,6879.82,-,-,-,E,0.15,88.88,[]
Germany,DE,DE,2026-04-18 01:07:37,2022-09-15,2022-09-16,218.5197,891.25,24.52,521.65,13.2,-508.5,245.2713,4011.96,6879.82,-,-,-,E,0.21,89.09,[]
Germany,DE,DE,2026-04-18 01:07:37,2022-09-16,2022-09-17,219.264,891.25,24.6,765.31,25.8,-739.5,245.2713,4011.96,6879.82,-,-,-,E,0.3,89.4,[]
Germany,DE,DE,2026-04-18 01:07:37,2022-09-17,2022-09-18,220.1675,891.25,24.7,908.01,10.6,-897.4,245.2713,4011.96,6879.82,-,-,-,E,0.37,89.76,[]
Germany,DE,DE,2026-04-18 01:07:37,2022-09-18,2022-09-19,220.9553,891.25,24.79,812.36,23.9,-788.5,245.2713,4011.96,6879.82,-,-,-,E,0.32,90.09,[]
Germany,DE,DE,2026-04-18 01:07:37,2022-09-19,2022-09-20,221.5249,891.25,24.86,605.17,42.3,-562.8,245.2713,4011.96,6879.82,-,-,-,E,0.23,90.32,[]
Germany,DE,DE,2026-04-18 01:07:37,2022-09-20,2022-09-21,221.8195,891.25,24.89,328.17,38.8,-289.3,245.2713,4011.96,6879.82,-,-,-,E,0.12,90.44,[]
Germany,DE,DE,2026-04-18 01:07:37,2022-09-21,2022-09-22,222.1263,891.25,24.92,372.92,72.8,-300.1,245.2744,4011.96,6879.82,-,-,-,E,0.13,90.56,[]
Germany,DE,DE,2026-04-18 01:07:37,2022-09-22,2022-09-23,222.4861,891.25,24.96,421.96,63.7,-358.2,245.3918,4011.96,6879.82,-,-,-,E,0.15,90.67,[]
Germany,DE,DE,2026-04-18 01:07:37,2022-09-23,2022-09-24,222.8436,891.25,25.0,404.74,41.0,-363.8,245.4006,4011.96,6879.82,-,-,-,E,0.15,90.81,[]
Germany,DE,DE,2026-04-18 01:07:37,2022-09-24,2022-09-25,223.4604,891.25,25.07,705.78,55.7,-650.1,245.4022,4011.96,6879.82,-,-,-,E,0.25,91.06,[]
Germany,DE,DE,2026-04-18 01:07:37,2022-09-25,2022-09-26,224.1891,891.25,25.15,800.07,55.6,-744.5,245.4022,4011.96,6879.82,-,-,-,E,0.3,91.36,[]
Germany,DE,DE,2026-04-18 01:07:37,2022-09-26,2022-09-27,224.4621,891.25,25.19,450.16,151.0,-299.1,245.4022,4011.96,6879.82,-,-,-,E,0.11,91.47,[]
Germany,DE,DE,2026-04-18 01:07:37,2022-09-27,2022-09-28,224.6412,891.25,25.21,375.61,196.5,-179.1,245.4103,4029.12,6879.82,-,-,-,E,0.07,91.54,[]
Germany,DE,DE,2026-04-18 01:07:37,2022-09-28,2022-09-29,224.7756,891.25,25.22,510.03,381.2,-128.8,246.1405,4029.12,6879.82,-,-,-,E,0.05,91.32,[]
Germany,DE,DE,2026-04-18 01:07:37,2022-09-29,2022-09-30,224.9656,891.25,25.24,473.45,280.7,-192.7,246.1405,4029.12,6879.82,-,-,-,E,0.08,91.4,[]
Germany,DE,DE,2026-04-18 01:07:37,2022-09-30,2022-10-01,225.2683,891.25,25.28,471.68,106.6,-365.0,246.1405,4029.12,6879.82,-,-,-,E,0.12,91.52,[]
Germany,DE,DE,2026-04-18 01:07:37,2022-10-01,2022-10-02,226.0237,891.25,25.36,802.19,29.4,-772.8,246.1405,4029.12,6879.82,-,-,-,E,0.31,91.83,[]
Germany,DE,DE,2026-04-18 01:07:37,2022-10-02,2022-10-03,226.9994,891.25,25.47,947.99,3.7,-944.3,246.1405,4029.12,6879.82,-,-,-,E,0.4,92.22,[]
Germany,DE,DE,2026-04-18 01:07:37,2022-10-03,2022-10-04,227.9614,891.25,25.58,873.66,4.0,-869.7,246.1405,4029.12,6879.82,-,-,-,E,0.39,92.61,[]
Germany,DE,DE,2026-04-18 01:07:37,2022-10-04,2022-10-05,228.4958,891.25,25.64,614.21,74.9,-539.3,246.1405,4029.12,6879.82,-,-,-,E,0.22,92.83,[]
Germany,DE,DE,2026-04-18 01:07:37,2022-10-05,2022-10-06,229.1729,891.25,25.71,711.54,25.1,-686.4,246.1405,4029.12,6879.82,-,-,-,E,0.28,93.11,[]
Germany,DE,DE,2026-04-18 01:07:37,2022-10-06,2022-10-07,229.8419,891.25,25.79,771.06,90.6,-680.5,246.1405,4269.12,6879.82,-,-,-,E,0.27,93.38,[]
Germany,DE,DE,2026-04-18 01:07:37,2022-10-07,2022-10-08,230.5889,891.25,25.87,1119.12,81.2,-1037.9,246.1465,4269.12,6879.82,-,-,-,E,0.3,93.68,[]
Germany,DE,DE,2026-04-18 01:07:37,2022-10-08,2022-10-09,231.6548,891.25,25.99,1135.67,54.3,-1081.3,246.1466,4269.12,6879.82,-,-,-,E,0.43,94.11,[]
Germany,DE,DE,2026-04-18 01:07:37,2022-10-09,2022-10-10,232.5405,891.25,26.09,919.6,35.7,-883.9,246.1466,4269.12,6879.82,-,-,-,E,0.36,94.47,[]
Germany,DE,DE,2026-04-18 01:07:37,2022-10-10,2022-10-11,233.1178,891.25,26.16,724.75,160.1,-564.7,246.1466,4269.12,6879.82,-,-,-,E,0.23,94.71,[]
Germany,DE,DE,2026-04-18 01:07:37,2022-10-11,2022-10-12,233.512,891.25,26.2,761.57,78.8,-682.8,246.1466,4269.12,6879.82,-,-,-,E,0.16,94.87,[]
Germany,DE,DE,2026-04-18 01:07:37,2022-10-12,2022-10-13,233.9178,891.25,26.25,613.9,203.8,-410.1,246.1466,4269.12,6879.82,-,-,-,E,0.16,95.03,[]
Germany,DE,DE,2026-04-18 01:07:37,2022-10-13,2022-10-14,234.2228,891.25,26.28,577.8,272.0,-305.8,246.2466,4269.12,6879.82,-,-,-,E,0.12,95.12,[]
Germany,DE,DE,2026-04-18 01:07:37,2022-10-14,2022-10-15,234.7064,891.25,26.33,627.17,116.8,-510.4,246.2466,4269.12,6879.82,-,-,-,E,0.2,95.31,[]
Germany,DE,DE,2026-04-18 01:07:37,2022-10-15,2022-10-16,235.5644,891.25,26.43,899.29,16.9,-882.4,246.2466,4269.12,6879.82,-,-,-,E,0.35,95.66,[]
Germany,DE,DE,2026-04-18 01:07:37,2022-10-16,2022-10-17,236.5504,891.25,26.54,1015.52,28.6,-986.9,246.2466,4269.12,6879.82,-,-,-,E,0.4,96.06,[]
Germany,DE,DE,2026-04-18 01:07:37,2022-10-17,2022-10-18,237.1716,891.25,26.61,697.46,118.2,-579.2,246.2466,4269.25,6879.82,-,-,-,E,0.25,96.31,[]
Germany,DE,DE,2026-04-18 01:07:37,2022-10-18,2022-10-19,237.6688,891.25,26.67,587.73,89.5,-498.3,246.2466,4269.25,6879.82,-,-,-,E,0.2,96.52,[]
Germany,DE,DE,2026-04-18 01:07:37,2022-10-19,2022-10-20,237.8189,891.25,26.68,436.12,283.0,-153.1,246.3136,4269.25,6879.82,-,-,-,E,0.06,96.55,[]
Germany,DE,DE,2026-04-18 01:07:37,2022-10-20,2022-10-21,237.9935,891.25,26.7,478.37,302.5,-175.9,245.8977,4269.25,6879.82,-,-,-,E,0.07,96.79,[]
Germany,DE,DE,2026-04-18 01:07:37,2022-10-21,2022-10-22,238.1863,891.25,26.72,477.61,291.0,-186.6,245.8977,4269.25,6879.82,-,-,-,E,0.08,96.86,[]
Germany,DE,DE,2026-04-18 01:07:37,2022-10-22,2022-10-23,239.0268,891.25,26.82,913.33,43.1,-870.3,245.8977,4269.25,6879.82,-,-,-,E,0.34,97.21,[]
Germany,DE,DE,2026-04-18 01:07:37,2022-10-23,2022-10-24,239.8894,891.25,26.92,970.86,79.5,-891.4,245.8989,4269.25,6879.82,-,-,-,E,0.35,97.56,[]
Germany,DE,DE,2026-04-18 01:07:37,2022-10-24,2022-10-25,240.3763,891.25,26.97,545.68,88.2,-457.5,245.8989,4269.25,6879.82,-,-,-,E,0.2,97.75,[]
Germany,DE,DE,2026-04-18 01:07:37,2022-10-25,2022-10-26,240.474,891.25,26.98,480.49,387.7,-92.8,245.8989,4269.25,6879.82,-,-,-,E,0.04,97.79,[]
Germany,DE,DE,2026-04-18 01:07:37,2022-10-26,2022-10-27,240.6348,891.25,27.0,454.91,293.2,-161.7,245.9289,4269.25,6879.82,-,-,-,E,0.07,97.85,[]
Germany,DE,DE,2026-04-18 01:07:37,2022-10-27,2022-10-28,240.982,891.25,27.04,567.15,215.9,-351.2,245.9289,4269.25,6879.82,-,-,-,E,0.14,97.99,[]
Germany,DE,DE,2026-04-18 01:07:37,2022-10-28,2022-10-29,241.5334,891.25,27.1,659.06,93.0,-566.1,245.9289,4270.71,6881.93,-,-,-,E,0.22,98.21,[]
Germany,DE,DE,2026-04-18 01:07:37,2022-10-29,2022-10-30,242.3701,891.25,27.19,908.6,67.2,-841.4,245.9289,4344.45,7016.88,-,-,-,E,0.34,98.55,[]
Germany,DE,DE,2026-04-18 01:07:37,2022-10-30,2022-10-31,243.077,891.25,27.27,800.36,93.1,-707.3,245.9289,4269.25,6879.82,-,-,-,E,0.29,98.84,[]
Germany,DE,DE,2026-04-18 01:07:37,2022-10-31,2022-11-01,243.3064,891.25,27.3,475.85,236.6,-239.2,245.9289,4269.25,6879.82,-,-,-,E,0.09,98.93,[]
Germany,DE,DE,2026-04-18 01:07:37,2022-11-01,2022-11-02,243.9925,891.25,27.38,752.17,40.6,-711.5,245.9239,4254.77,6879.82,-,-,-,E,0.28,99.21,[]
Germany,DE,DE,2026-04-18 01:07:37,2022-11-02,2022-11-03,244.2506,891.25,27.41,422.98,63.8,-359.2,245.9239,4254.77,6879.82,-,-,-,E,0.1,99.32,[]
Germany,DE,DE,2026-04-18 01:07:37,2022-11-03,2022-11-04,244.1659,891.25,27.4,278.96,356.2,77.2,245.9239,4254.77,6879.82,-,-,-,E,-0.03,99.29,[]
Germany,DE,DE,2026-04-18 01:07:37,2022-11-04,2022-11-05,244.1537,891.25,27.39,271.22,272.1,0.9,245.9239,4254.77,6879.82,-,-,-,E,-0.0,99.28,[]
Germany,DE,DE,2026-04-18 01:07:37,2022-11-05,2022-11-06,244.4815,891.25,27.43,436.55,77.5,-359.1,245.9589,4254.77,6879.82,-,-,-,E,0.13,99.4,[]
Germany,DE,DE,2026-04-18 01:07:37,2022-11-06,2022-11-07,244.8666,891.25,27.47,464.04,79.0,-385.1,245.9589,4254.77,6879.82,-,-,-,E,0.16,99.56,[]
Germany,DE,DE,2026-04-18 01:07:37,2022-11-07,2022-11-08,244.894,891.25,27.48,242.29,211.3,-31.0,245.9589,4254.77,6879.82,-,-,-,E,0.01,99.57,[]
Germany,DE,DE,2026-04-18 01:07:37,2022-11-08,2022-11-09,245.0023,891.25,27.49,284.89,173.4,-111.5,246.0249,4254.77,6879.82,-,-,-,E,0.04,99.58,[]
Germany,DE,DE,2026-04-18 01:07:37,2022-11-09,2022-11-10,245.1347,891.25,27.5,280.76,142.6,-138.1,246.0249,4254.77,6879.82,-,-,-,E,0.05,99.64,[]
Germany,DE,DE,2026-04-18 01:07:37,2022-11-10,2022-11-11,245.3956,891.25,27.53,322.01,55.3,-266.7,246.0258,4254.77,6879.82,-,-,-,E,0.11,99.74,[]
Germany,DE,DE,2026-04-18 01:07:37,2022-11-11,2022-11-12,245.4612,891.25,27.54,183.12,110.2,-72.9,246.0258,4254.77,6879.82,-,-,-,E,0.03,99.77,[]
Germany,DE,DE,2026-04-18 01:07:37,2022-11-12,2022-11-13,245.8462,891.25,27.58,409.91,14.5,-395.4,246.0819,4254.77,6879.82,-,-,-,E,0.16,99.9,[]
Germany,DE,DE,2026-04-18 01:07:37,2022-11-13,2022-11-14,246.1767,891.25,27.62,359.51,22.7,-336.9,246.0819,4254.77,6879.82,-,-,-,E,0.13,100.04,[]
Germany,DE,DE,2026-04-18 01:07:37,2022-11-14,2022-11-15,246.0047,891.25,27.6,89.59,261.4,171.8,246.0819,4254.77,6879.82,-,-,-,E,-0.07,99.97,[]
Germany,DE,DE,2026-04-18 01:07:37,2022-11-15,2022-11-16,245.9879,891.25,27.6,151.16,159.2,8.0,246.0966,4254.77,6879.82,-,-,-,E,-0.01,99.96,[]
Germany,DE,DE,2026-04-18 01:07:37,2022-11-16,2022-11-17,246.0869,891.25,27.61,203.18,97.4,-105.7,246.0966,4254.77,6879.82,-,-,-,E,0.04,100.0,[]
Germany,DE,DE,2026-04-18 01:07:37,2022-11-17,2022-11-18,246.1018,891.25,27.61,78.57,57.9,-20.7,246.3106,4254.77,6879.82,-,-,-,E,0.01,99.92,[]
Germany,DE,DE,2026-04-18 01:07:37,2022-11-18,2022-11-19,245.8528,891.25,27.59,49.89,288.8,238.9,246.3106,4254.77,6879.82,-,-,-,E,-0.1,99.81,[]
Germany,DE,DE,2026-04-18 01:07:37,2022-11-19,2022-11-20,245.5575,891.25,27.55,41.9,326.2,284.3,246.3106,4254.77,6879.82,-,-,-,E,-0.12,99.69,[]
Germany,DE,DE,2026-04-18 01:07:37,2022-11-20,2022-11-21,245.25,891.25,27.52,47.88,334.8,286.9,246.3306,4254.77,6879.82,-,-,-,E,-0.12,99.56,[]
Germany,DE,DE,2026-04-18 01:07:37,2022-11-21,2022-11-22,244.814,891.25,27.47,59.17,611.3,552.1,246.3306,4014.77,6879.82,-,-,-,E,-0.18,99.38,[]
Germany,DE,DE,2026-04-18 01:07:37,2022-11-22,2022-11-23,244.5175,891.25,27.44,80.06,370.5,290.4,246.3306,4014.77,6879.82,-,-,-,E,-0.12,99.26,[]
Germany,DE,DE,2026-04-18 01:07:37,2022-11-23,2022-11-24,244.1421,891.25,27.39,93.53,456.3,362.8,246.7278,4014.77,6879.82,-,-,-,E,-0.15,98.95,[]
Germany,DE,DE,2026-04-18 01:07:37,2022-11-24,2022-11-25,243.8681,891.25,27.36,45.95,311.5,265.6,246.821,4014.77,6879.82,-,-,-,E,-0.11,98.8,[]
Germany,DE,DE,2026-04-18 01:07:37,2022-11-25,2022-11-26,243.7223,891.25,27.35,127.62,266.9,139.3,246.821,4014.77,6879.82,-,-,-,E,-0.06,98.74,[]
Germany,DE,DE,2026-04-18 01:07:37,2022-11-26,2022-11-27,243.9305,891.25,27.37,258.0,45.1,-212.9,246.821,4014.77,6879.82,-,-,-,E,0.08,98.83,[]
Germany,DE,DE,2026-04-18 01:07:37,2022-11-27,2022-11-28,244.0585,891.25,27.38,189.88,52.8,-137.1,246.821,4014.77,6879.82,-,-,-,E,0.05,98.88,[]
Germany,DE,DE,2026-04-18 01:07:37,2022-11-28,2022-11-29,243.3509,891.25,27.3,21.74,732.8,711.0,246.821,4014.77,6879.82,-,-,-,E,-0.29,98.59,[]
Germany,DE,DE,2026-04-18 01:07:37,2022-11-29,2022-11-30,242.4652,891.25,27.21,30.05,898.9,868.8,246.821,4014.77,6879.82,-,-,-,E,-0.36,98.24,[]
Germany,DE,DE,2026-04-18 01:07:37,2022-11-30,2022-12-01,241.873,891.25,27.14,91.64,673.6,581.9,246.821,4014.77,6879.82,-,-,-,E,-0.24,98.0,[]
Germany,DE,DE,2026-04-18 01:07:37,2022-12-01,2022-12-02,240.9422,891.25,27.03,48.17,965.6,917.5,246.821,4014.77,6879.82,-,-,-,E,-0.38,97.62,[]
Germany,DE,DE,2026-04-18 01:07:37,2022-12-02,2022-12-03,239.8284,891.25,26.91,18.11,1122.6,1104.5,246.821,4254.77,6879.82,-,-,-,E,-0.45,97.17,[]
Germany,DE,DE,2026-04-18 01:07:37,2022-12-03,2022-12-04,239.3261,891.25,26.85,49.54,545.1,495.6,246.821,4254.77,6879.82,-,-,-,E,-0.2,96.96,[]
Germany,DE,DE,2026-04-18 01:07:37,2022-12-04,2022-12-05,238.8032,891.25,26.79,69.1,572.1,503.0,246.821,4254.77,6879.82,-,-,-,E,-0.21,96.75,[]
Germany,DE,DE,2026-04-18 01:07:37,2022-12-05,2022-12-06,237.8959,891.25,26.69,47.8,935.1,887.3,246.821,4014.77,6879.82,-,-,-,E,-0.37,96.38,[]
Germany,DE,DE,2026-04-18 01:07:37,2022-12-06,2022-12-07,236.8224,891.25,26.57,18.32,1112.7,1094.4,246.821,4014.77,6879.82,-,-,-,E,-0.43,95.95,[]
Germany,DE,DE,2026-04-18 01:07:37,2022-12-07,2022-12-08,235.7535,891.25,26.45,66.84,1099.6,1032.8,246.821,4014.77,6879.82,-,-,-,E,-0.43,95.52,[]
Germany,DE,DE,2026-04-18 01:07:37,2022-12-08,2022-12-09,234.5468,891.25,26.32,30.79,1221.1,1190.4,246.821,4014.77,6879.82,-,-,-,E,-0.49,95.03,[]
Germany,DE,DE,2026-04-18 01:07:37,2022-12-09,2022-12-10,233.2124,891.25,26.17,38.39,1333.6,1295.2,246.821,4014.77,6879.82,-,-,-,E,-0.54,94.49,[]
Germany,DE,DE,2026-04-18 01:07:37,2022-12-10,2022-12-11,232.0021,891.25,26.03,38.0,1237.1,1199.1,246.821,4014.77,6879.82,-,-,-,E,-0.49,94.0,[]
Germany,DE,DE,2026-04-18 01:07:37,2022-12-11,2022-12-12,230.6965,891.25,25.88,29.01,1318.1,1289.1,246.821,4014.77,6879.82,-,-,-,E,-0.53,93.47,[]
Germany,DE,DE,2026-04-18 01:07:37,2022-12-12,2022-12-13,228.1141,891.25,25.59,19.93,2583.5,2563.5,246.821,4014.77,6879.82,-,-,-,E,-1.05,92.42,[]
Germany,DE,DE,2026-04-18 01:07:37,2022-12-13,2022-12-14,225.1903,891.25,25.27,29.97,2815.6,2785.6,246.821,4014.77,6951.82,-,-,-,E,-1.18,91.24,[]
Germany,DE,DE,2026-04-18 01:07:37,2022-12-14,2022-12-15,222.6382,891.25,24.98,23.7,2520.8,2497.1,246.821,4014.77,6879.82,-,-,-,E,-1.03,90.2,[]
Germany,DE,DE,2026-04-18 01:07:37,2022-12-15,2022-12-16,220.1245,891.25,24.7,25.18,2520.6,2495.4,246.821,4014.77,6879.82,-,-,-,E,-1.02,89.18,[]
Germany,DE,DE,2026-04-18 01:07:37,2022-12-16,2022-12-17,218.1419,891.25,24.48,35.89,1999.6,1963.8,246.821,4014.77,6879.82,-,-,-,E,-0.8,88.38,[]
Germany,DE,DE,2026-04-18 01:07:37,2022-12-17,2022-12-18,217.0151,891.25,24.35,89.79,1200.6,1110.8,246.821,4014.77,6879.82,-,-,-,E,-0.46,87.92,[]
Germany,DE,DE,2026-04-18 01:07:37,2022-12-18,2022-12-19,216.1712,891.25,24.25,167.33,992.8,825.4,246.821,4014.77,6879.82,-,-,-,E,-0.34,87.58,[]
Germany,DE,DE,2026-04-18 01:07:37,2022-12-19,2022-12-20,215.3947,891.25,24.17,107.1,865.5,758.4,246.821,4014.77,6879.82,-,-,-,E,-0.31,87.27,[]
Germany,DE,DE,2026-04-18 01:07:37,2022-12-20,2022-12-21,215.1198,891.25,24.14,181.71,424.3,242.6,246.821,4014.77,6879.82,-,-,-,E,-0.11,87.16,[]
Germany,DE,DE,2026-04-18 01:07:37,2022-12-21,2022-12-22,215.3738,891.25,24.17,533.73,263.2,-270.5,246.821,4014.77,6879.82,-,-,-,E,0.1,87.26,[]
Germany,DE,DE,2026-04-18 01:07:37,2022-12-22,2022-12-23,215.6934,891.25,24.2,573.14,249.2,-323.9,246.821,4014.77,6879.82,-,-,-,E,0.13,87.39,[]
Germany,DE,DE,2026-04-18 01:07:37,2022-12-23,2022-12-24,216.0808,891.25,24.24,614.14,235.2,-378.9,246.821,4254.77,6879.82,-,-,-,E,0.16,87.55,[]
Germany,DE,DE,2026-04-18 01:07:37,2022-12-24,2022-12-25,216.6888,891.25,24.31,946.97,45.3,-901.6,246.821,4254.77,6879.82,-,-,-,E,0.25,87.79,[]
Germany,DE,DE,2026-04-18 01:07:37,2022-12-25,2022-12-26,217.6148,891.25,24.42,966.54,44.3,-922.2,246.821,4254.77,6879.82,-,-,-,E,0.38,88.17,[]
Germany,DE,DE,2026-04-18 01:07:37,2022-12-26,2022-12-27,218.6323,891.25,24.53,1047.04,33.8,-1013.2,246.821,4254.77,6879.82,-,-,-,E,0.41,88.58,[]
Germany,DE,DE,2026-04-18 01:07:37,2022-12-27,2022-12-28,219.1666,891.25,24.59,718.6,183.6,-535.0,246.821,4254.77,6879.82,-,-,-,E,0.22,88.8,[]
Germany,DE,DE,2026-04-18 01:07:37,2022-12-28,2022-12-29,219.7236,891.25,24.65,702.11,139.6,-562.5,246.821,4254.77,6879.82,-,-,-,E,0.23,89.02,[]
Germany,DE,DE,2026-04-18 01:07:37,2022-12-29,2022-12-30,220.4184,891.25,24.73,910.29,117.0,-793.3,246.821,4254.77,6879.82,-,-,-,E,0.28,89.3,[]
Germany,DE,DE,2026-04-18 01:07:37,2022-12-30,2022-12-31,221.1339,891.25,24.81,884.72,172.2,-712.6,246.821,4254.77,6879.82,-,-,-,E,0.29,89.59,[]
Germany,DE,DE,2026-04-18 01:07:37,2022-12-31,2023-01-01,222.2195,891.25,24.93,1115.27,45.2,-1070.0,246.821,4254.77,6879.82,-,-,-,E,0.44,90.03,[]
Germany,DE,DE,2026-04-18 01:07:37,2023-01-01,2023-01-02,223.234,870.55,25.64,1067.47,79.3,-988.2,246.721,4254.77,6879.82,-,-,-,E,0.0,90.48,[]
Germany,DE,DE,2026-04-18 01:07:37,2023-01-02,2023-01-03,223.5196,870.55,25.68,540.38,120.4,-420.0,246.721,4254.77,6879.82,-,-,-,E,0.12,90.6,[]
Germany,DE,DE,2026-04-18 01:07:37,2023-01-03,2023-01-04,223.7199,870.55,25.7,435.3,282.0,-153.3,246.721,4254.77,6879.82,-,-,-,E,0.08,90.68,[]
Germany,DE,DE,2026-04-18 01:07:37,2023-01-04,2023-01-05,223.8157,870.55,25.71,312.36,226.3,-86.1,246.721,4254.77,6879.82,-,-,-,E,0.04,90.72,[]
Germany,DE,DE,2026-04-18 01:07:37,2023-01-05,2023-01-06,223.9545,870.55,25.73,325.39,193.9,-131.5,246.721,4254.77,6879.82,-,-,-,E,0.06,90.77,[]
Germany,DE,DE,2026-04-18 01:07:37,2023-01-06,2023-01-07,224.3486,870.55,25.77,509.76,122.9,-386.8,246.721,4254.77,6879.82,-,-,-,E,0.16,90.93,[]
Germany,DE,DE,2026-04-18 01:07:37,2023-01-07,2023-01-08,224.6707,870.55,25.81,441.0,119.8,-321.2,246.721,4254.77,6879.82,-,-,-,E,0.13,91.06,[]
Germany,DE,DE,2026-04-18 01:07:37,2023-01-08,2023-01-09,224.9258,870.55,25.84,377.66,130.8,-246.8,246.721,4254.77,6879.82,-,-,-,E,0.1,91.17,[]
Germany,DE,DE,2026-04-18 01:07:37,2023-01-09,2023-01-10,224.7104,870.55,25.81,112.78,343.8,231.0,246.721,4254.77,6879.82,-,-,-,E,-0.09,91.08,[]
Germany,DE,DE,2026-04-18 01:07:37,2023-01-10,2023-01-11,224.4645,870.55,25.78,130.38,370.7,240.3,246.721,4254.77,6879.82,-,-,-,E,-0.1,90.98,[]
Germany,DE,DE,2026-04-18 01:07:37,2023-01-11,2023-01-12,224.2625,870.55,25.76,92.51,292.8,200.3,247.2458,4254.77,6879.82,-,-,-,E,-0.08,90.7,[]
Germany,DE,DE,2026-04-18 01:07:37,2023-01-12,2023-01-13,224.0375,870.55,25.74,118.49,345.8,227.4,247.2458,4254.77,6879.82,-,-,-,E,-0.09,90.61,[]
Germany,DE,DE,2026-04-18 01:07:37,2023-01-13,2023-01-14,223.7579,870.55,25.7,114.95,397.2,282.3,247.2458,4254.77,6879.82,-,-,-,E,-0.11,90.5,[]
Germany,DE,DE,2026-04-18 01:07:37,2023-01-14,2023-01-15,223.6158,870.55,25.69,168.42,315.2,146.8,247.2458,4254.77,6879.82,-,-,-,E,-0.06,90.44,[]
Germany,DE,DE,2026-04-18 01:07:37,2023-01-15,2023-01-16,223.4096,870.55,25.66,131.7,349.1,217.4,247.2458,4254.77,6879.82,-,-,-,E,-0.08,90.36,[]
Germany,DE,DE,2026-04-18 01:07:37,2023-01-16,2023-01-17,222.1519,870.55,25.52,32.02,1283.8,1251.8,247.2458,4254.77,6879.82,-,-,-,E,-0.51,89.85,[]
Germany,DE,DE,2026-04-18 01:07:37,2023-01-17,2023-01-18,220.7793,870.55,25.36,47.83,1407.2,1359.4,247.2458,4254.77,6879.82,-,-,-,E,-0.56,89.3,[]
Germany,DE,DE,2026-04-18 01:07:37,2023-01-18,2023-01-19,219.251,870.55,25.19,31.98,1571.4,1539.4,247.2458,4254.77,6879.82,-,-,-,E,-0.62,88.68,[]
Germany,DE,DE,2026-04-18 01:07:37,2023-01-19,2023-01-20,217.3853,870.55,24.97,27.89,1892.4,1864.5,247.2458,4254.77,6879.82,-,-,-,E,-0.75,87.92,[]
Germany,DE,DE,2026-04-18 01:07:37,2023-01-20,2023-01-21,215.4106,870.55,24.74,29.51,1981.5,1952.0,247.2458,4254.77,6879.82,-,-,-,E,-0.8,87.12,[]
Germany,DE,DE,2026-04-18 01:07:37,2023-01-21,2023-01-22,213.8469,870.55,24.56,28.02,1568.7,1540.7,247.2458,4254.77,6879.82,-,-,-,E,-0.63,86.49,[]
Germany,DE,DE,2026-04-18 01:07:37,2023-01-22,2023-01-23,212.1688,870.55,24.37,23.44,1659.5,1636.0,247.2458,4254.77,6879.82,-,-,-,E,-0.68,85.81,[]
Germany,DE,DE,2026-04-18 01:07:37,2023-01-23,2023-01-24,209.7344,870.55,24.09,15.85,2556.1,2540.2,247.2458,4254.77,6879.82,-,-,-,E,-0.98,84.83,[]
Germany,DE,DE,2026-04-18 01:07:37,2023-01-24,2023-01-25,207.0987,870.55,23.79,28.78,2660.0,2631.2,247.2458,4254.77,6879.82,-,-,-,E,-1.07,83.76,[]
Germany,DE,DE,2026-04-18 01:07:37,2023-01-25,2023-01-26,204.6649,870.55,23.51,42.51,2466.2,2423.7,247.2458,4254.77,6879.82,-,-,-,E,-0.98,82.78,[]
Germany,DE,DE,2026-04-18 01:07:37,2023-01-26,2023-01-27,202.8968,870.55,23.31,37.42,2388.6,2351.2,247.2458,4254.77,6879.82,-,-,-,E,-0.72,82.06,[]
Germany,DE,DE,2026-04-18 01:07:37,2023-01-27,2023-01-28,200.3781,870.55,23.02,29.79,2533.6,2503.8,247.2458,4254.77,6879.82,-,-,-,E,-1.02,81.04,[]
Germany,DE,DE,2026-04-18 01:07:37,2023-01-28,2023-01-29,198.6093,870.55,22.81,55.35,1798.9,1743.5,247.2458,4254.77,6879.82,-,-,-,E,-0.72,80.33,[]
Germany,DE,DE,2026-04-18 01:07:37,2023-01-29,2023-01-30,197.1848,870.55,22.65,68.16,1454.0,1385.9,247.2458,4254.77,6879.82,-,-,-,E,-0.58,79.75,[]
Germany,DE,DE,2026-04-18 01:07:37,2023-01-30,2023-01-31,195.717,870.55,22.48,14.29,1470.3,1456.0,247.2458,4254.77,6879.82,-,-,-,E,-0.59,79.16,[]
Germany,DE,DE,2023-04-27 13:16:42,2023-01-31,2023-02-01,196.4778,870.55,22.57,34.53,1494.5,1460.0,249.5458,4274.47,6953.74,-,-,-,E,0.3,78.73,[]
Germany,DE,DE,2023-04-27 13:16:42,2023-02-01,2023-02-02,195.3531,870.55,22.44,72.19,1203.3,1131.1,249.5458,4274.47,6953.74,-,-,-,E,-0.45,78.28,[]
Germany,DE,DE,2023-04-27 13:16:42,2023-02-02,2023-02-03,194.3239,870.55,22.32,73.64,1092.1,1018.4,249.5458,4274.47,6953.74,-,-,-,E,-0.41,77.87,[]
Germany,DE,DE,2023-04-27 13:16:42,2023-02-03,2023-02-04,193.8201,870.55,22.26,67.26,562.9,495.7,249.5458,4274.47,6953.74,-,-,-,E,-0.2,77.67,[]
Germany,DE,DE,2023-04-27 13:16:42,2023-02-04,2023-02-05,193.1356,870.55,22.19,48.86,698.9,650.0,249.5458,4274.47,6953.74,-,-,-,E,-0.27,77.39,[]
Germany,DE,DE,2023-04-27 13:16:43,2023-02-05,2023-02-06,191.3835,870.55,21.98,34.46,790.9,756.4,247.5464,4220.47,6859.24,-,-,-,C,-0.71,77.31,[]
Germany,DE,DE,2023-04-27 13:16:43,2023-02-06,2023-02-07,190.6592,870.55,21.9,20.17,1825.9,1805.7,249.5458,4274.47,6953.74,-,-,-,C,-0.29,76.4,[]
Germany,DE,DE,2023-04-27 13:16:43,2023-02-07,2023-02-08,188.6905,870.55,21.67,50.69,2026.8,1976.1,249.5458,4274.47,6953.74,-,-,-,C,-0.79,75.61,[]
Germany,DE,DE,2023-04-27 13:16:43,2023-02-08,2023-02-09,186.8261,870.55,21.46,60.1,1906.4,1846.3,249.5458,4274.47,6953.74,-,-,-,C,-0.75,74.87,[]
Germany,DE,DE,2023-04-27 13:16:43,2023-02-09,2023-02-10,184.969,870.55,21.25,76.16,1915.7,1839.5,249.5458,4274.47,6953.74,-,-,-,C,-0.74,74.12,[]
Germany,DE,DE,2023-04-27 13:16:43,2023-02-10,2023-02-11,183.5439,870.55,21.08,78.6,1471.3,1392.7,249.5458,4274.47,6953.74,-,-,-,C,-0.57,73.55,[]
Germany,DE,DE,2023-04-27 13:16:43,2023-02-11,2023-02-12,182.8615,870.55,21.01,85.16,754.1,668.9,249.5458,4274.47,6953.74,-,-,-,C,-0.27,73.28,[]
Germany,DE,DE,2023-04-27 13:16:43,2023-02-12,2023-02-13,182.3889,870.55,20.95,138.42,604.6,466.2,249.5458,4274.47,6953.74,-,-,-,C,-0.19,73.09,[]
Germany,DE,DE,2023-04-27 13:16:43,2023-02-13,2023-02-14,181.3627,870.55,20.83,74.21,1084.9,1010.7,249.5458,4274.47,6953.74,-,-,-,C,-0.41,72.68,[]
Germany,DE,DE,2023-04-27 13:16:43,2023-02-14,2023-02-15,180.4852,870.55,20.73,26.6,896.3,869.7,249.5458,4274.47,6953.74,-,-,-,C,-0.35,72.33,[]
Germany,DE,DE,2023-04-27 13:16:43,2023-02-15,2023-02-16,179.741,870.55,20.65,60.87,792.9,732.0,249.5458,4274.47,6953.74,-,-,-,C,-0.3,72.03,[]
Germany,DE,DE,2023-04-27 13:16:43,2023-02-16,2023-02-17,179.0608,870.55,20.57,52.89,727.0,674.1,249.5458,4274.47,6953.74,-,-,-,C,-0.27,71.75,[]
Germany,DE,DE,2023-04-27 13:16:43,2023-02-17,2023-02-18,178.8927,870.55,20.55,217.85,390.3,172.4,249.5458,4274.47,6953.74,-,-,-,C,-0.07,71.69,[]
Germany,DE,DE,2023-04-27 13:16:43,2023-02-18,2023-02-19,179.0492,870.55,20.57,429.5,257.8,-171.7,249.5458,4274.47,6953.74,-,-,-,C,0.06,71.75,[]
Germany,DE,DE,2023-04-27 13:16:43,2023-02-19,2023-02-20,179.0737,870.55,20.57,273.39,253.7,-19.7,249.5458,4274.47,6953.74,-,-,-,C,0.01,71.76,[]
Germany,DE,DE,2023-04-27 13:16:43,2023-02-20,2023-02-21,178.8586,870.55,20.55,161.25,398.5,237.2,249.5458,4274.47,6953.74,-,-,-,C,-0.09,71.67,[]
Germany,DE,DE,2023-04-27 13:16:43,2023-02-21,2023-02-22,178.5026,870.55,20.5,131.98,494.2,362.2,249.5458,4274.47,6953.74,-,-,-,C,-0.14,71.53,[]
Germany,DE,DE,2023-04-27 13:16:43,2023-02-22,2023-02-23,177.9845,870.55,20.45,108.15,629.4,521.2,249.5458,4274.47,6953.74,-,-,-,C,-0.21,71.32,[]
Germany,DE,DE,2023-04-27 13:16:43,2023-02-23,2023-02-24,177.6602,870.55,20.41,167.54,493.6,326.1,249.5458,4274.47,6953.74,-,-,-,E,-0.13,71.19,[]
Germany,DE,DE,2023-04-27 13:16:43,2023-02-24,2023-02-25,177.2368,870.55,20.36,118.96,540.1,421.2,249.5458,4274.47,6953.74,-,-,-,C,-0.17,71.02,[]
Germany,DE,DE,2023-04-27 13:16:43,2023-02-25,2023-02-26,176.8711,870.55,20.32,115.22,478.4,363.2,249.5458,4274.47,6953.74,-,-,-,C,-0.15,70.88,[]
Germany,DE,DE,2023-04-27 13:16:43,2023-02-26,2023-02-27,176.2992,870.55,20.25,104.1,672.7,568.6,249.5458,4274.47,6953.74,-,-,-,C,-0.23,70.65,[]
Germany,DE,DE,2023-09-14 16:50:31,2023-02-27,2023-02-28,175.288,870.55,20.14,64.69,1533.0,1468.3,250.5135,4280.92,6969.87,249.0544,7.4451,-,C,-0.4,69.97,[]
Germany,DE,DE,2023-09-14 16:50:31,2023-02-28,2023-03-01,173.7778,870.55,19.96,69.07,1540.9,1471.8,250.5135,4280.92,6969.87,249.7398,6.7597,-,C,-0.6,69.37,[]
Germany,DE,DE,2023-09-14 16:50:31,2023-03-01,2023-03-02,172.2957,870.55,19.79,30.8,1536.5,1505.7,250.5135,4280.92,6969.87,249.0384,7.5183,-,C,-0.59,68.78,[]
Germany,DE,DE,2023-09-14 16:50:31,2023-03-02,2023-03-03,171.0288,870.55,19.65,40.23,1271.2,1230.9,250.5135,4280.92,6969.87,249.0384,7.5183,-,C,-0.51,68.27,[]
Germany,DE,DE,2023-09-14 16:50:31,2023-03-03,2023-03-04,169.8772,870.55,19.51,63.08,1176.4,1113.3,250.5135,4280.92,6969.87,249.0384,7.5183,-,C,-0.46,67.81,[]
Germany,DE,DE,2023-09-14 16:50:31,2023-03-04,2023-03-05,169.2774,870.55,19.44,42.51,608.9,566.4,250.5135,4280.92,6969.87,249.0384,7.5183,-,C,-0.24,67.57,[]
Germany,DE,DE,2023-09-14 16:50:31,2023-03-05,2023-03-06,168.4745,870.55,19.35,21.27,809.7,788.4,250.5135,4280.92,6969.87,249.0384,7.5183,-,C,-0.32,67.25,[]
Germany,DE,DE,2023-09-14 16:50:31,2023-03-06,2023-03-07,167.167,870.55,19.2,22.45,1317.6,1295.2,250.5135,4280.92,6969.87,249.6717,7.5183,-,C,-0.52,66.73,[]
Germany,DE,DE,2023-09-14 16:50:31,2023-03-07,2023-03-08,165.5131,870.55,19.01,29.12,1668.7,1639.6,250.5135,4280.92,6969.87,251.11,-3.9087,-,C,-0.66,66.07,[]
Germany,DE,DE,2023-09-14 16:50:31,2023-03-08,2023-03-09,163.6934,870.55,18.8,30.42,1878.8,1848.4,250.5135,4280.92,6969.87,251.11,-3.9087,-,C,-0.73,65.34,[]
Germany,DE,DE,2023-09-14 16:50:31,2023-03-09,2023-03-10,162.475,870.55,18.66,50.39,1229.6,1179.3,250.5135,4280.92,6969.87,251.11,-3.9087,-,C,-0.49,64.86,[]
Germany,DE,DE,2023-09-14 16:50:31,2023-03-10,2023-03-11,161.7527,870.55,18.58,31.57,728.9,697.3,250.5135,4280.92,6969.87,251.11,-3.9087,-,C,-0.29,64.57,[]
Germany,DE,DE,2023-09-14 16:50:31,2023-03-11,2023-03-12,161.1358,870.55,18.51,68.06,673.9,605.9,250.5135,4280.92,6969.87,251.11,-3.9087,-,C,-0.25,64.32,[]
Germany,DE,DE,2023-09-14 16:50:31,2023-03-12,2023-03-13,160.7129,870.55,18.46,115.41,514.9,399.5,250.5135,4280.92,6969.87,251.11,-3.9087,-,C,-0.17,64.15,[]
Germany,DE,DE,2023-09-14 16:50:31,2023-03-13,2023-03-14,160.6807,870.55,18.46,252.47,295.8,43.4,250.5135,4280.92,6969.87,251.11,-3.9087,-,C,-0.01,64.14,[]
Germany,DE,DE,2023-09-14 16:50:31,2023-03-14,2023-03-15,160.4223,870.55,18.43,121.99,372.0,250.0,250.5135,4280.92,6969.87,251.11,-3.9087,-,C,-0.1,64.04,[]
Germany,DE,DE,2023-09-14 16:50:31,2023-03-15,2023-03-16,159.8361,870.55,18.36,72.44,641.0,568.6,250.5135,4280.92,6969.87,251.3343,-4.133,-,C,-0.23,63.8,[]
Germany,DE,DE,2023-09-14 16:50:31,2023-03-16,2023-03-17,159.3926,870.55,18.31,76.29,504.4,428.1,250.5135,4280.92,6969.87,251.3343,-4.133,-,C,-0.18,63.63,[]
Germany,DE,DE,2023-09-14 16:50:31,2023-03-17,2023-03-18,159.2827,870.55,18.3,191.4,298.9,107.5,250.5135,4280.92,6969.87,251.3343,-4.133,-,C,-0.04,63.58,[]
Germany,DE,DE,2023-09-14 16:50:31,2023-03-18,2023-03-19,159.7567,870.55,18.35,511.29,141.0,-370.3,250.5135,4280.92,6969.87,251.3343,-4.133,-,C,0.19,63.77,[]
Germany,DE,DE,2023-09-14 16:50:32,2023-03-19,2023-03-20,160.0289,870.55,18.38,403.85,131.2,-272.7,250.5135,4280.92,6969.87,251.3343,-4.133,-,C,0.11,63.88,[]
Germany,DE,DE,2023-09-14 16:50:32,2023-03-20,2023-03-21,159.8124,870.55,18.36,104.3,237.8,133.5,250.5135,4280.92,6969.87,251.3343,-4.133,-,C,-0.09,63.79,[]
Germany,DE,DE,2023-09-14 16:50:32,2023-03-21,2023-03-22,159.8384,870.55,18.36,190.91,169.1,-21.8,250.5135,4280.92,6969.87,251.3343,-4.133,-,C,0.01,63.8,[]
Germany,DE,DE,2023-09-14 16:50:32,2023-03-22,2023-03-23,160.042,870.55,18.38,380.65,187.7,-193.0,250.5135,4280.92,6969.87,251.3343,-4.133,-,C,0.08,63.89,[]
Germany,DE,DE,2023-09-14 16:50:32,2023-03-23,2023-03-24,160.4206,870.55,18.43,537.41,169.6,-367.8,250.5135,4280.92,6969.87,251.3343,-4.133,-,C,0.15,64.04,[]
Germany,DE,DE,2023-09-14 16:50:32,2023-03-24,2023-03-25,160.8431,870.55,18.48,557.71,141.6,-416.1,250.5135,4279.47,6967.76,251.3343,-4.133,-,C,0.17,64.21,[]
Germany,DE,DE,2023-09-14 16:50:32,2023-03-25,2023-03-26,161.2513,870.55,18.52,557.95,160.3,-397.7,250.5135,4206.33,6832.8,251.3343,-4.133,-,E,0.16,64.37,[]
Germany,DE,DE,2023-09-14 16:50:32,2023-03-26,2023-03-27,161.4091,870.55,18.54,334.72,198.8,-135.9,250.5135,4280.92,6969.87,251.3343,-4.133,-,E,0.06,64.43,[]
Germany,DE,DE,2023-09-14 16:50:32,2023-03-27,2023-03-28,160.9654,870.55,18.49,57.67,497.8,440.1,250.5135,4280.92,6969.87,251.3343,-4.133,-,E,-0.18,64.25,[]
Germany,DE,DE,2023-09-14 16:50:32,2023-03-28,2023-03-29,160.543,870.55,18.44,64.41,512.7,448.3,250.5135,4280.92,6969.87,251.3343,-4.133,-,C,-0.17,64.09,[]
Germany,DE,DE,2023-09-14 16:50:32,2023-03-29,2023-03-30,160.4226,870.55,18.43,74.53,190.6,116.1,250.5135,4280.92,6969.87,251.3343,-4.133,-,C,-0.05,64.04,[]
Germany,DE,DE,2023-09-14 16:50:32,2023-03-30,2023-03-31,160.5456,870.55,18.44,216.46,77.8,-138.7,250.5135,4280.92,6969.87,251.3343,-4.133,-,C,0.05,64.09,[]
Germany,DE,DE,2023-09-14 16:50:32,2023-03-31,2023-04-01,160.6135,870.55,18.45,282.45,112.4,-170.1,250.5135,4280.92,6969.87,254.8623,-7.661,-,C,0.03,64.11,[]
Germany,DE,DE,2023-09-14 16:50:32,2023-04-01,2023-04-02,161.1134,870.55,18.51,460.99,37.9,-423.1,250.1075,4283.24,6929.88,237.829,-0.8299,-,E,0.2,64.42,[]
Germany,DE,DE,2023-09-14 16:50:32,2023-04-02,2023-04-03,161.1839,870.55,18.52,261.53,186.5,-75.0,250.1075,4283.24,6929.88,237.229,-0.2299,-,E,0.03,64.45,[]
Germany,DE,DE,2023-09-14 16:50:32,2023-04-03,2023-04-04,160.8686,870.55,18.48,97.8,404.2,306.4,249.9965,4283.24,6929.88,237.118,-0.2299,-,E,-0.13,64.35,[]
Germany,DE,DE,2023-09-14 16:50:32,2023-04-04,2023-04-05,160.3132,870.55,18.42,52.56,600.6,548.0,249.9965,4283.24,6929.88,247.3127,-4.3608,-,C,-0.22,64.13,[]
Germany,DE,DE,2023-09-14 16:50:32,2023-04-05,2023-04-06,159.7984,870.55,18.36,92.87,628.2,535.3,250.1435,4284.92,6931.78,245.4597,-2.3608,-,C,-0.21,63.88,[]
Germany,DE,DE,2023-09-14 16:50:32,2023-04-06,2023-04-07,159.5402,870.55,18.33,92.32,332.1,239.8,250.1435,4284.92,6931.78,245.4597,-2.3608,-,C,-0.1,63.78,[]
Germany,DE,DE,2023-09-14 16:50:32,2023-04-07,2023-04-08,159.4944,870.55,18.32,173.59,204.0,30.4,250.1435,4284.92,6931.78,235.265,1.7701,-,C,-0.02,63.76,[]
Germany,DE,DE,2023-09-14 16:50:32,2023-04-08,2023-04-09,159.6689,870.55,18.34,311.47,105.6,-205.9,250.1435,4284.92,6931.78,235.215,1.8201,-,C,0.07,63.83,[]
Germany,DE,DE,2023-09-14 16:50:32,2023-04-09,2023-04-10,160.2362,870.55,18.41,609.6,15.0,-594.6,250.1435,4284.92,6931.78,235.215,1.8201,-,C,0.23,64.06,[]
Germany,DE,DE,2023-09-14 16:50:32,2023-04-10,2023-04-11,160.9091,870.55,18.48,689.25,9.7,-679.6,250.1435,4284.92,6931.78,235.215,1.8201,-,C,0.27,64.33,[]
Germany,DE,DE,2023-09-14 16:50:32,2023-04-11,2023-04-12,161.233,870.55,18.52,326.01,17.8,-308.2,250.1435,4284.92,6931.78,235.215,1.8201,-,C,0.13,64.46,[]
Germany,DE,DE,2023-09-14 16:50:32,2023-04-12,2023-04-13,161.3577,870.55,18.54,297.04,157.1,-139.9,250.1435,4284.92,6931.78,235.2174,6.1114,-,C,0.05,64.51,[]
Germany,DE,DE,2023-09-14 16:50:32,2023-04-13,2023-04-14,161.1541,870.55,18.51,106.31,315.9,209.6,250.1435,4284.92,6931.78,235.2174,6.1114,-,C,-0.08,64.42,[]
Germany,DE,DE,2023-09-14 16:50:32,2023-04-14,2023-04-15,161.1747,870.55,18.51,155.7,141.2,-14.5,250.1435,4284.92,6931.78,235.9056,6.1114,-,C,0.01,64.43,[]
Germany,DE,DE,2023-09-14 16:50:32,2023-04-15,2023-04-16,161.3864,870.55,18.54,280.29,66.2,-214.1,250.1435,4284.92,6931.78,235.989,6.028,-,C,0.08,64.52,[]
Germany,DE,DE,2023-09-14 16:50:32,2023-04-16,2023-04-17,161.4858,870.55,18.55,226.51,134.4,-92.1,250.1435,4284.92,6931.78,235.989,6.028,-,C,0.04,64.56,[]
Germany,DE,DE,2023-09-14 16:50:32,2023-04-17,2023-04-18,161.4434,870.55,18.54,139.38,184.6,45.2,250.1435,4284.92,6931.78,235.989,6.028,-,C,-0.02,64.54,[]
Germany,DE,DE,2023-09-14 16:50:32,2023-04-18,2023-04-19,161.5358,870.55,18.56,153.61,72.3,-81.3,250.1435,4284.92,6931.78,235.989,6.028,-,C,0.04,64.58,[]
Germany,DE,DE,2023-09-14 16:50:32,2023-04-19,2023-04-20,161.6345,870.55,18.57,212.38,128.9,-83.5,250.1435,4284.92,6931.78,235.989,6.028,-,C,0.04,64.62,[]
Germany,DE,DE,2023-09-14 16:50:32,2023-04-20,2023-04-21,161.6085,870.55,18.56,116.51,152.6,36.1,250.1435,4284.92,6931.78,235.989,6.028,-,C,-0.01,64.61,[]
Germany,DE,DE,2023-09-14 16:50:32,2023-04-21,2023-04-22,161.7955,870.55,18.59,271.5,97.2,-174.3,250.1435,4284.92,6931.78,235.989,6.028,-,C,0.07,64.68,[]
Germany,DE,DE,2023-09-14 16:50:32,2023-04-22,2023-04-23,162.7238,870.55,18.69,945.72,19.6,-926.1,250.1435,4284.92,6931.78,235.989,6.028,-,C,0.37,65.05,[]
Germany,DE,DE,2023-09-14 16:50:32,2023-04-23,2023-04-24,163.7254,870.55,18.81,1007.24,23.1,-984.1,250.1435,4284.92,6931.78,235.989,6.028,-,C,0.4,65.45,[]
Germany,DE,DE,2023-09-14 16:50:32,2023-04-24,2023-04-25,164.457,870.55,18.89,756.94,26.9,-730.1,250.1435,4284.92,6931.78,235.989,6.028,-,C,0.29,65.75,[]
Germany,DE,DE,2023-09-14 16:50:32,2023-04-25,2023-04-26,164.911,870.55,18.94,497.9,41.5,-456.4,250.1435,4284.92,6931.78,235.989,6.028,-,C,0.18,65.93,[]
Germany,DE,DE,2023-09-14 16:50:32,2023-04-26,2023-04-27,164.7509,870.55,18.92,74.67,245.9,171.2,250.1435,4284.92,6931.78,235.989,6.028,-,C,-0.06,65.86,[]
Germany,DE,DE,2023-09-14 16:50:32,2023-04-27,2023-04-28,164.8622,870.55,18.94,184.76,85.9,-98.9,250.1435,4284.92,6931.78,235.989,6.028,-,C,0.04,65.91,[]
Germany,DE,DE,2023-09-14 16:50:32,2023-04-28,2023-04-29,165.3186,870.55,18.99,528.99,24.3,-504.7,250.1435,4284.92,6931.78,235.989,6.028,-,C,0.18,66.09,[]
Germany,DE,DE,2023-09-14 16:50:32,2023-04-29,2023-04-30,166.2009,870.55,19.09,893.15,7.2,-886.0,250.1435,4284.92,6931.78,235.989,6.028,-,C,0.35,66.44,[]
Germany,DE,DE,2023-09-14 16:50:32,2023-04-30,2023-05-01,167.1665,870.55,19.2,971.36,2.6,-968.8,250.1435,4284.92,6931.78,235.989,6.028,-,C,0.39,66.83,[]
Germany,DE,DE,2023-09-14 16:50:32,2023-05-01,2023-05-02,167.9701,870.55,19.29,816.83,7.8,-809.0,250.1435,4284.92,6931.78,236.1395,5.8775,-,C,0.32,67.15,[]
Germany,DE,DE,2023-09-14 16:50:32,2023-05-02,2023-05-03,168.2728,870.55,19.33,349.82,53.7,-296.1,250.1435,4284.92,6931.78,236.1395,5.8775,-,E,0.12,67.27,[]
Germany,DE,DE,2023-09-14 16:50:32,2023-05-03,2023-05-04,168.5147,870.55,19.36,329.35,82.8,-246.5,250.1435,4284.92,6931.78,236.1395,5.8775,-,E,0.1,67.37,[]
Germany,DE,DE,2023-09-14 16:50:32,2023-05-04,2023-05-05,168.139,870.55,19.31,551.24,925.7,374.5,250.4235,4284.92,6931.78,236.4195,5.8775,-,C,-0.15,67.14,[]
Germany,DE,DE,2023-09-14 16:50:32,2023-05-05,2023-05-06,168.7797,870.55,19.39,638.78,2.1,-636.7,250.4235,4284.92,6931.78,236.4195,5.8775,-,C,0.26,67.4,[]
Germany,DE,DE,2023-09-14 16:50:32,2023-05-06,2023-05-07,169.6552,870.55,19.49,909.62,12.0,-897.6,250.4235,4284.92,6931.78,236.4195,5.8775,-,C,0.35,67.75,[]
Germany,DE,DE,2023-09-14 16:50:32,2023-05-07,2023-05-08,170.588,870.55,19.6,958.8,13.0,-945.8,250.4235,4284.92,6931.78,236.4195,5.8775,-,C,0.37,68.12,[]
Germany,DE,DE,2023-09-14 16:50:32,2023-05-08,2023-05-09,171.4598,870.55,19.7,880.27,31.5,-848.7,250.4235,4284.92,6931.78,236.4195,5.8775,-,E,0.35,68.47,[]
Germany,DE,DE,2023-09-14 16:50:32,2023-05-09,2023-05-10,171.8383,870.55,19.74,428.08,47.0,-381.1,250.3768,4284.92,6931.78,236.3728,5.8775,-,C,0.15,68.63,[]
Germany,DE,DE,2023-09-14 16:50:33,2023-05-10,2023-05-11,172.1873,870.55,19.78,381.1,36.0,-345.1,250.3768,4284.92,6931.78,236.3728,5.8775,-,C,0.14,68.77,[]
Germany,DE,DE,2023-09-14 16:50:33,2023-05-11,2023-05-12,172.5741,870.55,19.82,414.39,26.8,-387.6,250.3768,4284.92,6931.78,236.3728,5.8775,-,C,0.15,68.93,[]
Germany,DE,DE,2023-09-14 16:50:33,2023-05-12,2023-05-13,173.1628,870.55,19.89,778.13,11.1,-767.0,250.3768,4284.92,6931.78,236.3728,5.8775,-,C,0.24,69.16,[]
Germany,DE,DE,2023-09-14 16:50:33,2023-05-13,2023-05-14,174.2352,870.55,20.01,1100.32,26.2,-1074.1,250.3768,4284.92,6931.78,236.403,5.8473,-,C,0.43,69.59,[]
Germany,DE,DE,2023-09-14 16:50:33,2023-05-14,2023-05-15,175.3534,870.55,20.14,1121.93,2.3,-1119.7,250.356,4284.92,6931.78,236.3822,5.8473,-,C,0.45,70.04,[]
Germany,DE,DE,2023-09-14 16:50:33,2023-05-15,2023-05-16,176.0514,870.55,20.22,699.43,8.1,-691.4,250.356,4284.92,6931.78,236.3822,5.8473,-,C,0.28,70.32,[]
Germany,DE,DE,2023-09-14 16:50:33,2023-05-16,2023-05-17,176.7021,870.55,20.3,479.9,49.4,-430.5,250.5784,4284.92,6931.78,236.352,6.0999,-,C,0.26,70.52,[]
Germany,DE,DE,2023-09-14 16:50:33,2023-05-17,2023-05-18,177.0498,870.55,20.34,651.52,316.3,-335.2,250.5784,4284.92,6931.78,236.4557,5.9962,-,C,0.14,70.66,[]
Germany,DE,DE,2023-09-14 16:50:33,2023-05-18,2023-05-19,177.6699,870.55,20.41,688.01,22.2,-665.8,250.5784,4284.92,6931.78,236.7357,5.7162,-,C,0.25,70.9,[]
Germany,DE,DE,2023-09-14 16:50:33,2023-05-19,2023-05-20,178.4618,870.55,20.5,794.33,2.0,-792.3,250.5784,4284.92,6931.78,236.7357,5.7162,-,C,0.32,71.22,[]
Germany,DE,DE,2023-09-14 16:50:33,2023-05-20,2023-05-21,179.644,870.55,20.64,1188.37,5.8,-1182.5,250.5784,4284.92,6931.78,236.7357,5.7162,-,C,0.47,71.69,[]
Germany,DE,DE,2023-09-14 16:50:33,2023-05-21,2023-05-22,180.9878,870.55,20.79,1340.79,0.2,-1340.5,250.5784,4284.92,6931.78,236.7357,5.7162,-,C,0.54,72.23,[]
Germany,DE,DE,2023-09-14 16:50:33,2023-05-22,2023-05-23,181.6074,870.55,20.86,607.92,41.5,-566.4,250.5784,4284.92,6931.78,236.7357,5.7162,-,C,0.25,72.48,[]
Germany,DE,DE,2023-09-14 16:50:33,2023-05-23,2023-05-24,182.121,870.55,20.92,588.71,67.9,-520.8,250.5784,4284.92,6931.78,236.7055,5.7464,-,C,0.2,72.68,[]
Germany,DE,DE,2023-09-14 16:50:33,2023-05-24,2023-05-25,182.4761,870.55,20.96,432.85,78.8,-354.1,250.5784,4284.92,6931.78,236.7055,5.7464,-,C,0.14,72.82,[]
Germany,DE,DE,2023-09-14 16:50:33,2023-05-25,2023-05-26,182.7819,870.55,21.0,404.53,97.7,-306.9,250.5784,4284.92,6931.78,236.7055,5.7464,-,C,0.12,72.94,[]
Germany,DE,DE,2023-09-14 16:50:33,2023-05-26,2023-05-27,183.5432,870.55,21.08,794.63,28.8,-765.8,250.5784,4284.92,6931.78,236.7055,5.7464,-,C,0.3,73.25,[]
Germany,DE,DE,2023-09-14 16:50:33,2023-05-27,2023-05-28,184.6518,870.55,21.21,965.63,5.8,-959.8,250.5784,4284.92,6931.78,247.1414,1.3743,-,C,0.44,73.69,[]
Germany,DE,DE,2023-09-14 16:50:33,2023-05-28,2023-05-29,185.475,870.55,21.31,1090.48,14.9,-1075.6,250.5784,4284.92,6931.78,236.7055,5.7464,-,C,0.33,74.02,[]
Germany,DE,DE,2023-09-14 16:50:33,2023-05-29,2023-05-30,186.2252,870.55,21.39,871.89,15.6,-856.3,250.5784,4284.92,6931.78,236.7055,5.7464,-,E,0.3,74.32,[]
Germany,DE,DE,2023-09-14 16:50:33,2023-05-30,2023-05-31,187.0818,870.55,21.49,636.13,13.3,-622.8,250.5784,4284.92,6931.78,236.8023,5.6496,-,C,0.34,74.66,[]
Germany,DE,DE,2023-09-14 16:50:33,2023-05-31,2023-06-01,187.3884,870.55,21.53,533.98,25.7,-508.3,249.8902,4284.57,6931.22,236.1141,5.6496,-,C,0.12,74.99,[]
Germany,DE,DE,2026-04-18 04:29:57,2023-06-01,2023-06-02,187.8107,870.55,21.57,465.92,43.6,-422.3,249.8902,4284.57,6931.22,236.4597,5.304,-,E,0.17,75.16,[]
Germany,DE,DE,2023-09-14 16:50:33,2023-06-02,2023-06-03,188.4882,870.55,21.65,497.28,24.6,-472.7,250.8004,4285.02,6931.78,237.3699,5.304,-,C,0.27,75.15,[]
Germany,DE,DE,2023-09-14 16:50:33,2023-06-03,2023-06-04,189.1701,870.55,21.73,690.23,8.3,-681.9,250.8004,4286.17,6931.78,237.3699,5.304,-,C,0.27,75.43,[]
Germany,DE,DE,2023-09-14 16:50:33,2023-06-04,2023-06-05,189.8525,870.55,21.81,688.83,23.6,-665.2,250.8004,4286.17,6931.78,237.3699,5.304,-,C,0.27,75.7,[]
Germany,DE,DE,2023-09-14 16:50:33,2023-06-05,2023-06-06,190.2449,870.55,21.85,431.14,33.4,-397.7,250.8206,4255.3,6791.75,240.8745,1.8197,-,C,0.16,75.85,[]
Germany,DE,DE,2023-09-14 16:50:33,2023-06-06,2023-06-07,190.5461,870.55,21.89,350.16,47.3,-302.8,250.8206,4255.3,6798.87,240.8745,1.8197,-,C,0.12,75.97,[]
Germany,DE,DE,2023-09-14 16:50:33,2023-06-07,2023-06-08,190.7325,870.55,21.91,227.4,46.0,-181.4,250.8206,4255.3,6798.87,240.8745,1.8197,-,C,0.07,76.04,[]
Germany,DE,DE,2023-09-14 16:50:33,2023-06-08,2023-06-09,191.1828,870.55,21.96,461.64,4.8,-456.8,250.8206,4255.3,6798.87,240.8745,1.8197,-,C,0.18,76.22,[]
Germany,DE,DE,2023-09-14 16:50:33,2023-06-09,2023-06-10,191.7343,870.55,22.02,560.57,9.5,-551.1,250.8206,4265.65,6811.64,240.8745,1.8197,-,C,0.22,76.44,[]
Germany,DE,DE,2023-09-14 16:50:33,2023-06-10,2023-06-11,192.6374,870.55,22.13,909.45,6.9,-902.6,250.8206,4270.01,6811.64,240.8745,1.8197,-,C,0.36,76.8,[]
Germany,DE,DE,2023-09-14 16:50:33,2023-06-11,2023-06-12,193.5399,870.55,22.23,909.87,6.8,-903.1,250.8206,4270.01,6811.64,240.8745,1.8197,-,C,0.36,77.16,[]
Germany,DE,DE,2023-09-14 16:50:33,2023-06-12,2023-06-13,194.0962,870.55,22.3,627.33,71.0,-556.3,250.8206,4270.01,6811.64,240.8745,1.8197,-,C,0.22,77.38,[]
Germany,DE,DE,2023-09-14 16:50:33,2023-06-13,2023-06-14,194.7415,870.55,22.37,582.83,4.4,-578.4,250.8206,4265.64,6811.64,240.8745,1.8197,-,C,0.26,77.64,[]
Germany,DE,DE,2023-09-14 16:50:33,2023-06-14,2023-06-15,195.1609,870.55,22.42,455.46,37.5,-418.0,250.8206,4265.64,6811.64,240.8745,1.8197,-,C,0.17,77.81,[]
Germany,DE,DE,2023-09-14 16:50:33,2023-06-15,2023-06-16,195.477,870.55,22.45,344.04,28.7,-315.4,250.8206,4265.64,6811.64,240.8745,1.8197,-,C,0.13,77.93,[]
Germany,DE,DE,2023-09-14 16:50:33,2023-06-16,2023-06-17,195.9238,870.55,22.51,467.32,20.6,-446.8,250.8206,4265.64,6811.64,240.8745,1.8197,-,C,0.18,78.11,[]
Germany,DE,DE,2023-09-14 16:50:33,2023-06-17,2023-06-18,196.4765,870.55,22.57,646.65,93.9,-552.7,250.8206,4265.64,6811.64,240.8745,1.8197,-,C,0.22,78.33,[]
Germany,DE,DE,2023-09-14 16:50:33,2023-06-18,2023-06-19,197.3132,870.55,22.67,842.92,6.2,-836.7,250.8206,4265.64,6811.64,240.8745,1.8197,-,C,0.33,78.67,[]
Germany,DE,DE,2023-09-14 16:50:33,2023-06-19,2023-06-20,197.6774,870.55,22.71,385.24,21.1,-364.1,250.8206,4265.64,6811.64,240.8745,1.8197,-,C,0.15,78.81,[]
Germany,DE,DE,2023-09-14 16:50:33,2023-06-20,2023-06-21,197.9206,870.55,22.74,275.97,29.1,-246.9,250.8206,4265.64,6811.64,240.8745,1.8197,-,C,0.1,78.91,[]
Germany,DE,DE,2023-09-14 16:50:33,2023-06-21,2023-06-22,198.0403,870.55,22.75,225.49,105.8,-119.7,250.8206,4265.64,6811.64,240.8745,1.8197,-,C,0.05,78.96,[]
Germany,DE,DE,2023-09-14 16:50:34,2023-06-22,2023-06-23,198.0557,870.55,22.75,100.43,85.0,-15.4,250.8206,4265.64,6811.64,240.8745,1.8197,-,C,0.01,78.96,[]
Germany,DE,DE,2023-09-14 16:50:34,2023-06-23,2023-06-24,198.2859,870.55,22.78,249.1,18.9,-230.2,250.8206,4265.64,6811.64,240.9353,1.7589,-,C,0.09,79.05,[]
Germany,DE,DE,2023-09-14 16:50:34,2023-06-24,2023-06-25,199.0265,870.55,22.86,746.22,5.6,-740.6,250.8206,4265.64,6811.64,240.9409,1.7533,-,C,0.3,79.35,[]
Germany,DE,DE,2023-09-14 16:50:34,2023-06-25,2023-06-26,199.7249,870.55,22.94,718.61,20.2,-698.4,250.8206,4265.64,6811.64,240.9466,1.7476,-,C,0.28,79.63,[]
Germany,DE,DE,2023-09-14 16:50:34,2023-06-26,2023-06-27,200.2198,870.55,23.0,533.79,38.9,-494.9,250.8206,4265.64,6811.64,240.9522,1.742,-,C,0.2,79.83,[]
Germany,DE,DE,2023-09-14 16:50:34,2023-06-27,2023-06-28,200.4089,870.55,23.02,227.56,38.2,-189.3,250.8206,4265.64,6811.64,240.9578,1.7363,-,C,0.08,79.9,[]
Germany,DE,DE,2023-09-14 16:50:34,2023-06-28,2023-06-29,200.4393,870.55,23.02,102.72,72.3,-30.4,250.8206,4265.64,6811.64,240.9635,1.7307,-,C,0.01,79.91,[]
Germany,DE,DE,2023-09-14 16:50:34,2023-06-29,2023-06-30,200.5013,870.55,23.03,118.75,56.7,-62.0,250.8206,4265.64,6811.64,241.4191,1.2751,-,C,0.02,79.94,[]
Germany,DE,DE,2023-09-14 16:50:34,2023-06-30,2023-07-01,200.7565,870.55,23.06,276.85,21.7,-255.2,250.8206,4265.64,6811.64,241.4248,1.2694,-,C,0.1,80.04,[]
Germany,DE,DE,2023-09-14 16:50:34,2023-07-01,2023-07-02,201.6252,870.55,23.16,901.99,23.9,-878.1,250.7718,4265.64,6811.64,241.3759,1.2694,-,C,0.35,80.4,[]
Germany,DE,DE,2023-09-14 16:50:34,2023-07-02,2023-07-03,202.477,870.55,23.26,878.59,23.4,-855.2,250.7718,4265.64,6811.64,241.3759,1.2694,-,C,0.34,80.74,[]
Germany,DE,DE,2023-09-14 16:50:34,2023-07-03,2023-07-04,203.1663,870.55,23.34,695.63,17.5,-678.2,250.7718,4265.64,6811.64,241.3759,1.2694,-,C,0.27,81.02,[]
Germany,DE,DE,2023-09-14 16:50:34,2023-07-04,2023-07-05,203.4614,870.55,23.37,316.52,22.2,-294.3,250.9968,4265.64,6811.64,241.3759,1.4945,-,C,0.12,81.06,[]
Germany,DE,DE,2023-09-14 16:50:34,2023-07-05,2023-07-06,203.9934,870.55,23.43,540.36,8.4,-532.0,250.9968,4265.64,6811.64,241.1509,1.7195,-,C,0.21,81.27,[]
Germany,DE,DE,2023-09-14 16:50:34,2023-07-06,2023-07-07,204.3586,870.55,23.47,370.82,5.6,-365.2,250.9968,4265.64,6811.64,241.2709,1.7045,-,C,0.15,81.42,[]
Germany,DE,DE,2023-09-14 16:50:34,2023-07-07,2023-07-08,204.979,870.55,23.55,623.41,3.0,-620.4,250.9968,4265.64,6811.64,241.2709,1.7045,-,C,0.25,81.67,[]
Germany,DE,DE,2023-09-14 16:50:34,2023-07-08,2023-07-09,205.8815,870.55,23.65,916.14,0.3,-915.8,250.9968,4265.64,6811.64,241.2709,1.7045,-,C,0.36,82.03,[]
Germany,DE,DE,2023-09-14 16:50:34,2023-07-09,2023-07-10,206.7314,870.55,23.75,848.3,5.1,-843.2,250.9968,4265.64,6811.64,241.2709,1.7045,-,C,0.34,82.36,[]
Germany,DE,DE,2023-09-14 16:50:34,2023-07-10,2023-07-11,207.1539,870.55,23.8,423.97,20.3,-403.7,250.1909,4265.64,6811.64,241.2709,1.2911,-,C,0.17,82.8,[]
Germany,DE,DE,2023-09-14 16:50:34,2023-07-11,2023-07-12,207.5016,870.55,23.84,361.52,13.8,-347.7,250.1909,4265.64,6811.64,241.2709,1.2911,-,C,0.14,82.94,[]
Germany,DE,DE,2023-09-14 16:50:34,2023-07-12,2023-07-13,207.8737,870.55,23.88,391.37,11.6,-379.8,250.1909,4265.64,6811.64,241.2709,1.2911,-,C,0.15,83.09,[]
Germany,DE,DE,2023-09-14 16:50:34,2023-07-13,2023-07-14,208.2805,870.55,23.93,410.69,9.1,-401.5,250.2086,4265.64,6811.64,241.2709,1.3088,-,C,0.16,83.24,[]
Germany,DE,DE,2023-09-14 16:50:34,2023-07-14,2023-07-15,208.8425,870.55,23.99,570.33,8.3,-562.0,250.2086,4265.64,6811.64,241.2709,1.3088,-,C,0.22,83.47,[]
Germany,DE,DE,2023-09-14 16:50:34,2023-07-15,2023-07-16,209.8017,870.55,24.1,991.77,4.8,-987.0,250.2086,4265.64,6811.64,241.2709,1.3088,-,C,0.38,83.85,[]
Germany,DE,DE,2023-09-14 16:50:34,2023-07-16,2023-07-17,210.8091,870.55,24.22,1009.26,5.7,-1003.5,250.2086,4265.64,6811.64,241.2709,1.3088,-,C,0.4,84.25,[]
Germany,DE,DE,2023-09-14 16:50:34,2023-07-17,2023-07-18,211.3989,870.55,24.28,622.97,11.8,-611.2,250.2086,4265.64,6811.64,237.1472,5.4325,-,C,0.24,84.49,[]
Germany,DE,DE,2023-09-14 16:50:34,2023-07-18,2023-07-19,211.842,870.55,24.33,445.99,4.2,-441.8,250.2086,4265.64,6811.64,237.1472,5.4325,-,C,0.18,84.67,[]
Germany,DE,DE,2023-09-14 16:50:34,2023-07-19,2023-07-20,212.2197,870.55,24.38,406.77,27.3,-379.4,250.2086,4265.64,6811.64,237.1472,5.4325,-,E,0.15,84.82,[]
Germany,DE,DE,2023-09-14 16:50:34,2023-07-20,2023-07-21,212.5255,870.55,24.41,308.23,18.0,-290.3,250.3326,4267.28,6811.64,242.135,1.4328,-,C,0.12,84.9,[]
Germany,DE,DE,2023-09-14 16:50:34,2023-07-21,2023-07-22,212.9313,870.55,24.46,417.14,9.1,-408.0,250.3326,4267.28,6811.64,242.135,1.4328,-,C,0.16,85.06,[]
Germany,DE,DE,2023-09-14 16:50:34,2023-07-22,2023-07-23,213.8251,870.55,24.56,934.14,12.3,-921.9,250.3326,4267.28,6811.64,242.135,1.4328,-,C,0.36,85.42,[]
Germany,DE,DE,2023-09-14 16:50:34,2023-07-23,2023-07-24,214.7982,870.55,24.67,975.59,2.6,-973.0,250.3326,4267.28,6811.64,242.135,1.4328,-,C,0.39,85.81,[]
Germany,DE,DE,2023-09-14 16:50:34,2023-07-24,2023-07-25,215.3522,870.55,24.74,534.8,1.5,-533.3,250.3326,4267.28,6811.64,242.135,1.4328,-,C,0.22,86.03,[]
Germany,DE,DE,2023-09-14 16:50:34,2023-07-25,2023-07-26,215.8642,870.55,24.8,509.74,5.4,-504.4,250.3326,4267.28,6811.64,242.135,1.4328,-,C,0.2,86.23,[]
Germany,DE,DE,2023-09-14 16:50:34,2023-07-26,2023-07-27,216.4527,870.55,24.86,595.17,6.0,-589.1,250.3326,4267.28,6811.64,242.135,1.4328,-,C,0.24,86.47,[]
Germany,DE,DE,2023-09-14 16:50:34,2023-07-27,2023-07-28,217.011,870.55,24.93,565.21,4.6,-560.6,250.3326,4267.28,6811.64,242.2088,1.4328,-,C,0.22,86.69,[]
Germany,DE,DE,2023-09-14 16:50:34,2023-07-28,2023-07-29,217.4786,870.55,24.98,479.92,8.6,-471.3,250.3326,4267.28,6811.64,242.2088,1.4328,-,C,0.19,86.88,[]
Germany,DE,DE,2023-09-14 16:50:34,2023-07-29,2023-07-30,218.6135,870.55,25.11,1160.64,0.3,-1160.3,250.3326,4267.28,6811.64,242.2088,1.4328,-,C,0.45,87.33,[]
Germany,DE,DE,2023-09-14 16:50:34,2023-07-30,2023-07-31,219.8486,870.55,25.25,1240.08,0.3,-1239.7,250.3326,4267.28,6811.64,242.2088,1.4328,-,C,0.49,87.82,[]
Germany,DE,DE,2023-09-14 16:50:34,2023-07-31,2023-08-01,220.8059,870.55,25.36,928.25,1.2,-927.1,250.3576,4265.12,6810.03,242.2088,1.4328,-,C,0.38,88.2,[]
Germany,DE,DE,2023-09-14 16:50:34,2023-08-01,2023-08-02,220.2119,870.55,25.3,623.82,1198.5,574.6,250.5627,4265.12,6810.03,242.5151,1.5129,-,C,-0.24,87.89,[]
Germany,DE,DE,2023-09-14 16:50:34,2023-08-02,2023-08-03,220.9876,870.55,25.38,777.09,1.4,-775.6,250.5627,4265.12,6810.03,242.5162,1.5118,-,C,0.31,88.2,[]
Germany,DE,DE,2023-09-14 16:50:34,2023-08-03,2023-08-04,221.5752,870.55,25.45,602.16,11.7,-590.4,250.5627,4265.12,6810.03,242.5172,1.5108,-,C,0.23,88.43,[]
Germany,DE,DE,2023-09-14 16:50:35,2023-08-04,2023-08-05,222.056,870.55,25.51,495.22,15.1,-480.1,250.5627,4265.12,6810.03,242.7183,1.3097,-,E,0.19,88.62,[]
Germany,DE,DE,2023-09-14 16:50:35,2023-08-05,2023-08-06,222.8331,870.55,25.6,789.64,11.5,-778.1,250.5627,4265.12,6810.03,242.7183,1.3097,-,C,0.31,88.93,[]
Germany,DE,DE,2023-09-14 16:50:35,2023-08-06,2023-08-07,223.6539,870.55,25.69,822.24,0.4,-821.9,250.5627,4265.12,6810.03,242.7183,1.3097,-,E,0.33,89.26,[]
Germany,DE,DE,2023-09-14 16:50:35,2023-08-07,2023-08-08,224.3646,870.55,25.77,725.71,0.9,-724.8,250.5627,4265.12,6810.03,242.7214,1.3065,-,C,0.28,89.54,[]
Germany,DE,DE,2023-09-14 16:50:35,2023-08-08,2023-08-09,225.1007,870.55,25.86,711.21,0.8,-710.4,250.5627,4265.12,6810.03,242.7225,1.3055,-,C,0.29,89.84,[]
Germany,DE,DE,2023-09-14 16:50:35,2023-08-09,2023-08-10,225.7798,870.55,25.94,679.96,0.9,-679.0,250.5627,4265.12,6810.03,242.7236,1.3044,-,C,0.27,90.11,[]
Germany,DE,DE,2023-09-14 16:50:35,2023-08-10,2023-08-11,226.4862,870.55,26.02,706.68,0.3,-706.4,250.5627,4265.12,6810.03,242.7246,1.3034,-,C,0.28,90.39,[]
Germany,DE,DE,2023-09-14 16:50:35,2023-08-11,2023-08-12,227.3221,870.55,26.11,837.01,1.1,-835.9,250.5627,4265.12,6810.03,242.7257,1.3023,-,C,0.33,90.72,[]
Germany,DE,DE,2023-09-14 16:50:35,2023-08-12,2023-08-13,228.4492,870.55,26.24,1153.79,0.2,-1153.5,250.5627,4265.12,6810.03,242.9067,1.1213,-,C,0.45,91.17,[]
Germany,DE,DE,2023-09-14 16:50:35,2023-08-13,2023-08-14,229.5482,870.55,26.37,1100.38,9.3,-1091.0,250.5627,4265.12,6810.03,242.9078,1.1202,-,C,0.44,91.61,[]
Germany,DE,DE,2023-09-14 16:50:35,2023-08-14,2023-08-15,230.3121,870.55,26.46,760.61,1.8,-758.8,250.7427,4265.12,6810.03,242.9088,1.299,-,C,0.3,91.85,[]
Germany,DE,DE,2023-09-14 16:50:35,2023-08-15,2023-08-16,230.9889,870.55,26.53,670.81,7.5,-663.3,252.3427,4265.12,6810.03,244.5099,1.298,-,C,0.27,91.54,[]
Germany,DE,DE,2023-09-14 16:50:35,2023-08-16,2023-08-17,231.6809,870.55,26.61,693.13,0.8,-692.4,252.3977,4265.12,6810.03,244.566,1.2969,-,C,0.27,91.79,[]
Germany,DE,DE,2023-09-14 16:50:35,2023-08-17,2023-08-18,232.4445,870.55,26.7,767.46,1.8,-765.6,252.3738,4265.12,6810.03,244.3365,1.2721,-,C,0.3,92.1,[]
Germany,DE,DE,2023-09-14 16:50:35,2023-08-18,2023-08-19,233.1364,870.55,26.78,694.02,1.7,-692.3,252.3738,4265.12,6810.03,244.3376,1.271,-,C,0.27,92.38,[]
Germany,DE,DE,2023-09-14 16:50:35,2023-08-19,2023-08-20,234.0466,870.55,26.88,938.42,20.0,-918.5,252.3738,4265.12,6810.03,244.3386,1.27,-,C,0.36,92.74,[]
Germany,DE,DE,2023-09-14 16:50:35,2023-08-20,2023-08-21,234.8224,870.55,26.97,778.77,4.1,-774.7,252.3738,4265.12,6810.03,244.3397,1.2689,-,C,0.31,93.05,[]
Germany,DE,DE,2023-09-14 16:50:35,2023-08-21,2023-08-22,235.2454,870.55,27.02,470.5,49.1,-421.4,252.3734,4265.12,6810.03,244.3407,1.2678,-,C,0.17,93.21,[]
Germany,DE,DE,2023-09-14 16:50:35,2023-08-22,2023-08-23,235.4951,870.55,27.05,277.05,33.8,-243.2,252.3734,4265.12,6810.03,244.3418,1.2668,-,C,0.1,93.31,[]
Germany,DE,DE,2023-09-14 16:50:35,2023-08-23,2023-08-24,235.7082,870.55,27.08,217.69,6.5,-211.2,252.3734,4265.12,6810.03,244.3428,1.2657,-,C,0.08,93.4,[]
Germany,DE,DE,2023-09-14 16:50:35,2023-08-24,2023-08-25,235.8929,870.55,27.1,200.62,15.9,-184.7,252.3734,4265.12,6810.03,243.7104,1.2647,-,C,0.07,93.47,[]
Germany,DE,DE,2023-09-14 16:50:35,2023-08-25,2023-08-26,236.1212,870.55,27.12,229.21,0.8,-228.4,252.3734,4265.12,6810.03,243.8724,1.2636,-,C,0.09,93.56,[]
Germany,DE,DE,2023-09-14 16:50:35,2023-08-26,2023-08-27,236.5554,870.55,27.17,461.57,13.5,-448.1,252.3734,4265.12,6810.03,243.8734,1.2626,-,C,0.17,93.73,[]
Germany,DE,DE,2023-09-14 16:50:35,2023-08-27,2023-08-28,237.0301,870.55,27.23,488.95,14.3,-474.6,252.3734,4265.12,6810.03,243.8745,1.2615,-,C,0.19,93.92,[]
Germany,DE,DE,2023-09-14 16:50:35,2023-08-28,2023-08-29,237.1061,870.55,27.24,157.64,95.2,-62.4,252.3734,4265.12,6810.03,243.8755,1.2605,-,E,0.03,93.95,[]
Germany,DE,DE,2023-09-14 16:50:35,2023-08-29,2023-08-30,236.8822,870.55,27.21,83.77,308.3,224.5,252.3734,4265.12,6810.03,244.0766,1.0594,-,C,-0.09,93.86,[]
Germany,DE,DE,2023-09-14 16:50:35,2023-08-30,2023-08-31,236.9262,870.55,27.22,127.55,83.6,-44.0,252.3734,4265.12,6810.03,244.0776,1.0583,-,E,0.02,93.88,[]
Germany,DE,DE,2023-09-14 16:50:35,2023-08-31,2023-09-01,236.9783,870.55,27.22,186.37,90.2,-96.2,252.611,4265.12,6810.03,244.3138,1.2367,-,C,0.02,93.81,[]
Germany,DE,DE,2023-09-14 16:50:35,2023-09-01,2023-09-02,237.6171,870.55,27.3,358.27,19.3,-339.0,253.5177,4265.12,6810.03,244.9703,1.4067,-,C,0.25,93.73,[]
Germany,DE,DE,2023-09-14 16:50:35,2023-09-02,2023-09-03,237.9362,870.55,27.33,474.69,156.0,-318.6,253.5177,4265.12,6810.03,244.9703,1.4067,-,E,0.13,93.85,[]
Germany,DE,DE,2023-09-14 16:50:35,2023-09-03,2023-09-04,238.2473,870.55,27.37,521.43,210.4,-311.1,253.5177,4265.12,6810.03,244.9703,1.4067,-,E,0.12,93.98,[]
Germany,DE,DE,2023-09-14 16:50:35,2023-09-04,2023-09-05,238.2944,870.55,27.37,195.48,148.4,-47.0,253.5177,4265.12,6810.03,244.9703,1.4067,-,E,0.02,94.0,[]
Germany,DE,DE,2023-09-14 16:50:35,2023-09-05,2023-09-06,238.3681,870.55,27.38,146.06,76.7,-69.4,253.5177,4265.12,6810.03,244.9703,1.4067,-,C,0.03,94.02,[]
Germany,DE,DE,2023-09-18 05:43:36,2023-09-06,2023-09-07,238.3832,870.55,27.38,144.1,130.1,-14.0,253.6277,4265.12,6810.03,245.0803,1.4067,-,C,0.01,93.99,[]
Germany,DE,DE,2023-09-27 13:20:44,2023-09-07,2023-09-08,238.3769,870.55,27.38,148.97,155.4,6.4,253.6277,4265.12,6810.03,245.0803,1.4067,-,C,-0.0,93.99,[]
Germany,DE,DE,2023-09-27 13:24:36,2023-09-08,2023-09-09,238.3274,870.55,27.38,160.57,210.8,50.3,253.6277,4265.12,6810.03,244.9996,1.4067,-,C,-0.02,93.97,[]
Germany,DE,DE,2023-09-27 13:25:25,2023-09-09,2023-09-10,238.4566,870.55,27.39,191.25,62.0,-129.2,253.6277,4265.12,6810.03,244.9996,1.4067,-,C,0.05,94.02,[]
Germany,DE,DE,2023-09-27 13:26:09,2023-09-10,2023-09-11,238.5419,870.55,27.4,166.48,81.1,-85.4,253.6277,4265.12,6810.03,245.1046,1.4067,-,C,0.03,94.05,[]
Germany,DE,DE,2023-09-27 13:26:48,2023-09-11,2023-09-12,238.52,870.55,27.4,112.66,122.9,10.2,253.6277,4265.12,6810.03,245.1046,1.4067,-,E,-0.01,94.04,[]
Germany,DE,DE,2023-09-27 13:26:48,2023-09-12,2023-09-13,238.5239,870.55,27.4,116.83,99.9,-16.9,253.6277,4265.12,6810.03,245.1046,1.4067,-,E,0.0,94.04,[]
Germany,DE,DE,2023-09-27 13:29:38,2023-09-13,2023-09-14,238.5312,870.55,27.4,68.93,61.4,-7.5,253.6277,4265.12,6810.03,245.1046,1.4067,-,E,0.0,94.05,[]
Germany,DE,DE,2023-09-27 13:30:10,2023-09-14,2023-09-15,238.5726,870.55,27.4,93.67,54.7,-39.0,253.6277,4265.12,6810.03,245.1046,1.4067,-,C,0.02,94.06,[]
Germany,DE,DE,2023-09-27 13:30:45,2023-09-15,2023-09-16,238.72,870.55,27.42,147.97,0.6,-147.4,253.6277,4262.24,6805.95,245.1546,1.4067,-,C,0.06,94.12,[]
Germany,DE,DE,2023-09-27 13:31:16,2023-09-16,2023-09-17,238.9521,870.55,27.45,264.52,32.4,-232.1,253.6277,4262.24,6805.95,245.2146,1.3467,-,C,0.09,94.21,[]
Germany,DE,DE,2023-09-27 13:31:55,2023-09-17,2023-09-18,239.2808,870.55,27.49,329.15,0.4,-328.7,253.6277,4262.24,6805.95,245.2146,1.3467,-,C,0.13,94.34,[]
Germany,DE,DE,2023-09-27 13:32:30,2023-09-18,2023-09-19,239.5343,870.55,27.52,253.76,0.4,-253.4,253.6277,4262.24,6805.95,245.2174,1.3467,-,C,0.1,94.44,[]
Germany,DE,DE,2023-09-27 13:33:35,2023-09-19,2023-09-20,239.8785,870.55,27.55,343.67,3.1,-340.6,253.6277,4262.24,6805.95,245.2174,1.3467,-,C,0.14,94.58,[]
Germany,DE,DE,2023-09-27 13:34:08,2023-09-20,2023-09-21,240.1282,870.55,27.58,266.95,14.6,-252.4,253.9071,4262.24,6805.95,245.4312,1.4161,-,C,0.1,94.57,[]
Germany,DE,DE,2023-09-27 13:34:36,2023-09-21,2023-09-22,240.2855,870.55,27.6,180.49,24.3,-156.1,253.9071,4262.24,6805.95,245.4312,1.4161,-,C,0.06,94.64,[]
Germany,DE,DE,2023-09-27 13:35:19,2023-09-22,2023-09-23,240.494,870.55,27.63,225.34,16.9,-208.5,253.9071,4262.24,6805.95,245.4312,1.4161,-,C,0.08,94.72,[]
Germany,DE,DE,2023-09-27 13:35:50,2023-09-23,2023-09-24,240.8917,870.55,27.67,415.6,17.8,-397.8,254.0583,4262.24,6805.95,245.5912,1.4073,-,C,0.16,94.82,[]
Germany,DE,DE,2023-09-27 13:36:29,2023-09-24,2023-09-25,241.3176,870.55,27.72,438.02,12.2,-425.9,254.0583,4262.24,6805.95,245.5912,1.4073,-,C,0.17,94.99,[]
Germany,DE,DE,2023-09-27 13:36:59,2023-09-25,2023-09-26,241.5618,870.55,27.75,294.0,49.8,-244.2,254.0583,4262.24,6805.95,245.5912,1.4073,-,C,0.1,95.08,[]
Germany,DE,DE,2023-09-28 09:15:49,2023-09-26,2023-09-27,241.7789,870.55,27.77,237.46,20.3,-217.1,254.0583,4262.24,6805.95,245.5912,1.4073,-,C,0.09,95.17,[]
Germany,DE,DE,2023-09-29 09:15:53,2023-09-27,2023-09-28,242.0663,870.55,27.81,295.93,8.6,-287.3,254.0583,4262.24,6805.95,245.5912,1.4073,-,E,0.11,95.28,[]
Germany,DE,DE,2023-09-30 09:16:40,2023-09-28,2023-09-29,242.2787,870.55,27.83,331.27,109.1,-222.2,254.0583,4262.24,6805.95,245.5912,1.4073,-,C,0.08,95.36,[]
Germany,DE,DE,2023-10-10 10:34:26,2023-09-29,2023-09-30,242.6879,870.55,27.88,410.34,0.3,-410.1,254.1183,4262.24,6805.95,245.6512,1.4073,-,C,0.16,95.5,[]
Germany,DE,DE,2023-10-10 10:37:27,2023-09-30,2023-10-01,243.2453,870.55,27.94,674.34,1.4,-672.9,254.1183,4262.24,6805.95,245.6512,1.4073,-,C,0.22,95.72,[]
Germany,DE,DE,2023-10-10 10:39:56,2023-10-01,2023-10-02,244.058,870.55,28.03,814.1,1.4,-812.7,254.1183,4262.24,6805.95,245.4512,1.6073,-,C,0.32,96.04,[]
Germany,DE,DE,2023-10-10 10:41:33,2023-10-02,2023-10-03,244.6327,870.55,28.1,582.38,7.9,-574.5,254.1183,4262.24,6805.95,245.4512,1.6073,-,C,0.23,96.27,[]
Germany,DE,DE,2023-11-14 11:30:06,2023-10-03,2023-10-04,245.43,870.55,28.19,803.0,1.1,-801.9,254.1703,4262.24,6805.95,245.5032,1.6073,-,C,0.31,96.56,[]
Germany,DE,DE,2024-08-05 12:38:26,2023-10-04,2023-10-05,245.927,870.55,28.25,513.23,16.6,-496.7,254.1815,4262.24,6805.95,245.5144,1.6073,-,C,0.2,96.75,[]
Germany,DE,DE,2024-08-05 12:38:26,2023-10-05,2023-10-06,245.9011,870.55,28.25,129.35,155.3,26.0,254.1815,4262.24,6805.95,245.5144,1.6073,-,E,-0.01,96.74,[]
Germany,DE,DE,2023-12-14 16:01:07,2023-10-06,2023-10-07,246.3025,870.55,28.29,411.69,5.0,-406.7,254.2592,4262.24,6805.95,245.5921,1.6073,-,C,0.16,96.87,[]
Germany,DE,DE,2024-08-05 12:43:03,2023-10-07,2023-10-08,246.911,870.55,28.36,613.11,13.7,-599.4,254.2315,4262.24,6805.95,245.5644,1.6073,-,C,0.24,97.12,[]
Germany,DE,DE,2024-08-05 12:43:03,2023-10-08,2023-10-09,247.4053,870.55,28.42,529.57,30.1,-499.5,254.2315,4262.24,6805.95,245.5644,1.6073,-,E,0.19,97.31,[]
Germany,DE,DE,2023-12-14 16:03:39,2023-10-09,2023-10-10,247.635,870.55,28.45,260.54,9.7,-250.8,254.2592,4262.24,6805.95,245.5921,1.6073,-,C,0.09,97.39,[]
Germany,DE,DE,2023-11-14 11:00:07,2023-10-10,2023-10-11,247.9138,870.55,28.48,297.58,15.3,-282.3,254.6732,4262.24,6805.95,246.0061,1.6073,-,C,0.11,97.35,[]
Germany,DE,DE,2023-11-14 10:51:53,2023-10-11,2023-10-12,248.4719,870.55,28.54,566.55,1.4,-565.1,254.6982,4262.24,6805.95,246.0311,1.6073,-,C,0.22,97.56,[]
Germany,DE,DE,2023-11-14 10:51:34,2023-10-12,2023-10-13,248.8354,870.55,28.58,389.08,20.0,-369.0,254.6982,4262.24,6805.95,246.0311,1.6073,-,C,0.14,97.7,[]
Germany,DE,DE,2024-08-05 12:16:10,2023-10-13,2023-10-14,249.5049,870.55,28.66,692.5,1.7,-690.8,254.6705,4262.24,6805.95,246.0034,1.6073,-,C,0.26,97.97,[]
Germany,DE,DE,2024-08-05 12:19:54,2023-10-14,2023-10-15,250.1661,870.55,28.74,684.33,15.5,-668.9,254.6705,4262.24,6805.95,246.0034,1.6073,-,C,0.26,98.23,[]
Germany,DE,DE,2024-08-05 12:19:54,2023-10-15,2023-10-16,250.5728,870.55,28.78,431.53,24.8,-406.7,254.6705,4262.24,6805.95,246.0034,1.6073,-,E,0.16,98.39,[]
Germany,DE,DE,2023-12-14 16:05:00,2023-10-16,2023-10-17,250.6843,870.55,28.8,196.34,100.5,-95.8,254.6982,4262.24,6805.95,246.0311,1.6073,-,C,0.04,98.42,[]
Germany,DE,DE,2023-11-14 11:04:19,2023-10-17,2023-10-18,250.6743,870.55,28.79,86.81,96.9,10.1,254.6982,4262.24,6805.95,246.0311,1.6073,-,C,-0.0,98.42,[]
Germany,DE,DE,2023-11-14 11:02:41,2023-10-18,2023-10-19,250.5919,870.55,28.79,93.85,177.7,83.8,254.6982,4262.24,6805.95,246.0311,1.6073,-,C,-0.03,98.39,[]
Germany,DE,DE,2023-12-14 15:42:38,2023-10-19,2023-10-20,250.6218,870.55,28.79,131.34,100.0,-31.3,254.6982,4262.24,6805.95,246.0311,1.6073,-,C,0.01,98.4,[]
Germany,DE,DE,2023-11-14 10:53:55,2023-10-20,2023-10-21,250.7146,870.55,28.8,201.63,108.8,-92.8,254.7182,4262.24,6805.95,246.1011,1.6073,-,C,0.04,98.43,[]
Germany,DE,DE,2023-11-14 10:53:38,2023-10-21,2023-10-22,251.2713,870.55,28.86,556.84,0.1,-556.7,254.7182,4262.24,6805.95,246.1011,1.6073,-,C,0.22,98.65,[]
Germany,DE,DE,2024-08-05 12:08:40,2023-10-22,2023-10-23,251.7624,870.55,28.92,494.1,3.2,-490.9,254.6905,4262.24,6805.95,246.0734,1.6073,-,C,0.19,98.85,[]
Germany,DE,DE,2024-08-05 12:08:40,2023-10-23,2023-10-24,251.8067,870.55,28.93,162.41,118.0,-44.5,254.7522,4262.24,6805.95,246.1284,1.614,-,E,0.02,98.84,[]
Germany,DE,DE,2023-11-14 10:55:56,2023-10-24,2023-10-25,251.8821,870.55,28.93,119.59,50.8,-68.8,254.7798,4262.24,6805.95,246.1561,1.614,-,C,0.03,98.86,[]
Germany,DE,DE,2023-11-14 10:55:30,2023-10-25,2023-10-26,251.9418,870.55,28.94,137.89,89.0,-48.9,254.7798,4262.24,6805.95,246.1561,1.614,-,C,0.02,98.89,[]
Germany,DE,DE,2023-11-14 10:54:40,2023-10-26,2023-10-27,252.0506,870.55,28.95,192.76,73.1,-119.7,254.7798,4262.24,6805.95,246.3852,1.614,-,C,0.04,98.93,[]
Germany,DE,DE,2023-11-14 10:55:04,2023-10-27,2023-10-28,252.2147,870.55,28.97,219.13,54.3,-164.8,254.7798,4262.24,6805.95,246.3852,1.614,-,C,0.06,98.99,[]
Germany,DE,DE,2023-11-14 10:54:15,2023-10-28,2023-10-29,252.7549,870.55,29.03,555.01,7.5,-547.5,254.7798,4378.91,6999.5,246.3852,1.614,-,C,0.21,99.21,[]
Germany,DE,DE,2023-11-14 10:57:00,2023-10-29,2023-10-30,253.3396,870.55,29.1,584.58,0.0,-584.5,254.7798,4262.24,6805.95,246.3852,1.614,-,C,0.23,99.43,[]
Germany,DE,DE,2023-11-14 10:56:24,2023-10-30,2023-10-31,253.5727,870.55,29.13,270.24,42.3,-228.0,254.7798,4262.24,6805.95,246.4997,1.614,-,C,0.09,99.53,[]
Germany,DE,DE,2023-11-14 10:56:42,2023-10-31,2023-11-01,253.8773,870.55,29.16,330.77,8.0,-322.8,254.7798,4262.24,6805.95,246.4997,1.614,-,C,0.12,99.65,[]
Germany,DE,DE,2023-11-14 10:58:40,2023-11-01,2023-11-02,254.2684,870.55,29.21,420.31,19.6,-400.7,254.8435,4264.91,6805.95,246.2197,1.9576,-,C,0.15,99.77,[]
Germany,DE,DE,2023-11-14 10:58:24,2023-11-02,2023-11-03,254.611,870.55,29.25,371.44,19.0,-352.4,254.8435,4264.91,6805.95,246.2197,1.9576,-,C,0.13,99.91,[]
Germany,DE,DE,2023-11-14 10:57:46,2023-11-03,2023-11-04,254.711,870.55,29.26,146.49,46.6,-99.9,254.8435,4264.91,6805.95,246.2197,1.9576,-,C,0.04,99.95,[]
Germany,DE,DE,2023-11-14 10:58:08,2023-11-04,2023-11-05,254.9407,870.55,29.29,246.11,11.1,-235.0,254.8435,4264.91,6805.95,246.2197,1.9576,-,C,0.09,100.04,[]
Germany,DE,DE,2023-11-14 10:57:21,2023-11-05,2023-11-06,255.1921,870.55,29.31,260.62,9.3,-251.4,254.8435,4264.91,6805.95,246.2197,1.9576,-,C,0.1,100.14,[]
Germany,DE,DE,2023-11-14 10:59:39,2023-11-06,2023-11-07,255.2866,870.55,29.32,110.43,15.9,-94.6,254.9871,4264.91,6805.95,246.3633,2.1012,-,C,0.04,100.12,[]
Germany,DE,DE,2023-12-14 15:50:35,2023-11-07,2023-11-08,255.3398,870.55,29.33,68.36,15.2,-53.2,254.9871,4264.91,6805.95,246.3633,2.1012,-,C,0.02,100.14,[]
Germany,DE,DE,2023-11-14 10:58:59,2023-11-08,2023-11-09,255.2418,870.55,29.32,35.96,134.0,98.0,254.9871,4264.91,6805.95,246.3633,2.1012,-,C,-0.04,100.1,[]
Germany,DE,DE,2023-11-14 11:00:59,2023-11-09,2023-11-10,255.2591,870.55,29.32,64.23,46.9,-17.3,254.9871,4264.91,6805.95,246.3633,2.1012,-,C,0.01,100.11,[]
Germany,DE,DE,2023-11-14 11:03:23,2023-11-10,2023-11-11,255.2331,870.55,29.32,74.35,100.4,26.0,255.0166,4264.91,6805.95,246.3929,2.1307,-,C,-0.01,100.08,[]
Germany,DE,DE,2023-11-14 11:03:51,2023-11-11,2023-11-12,255.3376,870.55,29.33,118.39,13.9,-104.5,255.0166,4264.91,6805.95,246.3929,2.1307,-,C,0.04,100.13,[]
Germany,DE,DE,2023-11-14 11:03:01,2023-11-12,2023-11-13,255.409,870.55,29.34,82.25,10.9,-71.3,255.0166,4264.91,6805.95,246.3929,2.1307,-,C,0.03,100.15,[]
Germany,DE,DE,2023-11-15 10:28:20,2023-11-13,2023-11-14,255.2857,870.55,29.32,50.75,174.2,123.4,255.0166,4264.91,6805.95,246.3978,2.1307,-,C,-0.05,100.11,[]
Germany,DE,DE,2023-11-16 10:26:24,2023-11-14,2023-11-15,255.384,870.55,29.34,105.68,8.3,-97.4,255.0166,4264.91,6805.95,246.4027,2.1307,-,C,0.04,100.14,[]
Germany,DE,DE,2023-11-17 10:22:03,2023-11-15,2023-11-16,255.8407,870.55,29.39,40.31,45.7,5.4,255.0166,4264.91,6805.95,246.4027,2.1307,-,C,0.18,100.32,[]
Germany,DE,DE,2023-11-18 10:20:48,2023-11-16,2023-11-17,255.5072,870.55,29.35,11.88,345.4,333.5,254.8368,4264.91,7045.95,246.264,1.9509,-,C,-0.13,100.26,[]
Germany,DE,DE,2023-12-01 14:42:09,2023-11-17,2023-11-18,255.1048,870.55,29.3,6.81,409.1,402.3,254.8368,4264.91,7045.95,246.264,1.9509,-,C,-0.16,100.11,[]
Germany,DE,DE,2023-11-21 15:40:57,2023-11-18,2023-11-19,255.0834,870.55,29.3,98.26,119.7,21.4,254.8768,4264.91,7045.95,246.304,1.9509,-,C,-0.01,100.08,[]
Germany,DE,DE,2023-11-21 15:41:52,2023-11-19,2023-11-20,255.435,870.55,29.34,378.93,27.3,-351.6,254.8768,4264.91,7045.95,246.304,1.9509,-,C,0.14,100.22,[]
Germany,DE,DE,2023-11-22 10:20:49,2023-11-20,2023-11-21,255.5234,870.55,29.35,170.77,79.8,-91.0,254.8768,4264.91,7045.95,246.304,1.9509,-,C,0.03,100.25,[]
Germany,DE,DE,2023-12-01 14:42:29,2023-11-21,2023-11-22,255.0494,870.55,29.3,15.37,489.3,474.0,254.8768,4264.91,7045.95,246.304,1.9509,-,C,-0.19,100.07,[]
Germany,DE,DE,2023-12-01 14:42:46,2023-11-22,2023-11-23,254.16,870.55,29.2,16.81,906.7,889.9,254.8768,4264.91,7045.95,246.304,1.9509,-,C,-0.35,99.72,[]
Germany,DE,DE,2023-11-25 10:21:56,2023-11-23,2023-11-24,253.7655,870.55,29.15,44.33,438.8,394.5,254.9118,4264.91,7045.95,246.3341,1.9509,-,C,-0.15,99.55,[]
Germany,DE,DE,2023-11-27 09:36:25,2023-11-24,2023-11-25,253.2954,870.55,29.1,22.98,493.0,470.1,254.9118,4264.91,7045.95,246.3341,1.9509,-,C,-0.18,99.37,[]
Germany,DE,DE,2023-12-01 14:43:04,2023-11-25,2023-11-26,252.8296,870.55,29.04,20.76,486.6,465.9,254.9118,4264.91,7045.95,246.3341,1.9509,-,C,-0.18,99.18,[]
Germany,DE,DE,2023-12-01 14:52:22,2023-11-26,2023-11-27,252.2924,870.55,28.98,36.89,574.0,537.1,254.9468,4264.91,7045.95,246.3691,1.9509,-,E,-0.21,98.96,[]
Germany,DE,DE,2023-12-01 14:52:40,2023-11-27,2023-11-28,251.16,870.55,28.85,28.15,1158.0,1129.9,254.9468,4264.91,7045.95,246.3691,1.9509,-,C,-0.44,98.51,[]
Germany,DE,DE,2023-12-01 14:52:58,2023-11-28,2023-11-29,249.6965,870.55,28.68,20.39,1475.6,1455.2,254.9468,4264.91,7045.95,246.3691,1.9509,-,C,-0.57,97.94,[]
Germany,DE,DE,2023-12-14 15:53:11,2023-11-29,2023-11-30,247.7565,870.55,28.46,13.55,1953.5,1940.0,254.9468,4264.91,7045.95,246.3691,1.9509,-,C,-0.76,97.18,[]
Germany,DE,DE,2023-12-11 13:01:43,2023-11-30,2023-12-01,245.5718,870.55,28.21,11.27,2229.4,2218.1,254.9468,4264.91,7045.95,246.3691,1.9509,-,E,-0.86,96.32,[]
Germany,DE,DE,2023-12-14 14:50:14,2023-12-01,2023-12-02,244.0109,870.55,28.03,32.29,1677.6,1645.3,254.8323,4264.91,7045.95,246.4067,1.8364,-,C,-0.61,95.75,[]
Germany,DE,DE,2023-12-14 14:50:28,2023-12-02,2023-12-03,242.5979,870.55,27.87,11.91,1427.2,1415.3,254.8323,4264.91,7045.95,246.4067,1.8364,-,C,-0.55,95.2,[]
Germany,DE,DE,2023-12-14 14:51:44,2023-12-03,2023-12-04,241.4745,870.55,27.74,15.07,1137.1,1122.0,254.8323,4264.91,7045.95,246.4067,1.8364,-,C,-0.44,94.76,[]
Germany,DE,DE,2023-12-14 14:51:27,2023-12-04,2023-12-05,239.6087,870.55,27.52,18.93,1884.7,1865.8,254.8323,4264.91,7045.95,246.4067,1.8364,-,C,-0.73,94.03,[]
Germany,DE,DE,2023-12-14 14:50:59,2023-12-05,2023-12-06,238.0321,870.55,27.34,25.19,1601.8,1576.6,254.8323,4264.91,7045.95,246.1919,2.1694,-,C,-0.62,93.41,[]
Germany,DE,DE,2023-12-14 14:50:43,2023-12-06,2023-12-07,236.3013,870.55,27.14,15.85,1710.3,1694.4,254.8323,4025.71,6806.98,246.1919,2.1694,-,C,-0.68,92.73,[]
Germany,DE,DE,2023-12-14 14:50:21,2023-12-07,2023-12-08,235.0558,870.55,27.0,20.69,1270.9,1250.3,254.8323,4025.71,6806.96,246.1919,2.1694,-,C,-0.49,92.24,[]
Germany,DE,DE,2023-12-14 14:50:51,2023-12-08,2023-12-09,234.1643,870.55,26.9,45.38,932.1,886.7,254.8323,4025.71,6806.96,246.1919,2.1694,-,C,-0.35,91.89,[]
Germany,DE,DE,2023-12-14 14:50:06,2023-12-09,2023-12-10,234.0271,870.55,26.88,233.35,357.6,124.2,254.8323,4025.71,6806.96,246.1919,2.1694,-,C,-0.05,91.84,[]
Germany,DE,DE,2023-12-14 14:51:36,2023-12-10,2023-12-11,234.0902,870.55,26.89,334.32,271.2,-63.1,254.8323,4025.71,6806.96,246.1919,2.1694,-,C,0.02,91.86,[]
Germany,DE,DE,2024-01-19 16:21:42,2023-12-11,2023-12-12,233.7898,870.55,26.86,94.93,399.3,304.4,254.8323,4025.71,6806.96,246.1919,2.1694,-,C,-0.12,91.74,[]
Germany,DE,DE,2024-08-05 11:40:48,2023-12-12,2023-12-13,233.3151,870.55,26.8,34.24,509.7,475.4,254.8046,4025.71,6806.96,246.1642,2.1694,-,E,-0.19,91.57,[]
Germany,DE,DE,2024-08-05 11:40:48,2023-12-13,2023-12-14,232.892,870.55,26.75,63.02,481.1,418.0,254.8046,4025.71,6806.96,246.1642,2.1694,-,E,-0.17,91.4,[]
Germany,DE,DE,2023-12-16 10:20:47,2023-12-14,2023-12-15,232.2634,870.55,26.68,30.62,726.5,695.9,254.8323,4025.71,6806.96,246.1919,2.1694,-,C,-0.25,91.14,[]
Germany,DE,DE,2023-12-18 07:37:20,2023-12-15,2023-12-16,231.8333,870.55,26.63,69.76,499.8,430.0,254.8323,4025.71,6806.96,246.1919,2.1694,-,C,-0.17,90.97,[]
Germany,DE,DE,2023-12-18 10:28:57,2023-12-16,2023-12-17,231.9306,870.55,26.64,377.19,290.1,-87.1,254.8323,4025.71,6806.96,246.1919,2.1694,-,C,0.04,91.01,[]
Germany,DE,DE,2023-12-19 10:29:40,2023-12-17,2023-12-18,231.9204,870.55,26.64,385.63,285.9,-99.7,254.8323,4025.71,6806.96,246.1919,2.1694,-,C,-0.0,91.01,[]
Germany,DE,DE,2024-01-19 14:36:36,2023-12-18,2023-12-19,231.5337,870.55,26.6,65.37,499.0,433.6,254.8323,4025.71,6806.96,246.1919,2.1694,-,C,-0.15,90.86,[]
Germany,DE,DE,2024-01-19 14:37:06,2023-12-19,2023-12-20,230.8307,870.55,26.52,71.74,727.6,655.9,254.8323,4025.71,6806.96,246.1919,2.1694,-,C,-0.28,90.58,[]
Germany,DE,DE,2024-01-19 14:37:13,2023-12-20,2023-12-21,230.2701,870.55,26.45,84.71,642.3,557.6,254.8323,4025.71,6806.96,246.1919,2.1694,-,C,-0.22,90.36,[]
Germany,DE,DE,2024-01-19 14:36:57,2023-12-21,2023-12-22,230.1188,870.55,26.43,183.82,335.2,151.4,254.8323,4025.71,6806.96,246.1919,2.1694,-,C,-0.06,90.3,[]
Germany,DE,DE,2024-01-23 07:24:47,2023-12-22,2023-12-23,230.0134,870.55,26.42,191.55,296.9,105.3,254.8323,4025.71,6806.96,246.6919,1.6694,-,C,-0.04,90.26,[]
Germany,DE,DE,2024-01-19 14:36:43,2023-12-23,2023-12-24,230.1785,870.55,26.44,458.54,293.6,-164.9,254.8323,4025.71,6806.96,246.7419,1.6194,-,C,0.06,90.33,[]
Germany,DE,DE,2024-01-19 14:37:27,2023-12-24,2023-12-25,230.5508,870.55,26.48,626.08,253.8,-372.3,254.8323,4025.71,6806.96,246.7419,1.6194,-,C,0.15,90.47,[]
Germany,DE,DE,2024-01-19 14:17:46,2023-12-25,2023-12-26,231.0529,870.55,26.54,705.46,203.4,-502.1,254.8323,4025.71,6806.96,246.7419,1.6194,-,C,0.2,90.67,[]
Germany,DE,DE,2024-01-19 14:18:09,2023-12-26,2023-12-27,231.4218,870.55,26.58,608.29,239.4,-368.9,254.8323,4025.71,6806.96,246.7419,1.6194,-,C,0.14,90.81,[]
Germany,DE,DE,2024-01-19 14:18:01,2023-12-27,2023-12-28,231.4941,870.55,26.59,351.16,278.8,-72.4,254.8323,4025.71,6806.96,246.7419,1.6194,-,C,0.03,90.84,[]
Germany,DE,DE,2024-09-11 14:29:07,2023-12-28,2023-12-29,231.646,870.55,26.61,429.69,277.7,-152.0,254.8323,4025.71,6806.96,246.7419,1.6194,-,E,0.06,90.9,[]
Germany,DE,DE,2024-01-19 14:17:53,2023-12-29,2023-12-30,231.7399,870.55,26.62,384.15,286.8,-97.3,254.8323,4025.71,6806.96,246.7419,1.6194,-,C,0.04,90.94,[]
Germany,DE,DE,2024-01-19 14:18:40,2023-12-30,2023-12-31,231.9051,870.55,26.64,399.99,238.4,-161.6,254.8323,4025.71,6806.96,246.7919,1.5694,-,C,0.06,91.0,[]
Germany,DE,DE,2024-01-19 14:18:48,2023-12-31,2024-01-01,231.9639,870.55,26.65,292.82,230.5,-62.4,254.8323,4025.71,6806.96,246.7919,1.5694,-,C,0.02,91.03,[]
Germany,DE,DE,2024-01-19 14:18:24,2024-01-01,2024-01-02,232.0502,903.9,25.67,447.11,364.4,-82.7,254.8323,4025.71,6806.96,246.7919,1.5694,-,E,0.0,91.06,[]
Germany,DE,DE,2024-01-19 14:18:32,2024-01-02,2024-01-03,231.9955,903.9,25.67,300.29,473.9,173.6,254.8323,4025.71,6812.96,246.7919,1.5694,-,C,-0.02,91.04,[]
Germany,DE,DE,2024-01-19 14:18:58,2024-01-03,2024-01-04,231.6822,903.9,25.63,214.36,530.6,316.3,254.8323,4025.71,6812.96,246.7919,1.5694,-,C,-0.12,90.92,[]
Germany,DE,DE,2024-01-19 14:19:07,2024-01-04,2024-01-05,231.0731,903.9,25.56,66.65,659.9,593.3,254.8323,4025.71,6812.96,246.7919,1.5694,-,E,-0.24,90.68,[]
Germany,DE,DE,2024-01-19 14:19:15,2024-01-05,2024-01-06,230.3468,903.9,25.48,64.32,820.6,756.3,254.8323,4025.71,6812.96,246.7919,1.5694,-,C,-0.29,90.39,[]
Germany,DE,DE,2024-01-19 14:19:22,2024-01-06,2024-01-07,229.6733,903.9,25.41,69.97,729.6,659.6,254.8323,4025.71,6812.96,246.7234,1.6379,-,C,-0.26,90.13,[]
Germany,DE,DE,2024-01-19 14:19:39,2024-01-07,2024-01-08,228.5874,903.9,25.29,21.37,1125.6,1104.2,254.8323,4025.71,6812.96,246.7234,1.6379,-,C,-0.43,89.7,[]
Germany,DE,DE,2024-01-23 07:27:32,2024-01-08,2024-01-09,226.2327,903.9,25.03,18.46,2373.3,2354.8,254.8323,4025.71,6812.96,246.7234,1.6379,-,C,-0.92,88.78,[]
Germany,DE,DE,2024-01-23 07:30:21,2024-01-09,2024-01-10,223.2449,903.9,24.7,16.97,2991.4,2974.5,254.8323,4025.71,6812.96,246.7234,1.6379,-,C,-1.17,87.6,[]
Germany,DE,DE,2024-01-23 07:31:38,2024-01-10,2024-01-11,220.2405,903.9,24.37,20.79,3017.1,2996.3,254.8323,4025.71,6812.96,246.7234,1.6379,-,C,-1.18,86.43,[]
Germany,DE,DE,2025-05-19 08:45:21,2024-01-11,2024-01-12,217.3371,903.9,24.04,36.08,2969.2,2933.1,254.8323,4025.71,6812.96,246.7234,1.6379,-,E,-1.14,85.29,[]
Germany,DE,DE,2024-02-01 09:42:49,2024-01-12,2024-01-13,215.0235,903.9,23.79,15.23,2278.6,2263.4,254.8323,4025.71,6812.96,246.7234,1.6379,-,E,-0.91,84.38,[]
Germany,DE,DE,2024-02-01 10:22:00,2024-01-13,2024-01-14,213.5901,903.9,23.63,23.16,1462.8,1439.6,254.8323,4025.71,6812.96,246.6919,1.6694,-,E,-0.56,83.82,[]
Germany,DE,DE,2024-02-01 11:06:30,2024-01-14,2024-01-15,212.2852,903.9,23.49,20.4,1367.2,1346.8,254.8323,4025.71,6812.96,246.6919,1.6694,-,C,-0.51,83.3,[]
Germany,DE,DE,2025-05-19 08:50:10,2024-01-15,2024-01-16,210.2292,903.9,23.26,14.29,2084.2,2069.9,254.8323,4025.71,6812.96,246.6919,1.6694,-,C,-0.81,82.5,[]
Germany,DE,DE,2024-02-01 15:48:10,2024-01-16,2024-01-17,207.7596,903.9,22.98,9.23,2463.3,2454.1,254.8323,4025.71,6812.96,246.6919,1.6694,-,C,-0.97,81.53,[]
Germany,DE,DE,2024-02-01 15:49:01,2024-01-17,2024-01-18,205.3181,903.9,22.71,29.66,2484.2,2454.5,254.8323,4025.71,6812.96,246.6919,1.6694,-,C,-0.96,80.57,[]
Germany,DE,DE,2024-01-23 07:40:11,2024-01-18,2024-01-19,203.1068,903.9,22.47,9.28,2193.8,2184.5,254.8323,4025.71,6812.96,250.8164,1.6694,-,C,-0.87,79.7,[]
Germany,DE,DE,2024-02-02 06:30:53,2024-01-19,2024-01-20,200.9177,903.9,22.23,8.44,2204.0,2195.6,254.8323,4025.71,6813.39,250.6164,1.8694,-,E,-0.86,78.84,[]
Germany,DE,DE,2024-02-01 08:44:30,2024-01-20,2024-01-21,199.3578,903.9,22.06,28.33,1626.5,1598.1,254.8323,4025.71,6813.39,250.6164,1.8694,-,C,-0.61,78.23,[]
Germany,DE,DE,2024-02-01 08:41:39,2024-01-21,2024-01-22,197.9988,903.9,21.9,45.44,1397.0,1351.6,254.8323,4025.71,6813.39,250.6164,1.8694,-,E,-0.53,77.7,[]
Germany,DE,DE,2024-02-02 07:22:45,2024-01-22,2024-01-23,197.0939,903.9,21.8,59.44,959.1,899.7,254.8323,4025.71,6813.39,250.6164,1.8694,-,C,-0.36,77.34,[]
Germany,DE,DE,2024-02-02 08:51:01,2024-01-23,2024-01-24,196.1797,903.9,21.7,34.08,953.6,919.5,254.8323,4025.71,6813.39,250.6164,1.8694,-,C,-0.36,76.98,[]
Germany,DE,DE,2024-01-29 07:44:12,2024-01-24,2024-01-25,195.6241,903.9,21.64,84.89,645.5,560.6,254.8323,4025.71,6813.39,250.6164,1.8694,-,C,-0.22,76.77,[]
Germany,DE,DE,2024-01-29 07:45:22,2024-01-25,2024-01-26,194.9136,903.9,21.56,92.08,813.4,721.4,254.8323,4025.71,6813.39,250.6164,1.8694,-,C,-0.28,76.49,[]
Germany,DE,DE,2024-08-05 11:38:06,2024-01-26,2024-01-27,194.3625,903.9,21.5,113.4,620.3,506.9,254.8046,4025.71,6813.39,250.5887,1.8694,-,E,-0.22,76.28,[]
Germany,DE,DE,2024-08-05 11:38:06,2024-01-27,2024-01-28,193.6722,903.9,21.43,35.84,679.9,644.1,254.8046,4025.71,6813.39,250.5887,1.8694,-,E,-0.27,76.01,[]
Germany,DE,DE,2024-01-29 17:05:06,2024-01-28,2024-01-29,192.921,903.9,21.34,29.33,750.6,721.3,254.8323,4025.71,6813.39,250.6164,1.8694,-,C,-0.29,75.71,[]
Germany,DE,DE,2024-01-30 17:05:13,2024-01-29,2024-01-30,192.0414,903.9,21.25,48.08,897.6,849.6,254.8323,4025.71,6813.39,250.6164,1.8694,-,C,-0.35,75.36,[]
Germany,DE,DE,2024-01-31 17:05:05,2024-01-30,2024-01-31,191.1898,903.9,21.15,30.05,868.5,838.5,254.8323,4025.71,6813.39,250.6164,1.8694,-,C,-0.33,75.03,[]
Germany,DE,DE,2024-02-01 17:05:23,2024-01-31,2024-02-01,190.3428,903.9,21.06,28.92,827.2,798.3,254.8323,4025.71,6813.39,250.6164,1.8694,-,C,-0.33,74.69,[]
Germany,DE,DE,2025-04-04 10:45:24,2024-02-01,2024-02-02,189.5725,903.9,20.97,94.83,774.9,680.1,254.8323,4025.71,6813.39,251.3664,1.8694,-,E,-0.3,74.39,[]
Germany,DE,DE,2024-02-07 07:51:37,2024-02-02,2024-02-03,188.9886,903.9,20.91,93.38,682.0,588.6,254.8323,4025.71,6813.39,251.3664,1.8694,-,C,-0.23,74.16,[]
Germany,DE,DE,2024-02-07 07:52:40,2024-02-03,2024-02-04,188.8761,903.9,20.9,306.72,419.2,112.5,254.8323,4025.71,6813.39,251.3664,1.8694,-,C,-0.04,74.12,[]
Germany,DE,DE,2024-02-14 09:37:38,2024-02-04,2024-02-05,188.7048,903.9,20.88,270.33,475.4,205.0,254.8323,4025.71,6813.39,251.3664,1.8694,-,C,-0.07,74.05,[]
Germany,DE,DE,2024-02-14 09:38:42,2024-02-05,2024-02-06,188.2247,903.9,20.82,125.04,602.3,477.3,254.8323,4025.71,6813.39,251.3664,1.8694,-,C,-0.19,73.86,[]
Germany,DE,DE,2024-02-14 09:39:32,2024-02-06,2024-02-07,187.7702,903.9,20.77,111.65,565.9,454.3,254.8323,4025.71,6813.39,251.3664,1.8694,-,C,-0.18,73.68,[]
Germany,DE,DE,2024-02-14 09:40:43,2024-02-07,2024-02-08,186.7163,903.9,20.66,40.9,1094.8,1053.9,254.8323,4025.71,6813.39,251.3664,1.8694,-,C,-0.41,73.27,[]
Germany,DE,DE,2024-02-14 09:41:00,2024-02-08,2024-02-09,185.4915,903.9,20.52,33.56,1264.8,1231.3,254.8323,4025.71,6813.39,251.3664,1.8694,-,E,-0.48,72.79,[]
Germany,DE,DE,2024-02-27 10:45:07,2024-02-09,2024-02-10,184.9841,903.9,20.47,68.04,602.9,534.8,254.8323,4025.71,6813.39,251.3664,1.8694,-,C,-0.2,72.59,[]
Germany,DE,DE,2024-02-27 10:45:16,2024-02-10,2024-02-11,184.6706,903.9,20.43,187.09,387.8,200.7,254.8323,4025.71,6813.39,251.3664,1.8694,-,C,-0.12,72.47,[]
Germany,DE,DE,2024-02-27 10:45:25,2024-02-11,2024-02-12,184.2278,903.9,20.38,108.94,438.9,330.0,254.8323,4025.71,6813.39,251.3664,1.8694,-,C,-0.17,72.29,[]
Germany,DE,DE,2024-02-27 10:45:33,2024-02-12,2024-02-13,183.4644,903.9,20.3,15.69,691.2,675.5,254.8323,4025.71,6813.39,251.3664,1.8694,-,C,-0.3,71.99,[]
Germany,DE,DE,2024-02-27 10:45:42,2024-02-13,2024-02-14,182.536,903.9,20.19,53.25,864.1,810.8,254.8323,4025.71,6813.39,251.3664,1.8694,-,C,-0.36,71.63,[]
Germany,DE,DE,2024-02-27 10:45:50,2024-02-14,2024-02-15,181.8334,903.9,20.12,32.92,735.4,702.5,254.8323,4025.71,6813.39,251.3664,1.8694,-,C,-0.28,71.35,[]
Germany,DE,DE,2024-02-27 10:46:00,2024-02-15,2024-02-16,181.6633,903.9,20.1,161.02,332.4,171.4,254.8323,4025.71,6813.39,251.8664,1.8694,-,C,-0.07,71.29,[]
Germany,DE,DE,2024-02-27 10:46:09,2024-02-16,2024-02-17,181.6447,903.9,20.1,190.27,208.8,18.5,254.8323,4025.71,6813.39,253.4107,1.8694,-,C,-0.01,71.28,[]
Germany,DE,DE,2024-02-27 10:46:19,2024-02-17,2024-02-18,181.7792,903.9,20.11,285.0,150.5,-134.5,254.8323,4025.71,6813.39,253.4107,1.8694,-,C,0.05,71.33,[]
Germany,DE,DE,2024-02-27 10:46:28,2024-02-18,2024-02-19,181.8741,903.9,20.12,273.43,178.5,-94.9,254.8323,4025.71,6813.39,253.4107,1.8694,-,C,0.04,71.37,[]
Germany,DE,DE,2024-02-27 10:46:36,2024-02-19,2024-02-20,181.606,903.9,20.09,93.92,351.2,257.3,254.8323,4025.71,6813.39,253.4107,1.8694,-,C,-0.11,71.26,[]
Germany,DE,DE,2024-02-27 10:46:54,2024-02-20,2024-02-21,181.2582,903.9,20.05,89.22,440.5,351.3,254.8323,4025.71,6813.39,254.2769,1.0032,-,C,-0.14,71.13,[]
Germany,DE,DE,2024-02-27 10:46:45,2024-02-21,2024-02-22,180.7697,903.9,20.0,42.85,527.0,484.2,254.8323,4025.71,6813.39,254.2769,1.0032,-,E,-0.19,70.94,[]
Germany,DE,DE,2024-02-27 10:47:03,2024-02-22,2024-02-23,180.2871,903.9,19.95,30.21,512.3,482.1,254.8323,4025.71,6813.39,254.2769,1.0032,-,C,-0.19,70.75,[]
Germany,DE,DE,2024-02-27 10:47:11,2024-02-23,2024-02-24,179.6704,903.9,19.88,43.16,659.5,616.3,254.8323,4025.71,6813.39,254.2769,1.0032,-,C,-0.24,70.51,[]
Germany,DE,DE,2024-02-27 10:47:20,2024-02-24,2024-02-25,179.2841,903.9,19.83,57.96,444.3,386.4,254.8323,4025.71,6813.39,254.2769,1.0032,-,C,-0.15,70.35,[]
Germany,DE,DE,2024-02-27 10:47:28,2024-02-25,2024-02-26,178.9105,903.9,19.79,45.96,419.5,373.6,254.8323,4025.71,6813.39,254.2769,1.0032,-,C,-0.15,70.21,[]
Germany,DE,DE,2024-02-27 17:02:44,2024-02-26,2024-02-27,177.9924,903.9,19.69,34.97,951.5,916.5,254.8323,4025.71,6813.39,254.2769,1.0032,-,C,-0.36,69.85,[]
Germany,DE,DE,2024-02-29 07:37:17,2024-02-27,2024-02-28,176.9194,903.9,19.57,47.74,1031.6,983.9,254.8323,4025.71,6813.39,254.2769,1.0032,-,C,-0.42,69.43,[]
Germany,DE,DE,2024-03-04 06:56:45,2024-02-28,2024-02-29,175.8057,903.9,19.45,63.81,1172.5,1108.7,254.8323,4025.71,6813.39,254.2769,1.0032,-,C,-0.44,68.99,[]
Germany,DE,DE,2024-03-08 09:31:18,2024-02-29,2024-03-01,175.1646,903.9,19.38,106.26,742.2,635.9,254.8323,4025.71,6813.39,254.4821,1.0032,-,C,-0.25,68.74,[]
Germany,DE,DE,2024-03-08 09:35:31,2024-03-01,2024-03-02,174.5628,903.9,19.31,90.99,684.2,593.2,254.8323,4025.71,6813.39,254.83,1.0032,-,C,-0.24,68.5,[]
Germany,DE,DE,2024-03-08 09:35:13,2024-03-02,2024-03-03,174.5529,903.9,19.31,317.01,326.9,9.9,254.8323,4025.71,6813.39,254.83,1.0032,-,C,-0.0,68.5,[]
Germany,DE,DE,2024-03-08 09:35:47,2024-03-03,2024-03-04,174.6883,903.9,19.33,383.49,259.1,-124.4,254.8323,4025.71,6813.39,254.83,1.0032,-,C,0.05,68.55,[]
Germany,DE,DE,2024-03-08 09:36:02,2024-03-04,2024-03-05,174.2821,903.9,19.28,117.81,526.2,408.4,254.8323,4025.71,6813.39,254.83,1.0032,-,C,-0.16,68.39,[]
Germany,DE,DE,2024-03-08 09:36:20,2024-03-05,2024-03-06,173.2702,903.9,19.17,30.37,1042.2,1011.9,254.8323,4025.71,6813.39,254.83,1.0032,-,E,-0.4,67.99,[]
Germany,DE,DE,2024-03-08 09:36:35,2024-03-06,2024-03-07,172.4271,903.9,19.08,84.29,893.8,809.5,254.8323,4025.71,6813.39,254.83,1.0032,-,C,-0.33,67.66,[]
Germany,DE,DE,2024-03-08 17:05:49,2024-03-07,2024-03-08,171.8012,903.9,19.01,55.95,681.8,625.8,254.8323,4025.71,6813.39,254.83,1.0032,-,C,-0.25,67.42,[]
Germany,DE,DE,2024-03-11 06:27:58,2024-03-08,2024-03-09,171.2055,903.9,18.94,48.98,645.1,596.1,254.8323,4025.71,6813.39,254.83,1.0032,-,C,-0.23,67.18,[]
Germany,DE,DE,2024-03-11 08:46:07,2024-03-09,2024-03-10,171.0084,903.9,18.92,124.63,321.3,196.7,254.8323,4025.71,6813.39,254.83,1.0032,-,C,-0.08,67.11,[]
Germany,DE,DE,2024-03-11 18:25:51,2024-03-10,2024-03-11,170.9375,903.9,18.91,196.85,267.7,70.9,254.8323,4025.71,6813.39,254.83,1.0032,-,C,-0.03,67.08,[]
Germany,DE,DE,2024-03-14 10:50:11,2024-03-11,2024-03-12,170.23,903.9,18.83,39.19,746.8,707.6,254.8323,4025.71,6813.39,255.2785,1.0032,-,C,-0.28,66.8,[]
Germany,DE,DE,2024-03-14 10:51:12,2024-03-12,2024-03-13,169.457,903.9,18.75,57.42,830.1,772.6,254.8323,4025.71,6813.39,255.2785,1.0032,-,C,-0.3,66.5,[]
Germany,DE,DE,2024-03-14 17:05:22,2024-03-13,2024-03-14,168.8992,903.9,18.69,72.7,630.6,557.9,254.8323,4025.71,6813.39,255.2785,1.0032,-,E,-0.22,66.28,[]
Germany,DE,DE,2024-03-18 13:25:25,2024-03-14,2024-03-15,168.82,903.9,18.68,251.73,331.0,79.2,254.8323,4025.71,6813.39,256.33,-0.0483,-,E,-0.03,66.25,[]
Germany,DE,DE,2024-03-18 13:25:19,2024-03-15,2024-03-16,169.0114,903.9,18.7,362.14,170.7,-191.4,254.8323,4025.71,6813.39,256.33,-0.0483,-,E,0.08,66.32,[]
Germany,DE,DE,2024-03-18 13:25:12,2024-03-16,2024-03-17,169.0318,903.9,18.7,234.06,213.7,-20.4,254.7646,4025.71,6813.39,255.8509,-0.2277,-,E,0.01,66.35,[]
Germany,DE,DE,2024-03-18 17:05:06,2024-03-17,2024-03-18,168.9205,903.9,18.69,191.76,303.0,111.3,254.7646,4025.71,6813.39,255.8509,-0.2277,-,E,-0.04,66.3,[]
Germany,DE,DE,2024-08-05 11:32:32,2024-03-18,2024-03-19,168.5174,903.9,18.64,49.57,449.1,399.6,254.7369,4025.71,6813.39,255.8232,-0.2277,-,E,-0.16,66.15,[]
Germany,DE,DE,2024-08-05 11:32:32,2024-03-19,2024-03-20,168.126,903.9,18.6,41.98,432.5,390.6,254.7369,4025.71,6813.39,255.8232,-0.2277,-,E,-0.15,66.0,[]
Germany,DE,DE,2024-03-26 16:55:58,2024-03-20,2024-03-21,167.9661,903.9,18.58,66.62,226.3,159.7,254.7646,4025.71,6813.39,255.8509,-0.2277,-,E,-0.06,65.93,[]
Germany,DE,DE,2024-03-26 16:58:43,2024-03-21,2024-03-22,167.9402,903.9,18.58,185.13,210.6,25.5,254.7646,4025.71,6813.39,255.8509,-0.2277,-,E,-0.01,65.92,[]
Germany,DE,DE,2024-03-27 09:46:26,2024-03-22,2024-03-23,167.9048,903.9,18.58,154.67,190.1,35.4,254.7646,4025.71,6813.39,255.8509,-0.2277,-,E,-0.01,65.91,[]
Germany,DE,DE,2024-03-27 09:47:25,2024-03-23,2024-03-24,167.8591,903.9,18.57,123.56,168.7,45.1,254.7646,4025.71,6813.39,255.8509,-0.2277,-,E,-0.02,65.89,[]
Germany,DE,DE,2024-03-27 09:49:25,2024-03-24,2024-03-25,167.5977,903.9,18.54,98.33,368.1,269.8,254.7646,4025.71,6813.39,255.8509,-0.2277,-,E,-0.1,65.79,[]
Germany,DE,DE,2024-03-27 09:50:47,2024-03-25,2024-03-26,166.8088,903.9,18.45,33.93,814.2,780.3,254.7646,4025.71,6813.39,255.8509,-0.2277,-,E,-0.31,65.48,[]
Germany,DE,DE,2024-03-27 17:04:50,2024-03-26,2024-03-27,166.6097,903.9,18.43,213.35,359.9,146.5,254.7646,4025.71,6813.39,255.8509,-0.2277,-,C,-0.08,65.4,[]
Germany,DE,DE,2024-04-01 16:44:41,2024-03-27,2024-03-28,166.2568,903.9,18.39,57.89,410.0,352.1,254.7646,4025.71,6813.39,255.8509,-0.2277,-,C,-0.14,65.26,[]
Germany,DE,DE,2024-04-01 16:45:51,2024-03-28,2024-03-29,165.879,903.9,18.35,75.7,453.5,377.8,254.7646,4025.71,6813.39,255.8509,-0.2277,-,C,-0.15,65.11,[]
Germany,DE,DE,2024-04-01 16:46:40,2024-03-29,2024-03-30,165.8439,903.9,18.35,222.29,257.4,35.1,254.7646,4025.71,6813.39,255.8509,-0.2277,-,C,-0.01,65.1,[]
Germany,DE,DE,2024-04-09 07:27:22,2024-03-30,2024-03-31,165.4723,903.9,18.31,303.51,674.0,370.5,254.7646,3908.65,6618.9,255.8509,-0.2277,-,C,-0.15,64.95,[]
Germany,DE,DE,2024-04-09 07:26:34,2024-03-31,2024-04-01,159.9114,903.9,17.69,371.81,132.0,-239.8,254.7369,4025.71,6813.39,259.5528,-3.9573,-,C,-2.18,62.78,[]
Germany,DE,DE,2024-10-11 05:55:50,2024-04-01,2024-04-02,163.2764,903.9,18.06,320.55,289.2,-31.4,245.8664,4004.75,6745.2,233.7949,1.9116,-,C,1.37,66.41,[]
Germany,DE,DE,2024-10-11 05:55:43,2024-04-02,2024-04-03,164.1595,903.9,18.16,76.73,342.8,266.0,245.8664,4026.83,6749.28,236.3205,-0.614,-,C,0.36,66.77,[]
Germany,DE,DE,2024-10-11 05:55:37,2024-04-03,2024-04-04,164.2961,903.9,18.18,70.23,276.4,206.2,246.1092,4034.3,6762.1,236.3205,-0.614,-,C,0.06,66.76,[]
Germany,DE,DE,2024-10-11 05:55:30,2024-04-04,2024-04-05,163.8173,903.9,18.12,109.64,175.1,65.4,246.1092,4034.3,6762.1,236.3205,-0.614,-,C,-0.19,66.56,[]
Germany,DE,DE,2024-10-11 05:55:23,2024-04-05,2024-04-06,164.1308,903.9,18.16,371.55,58.1,-313.5,246.1092,4034.3,6762.1,236.8205,-0.614,-,E,0.13,66.69,[]
Germany,DE,DE,2024-10-11 05:55:17,2024-04-06,2024-04-07,164.9216,903.9,18.25,789.78,18.6,-771.2,246.1092,4034.3,6762.1,236.8205,-0.614,-,C,0.32,67.01,[]
Germany,DE,DE,2024-10-11 05:55:11,2024-04-07,2024-04-08,165.8957,903.9,18.35,986.39,12.3,-974.1,246.1092,4034.3,6762.1,236.8205,-0.614,-,E,0.4,67.41,[]
Germany,DE,DE,2024-10-11 05:50:07,2024-04-08,2024-04-09,166.7797,903.9,18.45,515.23,67.6,-447.6,246.1092,4034.3,6762.1,236.8205,-0.614,-,C,0.36,67.77,[]
Germany,DE,DE,2024-10-11 05:50:13,2024-04-09,2024-04-10,167.1618,903.9,18.49,425.84,43.8,-382.1,246.1092,4032.6,6761.02,236.8205,-0.614,-,C,0.16,67.92,[]
Germany,DE,DE,2024-10-11 05:50:19,2024-04-10,2024-04-11,167.3155,903.9,18.51,238.6,90.1,-148.5,246.1092,4032.6,6761.02,236.8205,-0.614,-,C,0.06,67.98,[]
Germany,DE,DE,2024-10-11 05:50:25,2024-04-11,2024-04-12,167.6004,903.9,18.54,344.61,72.5,-272.2,246.1092,4032.6,6761.02,237.0367,-0.8302,-,C,0.12,68.1,[]
Germany,DE,DE,2024-10-11 05:50:29,2024-04-12,2024-04-13,168.2831,903.9,18.62,695.3,14.0,-681.3,246.1092,4032.6,6761.02,237.0367,-0.8302,-,E,0.28,68.38,[]
Germany,DE,DE,2024-10-11 05:50:34,2024-04-13,2024-04-14,169.2384,903.9,18.72,980.36,7.3,-973.1,246.1092,4032.6,6761.02,237.0367,-0.8302,-,C,0.39,68.77,[]
Germany,DE,DE,2024-10-11 05:56:18,2024-04-14,2024-04-15,170.1317,903.9,18.82,907.5,16.0,-891.5,246.1092,4032.6,6761.02,237.0367,-0.8302,-,C,0.36,69.13,[]
Germany,DE,DE,2024-10-11 05:57:15,2024-04-15,2024-04-16,170.4589,903.9,18.86,388.53,63.0,-325.5,246.1092,4032.6,6761.02,236.0242,0.1822,-,C,0.13,69.26,[]
Germany,DE,DE,2024-10-11 05:57:09,2024-04-16,2024-04-17,170.1964,903.9,18.83,57.54,319.8,262.2,246.1092,4032.6,6761.02,237.0367,-0.8302,-,C,-0.11,69.15,[]
Germany,DE,DE,2024-10-11 05:57:05,2024-04-17,2024-04-18,169.6298,903.9,18.77,115.69,682.5,566.8,246.1092,4032.6,6761.02,237.0367,-0.8302,-,C,-0.23,68.92,[]
Germany,DE,DE,2024-10-11 05:56:59,2024-04-18,2024-04-19,168.9374,903.9,18.69,54.76,747.3,692.5,246.1092,4032.6,6761.02,237.0367,-0.8302,-,C,-0.28,68.64,[]
Germany,DE,DE,2024-10-11 05:56:54,2024-04-19,2024-04-20,168.568,903.9,18.65,30.75,399.7,369.0,246.1092,4032.6,6761.02,237.0367,-0.8302,-,C,-0.15,68.49,[]
Germany,DE,DE,2024-10-11 05:56:49,2024-04-20,2024-04-21,168.4257,903.9,18.63,75.16,217.5,142.3,246.1092,4032.6,6761.02,237.0367,-0.8302,-,C,-0.06,68.44,[]
Germany,DE,DE,2024-10-11 05:56:43,2024-04-21,2024-04-22,168.1667,903.9,18.6,47.85,290.6,242.8,246.1092,4032.6,6761.02,237.0367,-0.8302,-,C,-0.11,68.33,[]
Germany,DE,DE,2024-10-11 05:56:38,2024-04-22,2024-04-23,167.2496,903.9,18.5,28.83,936.8,908.0,246.1092,4032.6,6761.02,241.1612,-0.8302,-,C,-0.37,67.96,[]
Germany,DE,DE,2024-10-11 05:56:34,2024-04-23,2024-04-24,166.2311,903.9,18.39,37.81,1066.6,1028.8,246.1092,4032.6,6761.02,241.1612,-0.8302,-,C,-0.41,67.54,[]
Germany,DE,DE,2024-10-11 05:56:29,2024-04-24,2024-04-25,165.3904,903.9,18.3,23.34,862.0,838.7,246.1092,4032.6,6761.02,241.1612,-0.8302,-,C,-0.34,67.2,[]
Germany,DE,DE,2024-10-11 05:56:24,2024-04-25,2024-04-26,164.5988,903.9,18.21,17.33,803.9,786.6,246.1092,4032.6,6761.02,238.2229,-0.8302,-,C,-0.32,66.88,[]
Germany,DE,DE,2024-10-11 05:55:05,2024-04-26,2024-04-27,164.3404,903.9,18.18,17.48,274.9,257.4,246.1092,4032.6,6761.02,238.2229,-0.8302,-,C,-0.1,66.78,[]
Germany,DE,DE,2024-10-11 05:56:13,2024-04-27,2024-04-28,164.6236,903.9,18.21,304.89,15.7,-289.2,246.1092,4032.6,6761.02,238.2949,-0.9022,-,E,0.12,66.89,[]
Germany,DE,DE,2024-10-11 05:56:07,2024-04-28,2024-04-29,165.0674,903.9,18.26,460.13,14.7,-445.5,246.1092,4032.6,6761.02,238.2949,-0.9022,-,E,0.18,67.07,[]
Germany,DE,DE,2024-10-11 05:56:00,2024-04-29,2024-04-30,165.4178,903.9,18.3,330.2,9.7,-320.5,246.1092,4032.6,6761.02,238.2949,-0.9022,-,E,0.14,67.21,[]
Germany,DE,DE,2024-10-11 05:55:55,2024-04-30,2024-05-01,165.97,903.9,18.36,524.14,10.2,-513.9,246.1092,4032.6,6761.02,238.7632,-1.3705,-,C,0.22,67.44,[]
Germany,DE,DE,2024-05-03 03:58:55,2024-05-01,2024-05-02,166.5598,903.9,18.43,614.45,2.5,-611.9,246.1592,4032.6,6761.02,235.753,1.6972,-,C,0.24,67.66,[]
Germany,DE,DE,2024-05-08 05:38:25,2024-05-02,2024-05-03,167.1665,903.9,18.49,620.14,10.5,-609.6,247.4392,4057.44,6802.42,237.033,1.6972,-,E,0.25,67.56,[]
Germany,DE,DE,2024-05-13 09:19:09,2024-05-03,2024-05-04,167.4038,903.9,18.52,336.1,88.7,-247.4,247.4392,4057.44,6802.42,237.033,1.6972,-,E,0.1,67.65,[]
Germany,DE,DE,2024-05-13 09:19:09,2024-05-04,2024-05-05,167.7677,903.9,18.56,406.24,32.3,-374.0,247.4392,4057.44,6802.42,237.033,1.6972,-,E,0.15,67.8,[]
Germany,DE,DE,2024-05-16 10:33:03,2024-05-05,2024-05-06,168.1737,903.9,18.61,419.05,12.4,-406.6,247.4392,4057.44,6802.42,237.033,1.6972,-,C,0.16,67.97,[]
Germany,DE,DE,2024-07-02 08:35:17,2024-05-06,2024-05-07,168.1874,903.9,18.61,181.76,161.0,-20.7,247.4392,4057.44,6802.42,237.033,1.6972,-,C,0.01,67.97,[]
Germany,DE,DE,2024-05-13 09:19:09,2024-05-07,2024-05-08,168.1565,903.9,18.6,127.7,148.5,20.8,247.4392,4057.44,6802.42,237.033,1.6972,-,C,-0.01,67.96,[]
Germany,DE,DE,2024-05-13 09:19:09,2024-05-08,2024-05-09,168.0225,903.9,18.59,99.53,226.5,126.9,247.4392,4057.44,6802.42,237.033,1.6972,-,C,-0.05,67.9,[]
Germany,DE,DE,2024-06-05 10:04:21,2024-05-09,2024-05-10,168.4568,903.9,18.64,443.72,9.4,-434.3,247.4392,4057.44,6802.42,237.033,1.6972,-,C,0.18,68.08,[]
Germany,DE,DE,2024-06-05 10:04:26,2024-05-10,2024-05-11,169.0457,903.9,18.7,601.15,12.2,-589.0,247.4392,4057.44,6802.42,237.033,1.6972,-,C,0.24,68.32,[]
Germany,DE,DE,2024-06-05 10:04:30,2024-05-11,2024-05-12,169.9301,903.9,18.8,898.64,4.2,-894.4,247.4392,4057.44,6802.42,237.033,1.6972,-,C,0.36,68.68,[]
Germany,DE,DE,2024-06-05 10:01:02,2024-05-12,2024-05-13,170.8922,903.9,18.91,974.71,2.5,-972.2,247.4392,4057.44,6802.42,237.033,1.6972,-,C,0.39,69.06,[]
Germany,DE,DE,2024-06-05 10:03:30,2024-05-13,2024-05-14,171.678,903.9,18.99,808.22,10.3,-797.9,247.4392,4057.44,6802.42,237.033,1.6972,-,C,0.32,69.38,[]
Germany,DE,DE,2024-06-05 10:04:33,2024-05-14,2024-05-15,172.475,903.9,19.08,798.94,4.3,-794.6,247.4392,4057.44,6802.42,237.3459,1.5066,-,C,0.32,69.7,[]
Germany,DE,DE,2024-06-05 10:00:46,2024-05-15,2024-05-16,173.2015,903.9,19.16,727.13,7.8,-719.3,247.4392,4057.44,6802.42,237.3459,1.5066,-,C,0.29,70.0,[]
Germany,DE,DE,2024-06-05 10:00:54,2024-05-16,2024-05-17,173.7602,903.9,19.22,569.26,6.0,-563.2,247.4392,4057.44,6802.42,237.3459,1.5066,-,C,0.23,70.22,[]
Germany,DE,DE,2024-06-05 10:00:49,2024-05-17,2024-05-18,174.4018,903.9,19.29,638.75,4.1,-634.6,247.4392,4057.44,6802.42,237.3459,1.5066,-,C,0.26,70.48,[]
Germany,DE,DE,2024-06-05 10:00:58,2024-05-18,2024-05-19,175.1887,903.9,19.38,792.56,5.6,-787.0,247.4392,4057.44,6802.42,237.3459,1.5066,-,C,0.32,70.8,[]
Germany,DE,DE,2024-06-05 10:01:10,2024-05-19,2024-05-20,175.9402,903.9,19.46,754.0,2.5,-751.5,247.4392,4057.44,6802.42,237.3459,1.5066,-,C,0.3,71.1,[]
Germany,DE,DE,2024-06-05 10:01:06,2024-05-20,2024-05-21,176.5853,903.9,19.54,651.4,7.8,-643.6,247.4392,4057.44,6802.42,237.3459,1.5066,-,C,0.26,71.37,[]
Germany,DE,DE,2024-06-05 10:01:15,2024-05-21,2024-05-22,176.7683,903.9,19.56,291.61,114.0,-177.6,247.4392,4057.44,6802.42,237.3459,1.5066,-,C,0.07,71.44,[]
Germany,DE,DE,2024-06-11 09:50:05,2024-05-22,2024-05-23,177.1728,903.9,19.6,429.68,25.2,-404.5,247.4392,4057.44,6802.42,237.3459,1.5066,-,C,0.16,71.6,[]
Germany,DE,DE,2024-06-11 09:50:09,2024-05-23,2024-05-24,177.6716,903.9,19.66,521.86,23.0,-498.8,247.4392,4057.44,6802.42,237.3459,1.5066,-,C,0.2,71.8,[]
Germany,DE,DE,2024-06-11 09:50:14,2024-05-24,2024-05-25,177.9267,903.9,19.68,279.37,24.2,-255.2,247.4392,4057.44,6802.42,237.5169,1.4856,-,C,0.1,71.91,[]
Germany,DE,DE,2024-06-11 09:50:18,2024-05-25,2024-05-26,178.3194,903.9,19.73,413.39,20.7,-392.7,247.4392,4057.44,6802.42,237.5169,1.4856,-,C,0.16,72.07,[]
Germany,DE,DE,2024-06-11 09:50:23,2024-05-26,2024-05-27,178.7843,903.9,19.78,472.46,7.5,-464.9,247.4392,4057.44,6802.42,237.5169,1.4856,-,C,0.19,72.25,[]
Germany,DE,DE,2024-06-05 10:01:44,2024-05-27,2024-05-28,179.1062,903.9,19.81,329.08,7.3,-321.8,247.4392,4057.44,6802.42,242.2539,1.7058,-,C,0.13,72.38,[]
Germany,DE,DE,2024-06-05 10:01:48,2024-05-28,2024-05-29,179.3461,903.9,19.84,270.56,30.6,-240.0,247.4392,4057.44,6802.42,242.2539,1.7058,-,C,0.1,72.48,[]
Germany,DE,DE,2024-07-02 08:35:54,2024-05-29,2024-05-30,179.5664,903.9,19.87,243.78,23.5,-220.3,247.4392,4057.44,6802.42,242.2539,1.7058,-,C,0.09,72.57,[]
Germany,DE,DE,2024-06-05 10:01:56,2024-05-30,2024-05-31,179.7974,903.9,19.89,312.1,81.1,-231.0,247.4392,4057.44,6802.42,242.2539,1.7058,-,C,0.09,72.66,[]
Germany,DE,DE,2024-06-05 10:01:52,2024-05-31,2024-06-01,180.2395,903.9,19.94,454.51,12.4,-442.1,247.4392,4057.44,6802.42,242.2539,1.7058,-,C,0.18,72.84,[]
Germany,DE,DE,2024-06-18 16:05:13,2024-06-01,2024-06-02,180.3047,903.9,19.95,679.43,2.5,-677.0,247.4392,4057.44,6802.42,242.222,1.7377,-,C,0.03,72.87,[]
Germany,DE,DE,2024-06-18 16:05:14,2024-06-02,2024-06-03,180.9119,903.9,20.01,608.13,2.2,-605.9,247.4392,4057.44,6802.42,242.222,1.7377,-,C,0.25,73.11,[]
Germany,DE,DE,2024-06-18 16:05:14,2024-06-03,2024-06-04,181.0962,903.9,20.03,305.68,121.3,-184.4,247.4392,4057.44,6802.42,242.222,1.7377,-,C,0.07,73.19,[]
Germany,DE,DE,2024-06-18 16:05:14,2024-06-04,2024-06-05,181.4858,903.9,20.08,419.12,26.1,-393.0,247.4392,4057.44,6802.42,242.2339,1.7258,-,C,0.16,73.35,[]
Germany,DE,DE,2024-08-05 10:59:25,2024-06-05,2024-06-06,181.9127,903.9,20.13,429.59,6.1,-423.5,247.4392,4057.44,6802.42,242.2339,1.7258,-,C,0.17,73.52,[]
Germany,DE,DE,2024-08-05 10:59:25,2024-06-06,2024-06-07,182.8526,903.9,20.23,522.07,5.6,-516.5,247.4392,4057.44,6802.42,242.2339,1.7258,-,E,0.38,73.9,[]
Germany,DE,DE,2024-06-18 16:05:15,2024-06-07,2024-06-08,183.42,903.9,20.29,572.73,5.3,-567.4,247.4392,4057.44,6802.42,242.2339,1.7258,-,C,0.23,74.13,[]
Germany,DE,DE,2024-06-18 16:05:15,2024-06-08,2024-06-09,184.2366,903.9,20.38,825.08,8.5,-816.6,247.4392,4057.44,6802.42,242.3851,1.5746,-,E,0.33,74.46,[]
Germany,DE,DE,2024-08-05 11:01:16,2024-06-09,2024-06-10,184.9982,903.9,20.47,777.61,17.0,-760.6,247.4392,4057.44,6802.42,242.3851,1.5746,-,C,0.31,74.77,[]
Germany,DE,DE,2024-08-05 11:01:16,2024-06-10,2024-06-11,185.4547,903.9,20.52,474.37,17.9,-456.4,246.6272,4057.44,6802.42,241.5731,1.5746,-,E,0.19,75.2,[]
Germany,DE,DE,2024-06-18 16:05:15,2024-06-11,2024-06-12,185.9298,903.9,20.57,491.37,16.2,-475.1,246.6272,4057.44,6802.42,241.5731,1.5746,-,C,0.19,75.39,[]
Germany,DE,DE,2024-09-11 14:37:56,2024-06-12,2024-06-13,186.2958,903.9,20.61,387.88,17.9,-370.0,246.6272,4057.44,6802.42,241.5731,1.5746,-,C,0.15,75.54,[]
Germany,DE,DE,2024-06-18 16:05:16,2024-06-13,2024-06-14,186.7669,903.9,20.66,479.82,9.2,-470.7,246.6272,4057.44,6802.42,241.5731,1.5746,-,C,0.19,75.73,[]
Germany,DE,DE,2024-06-18 16:05:16,2024-06-14,2024-06-15,187.5845,903.9,20.75,829.8,12.7,-817.1,246.6272,4057.44,6802.42,241.5731,1.5746,-,C,0.33,76.06,[]
Germany,DE,DE,2024-06-18 16:05:16,2024-06-15,2024-06-16,188.4699,903.9,20.85,902.88,14.1,-888.7,247.4272,4057.44,6802.42,242.3731,1.5746,-,C,0.36,76.17,[]
Germany,DE,DE,2024-06-18 16:05:16,2024-06-16,2024-06-17,187.1538,903.9,20.71,917.15,13.1,-904.1,247.4272,4057.44,6802.42,242.3731,1.5746,-,C,-0.53,75.64,[]
Germany,DE,DE,2024-06-18 22:00:15,2024-06-17,2024-06-18,189.9835,903.9,21.02,612.82,5.0,-607.8,247.4272,4057.44,6802.42,242.3731,1.5746,-,C,1.14,76.78,[]
Germany,DE,DE,2024-06-19 16:05:20,2024-06-18,2024-06-19,190.5281,903.9,21.08,558.24,7.2,-551.1,247.4272,4057.44,6802.42,242.3731,1.5746,-,C,0.22,77.0,[]
Germany,DE,DE,2024-06-26 08:20:18,2024-06-19,2024-06-20,191.2826,903.9,21.16,755.7,8.2,-747.5,247.4272,4057.44,6802.42,242.3731,1.5746,-,C,0.3,77.31,[]
Germany,DE,DE,2024-06-27 09:06:19,2024-06-20,2024-06-21,191.9881,903.9,21.24,715.12,9.6,-705.5,247.4272,4057.44,6802.42,242.3731,1.5746,-,E,0.29,77.59,[]
Germany,DE,DE,2024-06-27 09:06:15,2024-06-21,2024-06-22,192.6858,903.9,21.32,715.43,17.7,-697.7,247.4272,4057.44,6802.42,242.3731,1.5746,-,C,0.28,77.88,[]
Germany,DE,DE,2024-06-27 09:06:11,2024-06-22,2024-06-23,193.8415,903.9,21.45,1177.92,22.1,-1155.8,247.4272,4057.44,6802.42,242.3731,1.5746,-,C,0.47,78.34,[]
Germany,DE,DE,2024-06-27 09:06:06,2024-06-23,2024-06-24,194.9288,903.9,21.57,1094.51,7.2,-1087.3,247.4272,4057.44,6802.42,242.3731,1.5746,-,C,0.44,78.78,[]
Germany,DE,DE,2024-06-27 09:06:02,2024-06-24,2024-06-25,195.6175,903.9,21.64,696.53,7.8,-688.7,247.4272,4057.44,6802.42,242.3731,1.5746,-,C,0.28,79.06,[]
Germany,DE,DE,2024-06-28 09:30:07,2024-06-25,2024-06-26,196.3971,903.9,21.73,779.7,6.4,-773.3,247.4272,4057.44,6802.42,241.4554,1.6128,-,C,0.32,79.38,[]
Germany,DE,DE,2024-06-28 10:32:39,2024-06-26,2024-06-27,197.2586,903.9,21.82,877.34,15.3,-862.0,247.4272,4057.44,6802.42,241.4536,1.6129,-,C,0.35,79.72,[]
Germany,DE,DE,2024-07-01 07:16:39,2024-06-27,2024-06-28,198.1163,903.9,21.92,864.12,6.3,-857.8,247.4272,4057.44,6802.42,241.4536,1.6129,-,C,0.35,80.07,[]
Germany,DE,DE,2025-05-19 08:40:03,2024-06-28,2024-06-29,199.0779,903.9,22.02,976.69,13.2,-963.5,247.4066,4057.44,6802.42,241.433,1.6129,-,E,0.39,80.47,[]
Germany,DE,DE,2024-09-11 14:46:44,2024-06-29,2024-06-30,200.1279,903.9,22.14,1058.35,11.5,-1046.9,247.4066,4057.44,6802.42,241.433,1.6129,-,E,0.42,80.89,[]
Germany,DE,DE,2024-07-04 09:14:26,2024-06-30,2024-07-01,201.1689,903.9,22.26,1021.67,2.5,-1019.1,247.4066,4057.44,6802.42,241.433,1.6129,-,E,0.42,81.31,[]
Germany,DE,DE,2024-10-11 06:04:25,2024-07-01,2024-07-02,201.8279,903.9,22.33,667.23,7.2,-660.1,247.4066,4057.44,6802.42,242.2452,0.8007,-,C,0.27,81.58,[]
Germany,DE,DE,2024-10-11 06:04:31,2024-07-02,2024-07-03,202.5578,903.9,22.41,730.36,1.8,-728.5,247.4066,4057.44,6802.42,242.2452,0.8007,-,C,0.3,81.87,[]
Germany,DE,DE,2024-10-11 06:04:47,2024-07-03,2024-07-04,203.2697,903.9,22.49,717.26,6.7,-710.6,247.4066,4057.44,6802.42,242.2452,0.8007,-,C,0.29,82.16,[]
Germany,DE,DE,2024-10-11 06:04:42,2024-07-04,2024-07-05,204.0139,903.9,22.57,746.25,1.2,-745.0,247.4066,4057.44,6802.42,242.2452,0.8007,-,C,0.3,82.46,[]
Germany,DE,DE,2024-10-11 06:04:36,2024-07-05,2024-07-06,204.862,903.9,22.66,849.75,1.7,-848.1,247.4066,4057.44,6802.42,242.2452,0.8007,-,C,0.34,82.8,[]
Germany,DE,DE,2024-10-11 06:04:52,2024-07-06,2024-07-07,205.6212,903.9,22.75,762.91,2.7,-760.2,247.4066,4057.44,6802.42,242.2452,0.8007,-,C,0.31,83.11,[]
Germany,DE,DE,2024-10-11 06:03:26,2024-07-07,2024-07-08,206.3711,903.9,22.83,756.16,6.2,-749.9,247.4066,4057.44,6802.42,242.2452,0.8007,-,C,0.3,83.41,[]
Germany,DE,DE,2024-10-11 06:05:07,2024-07-08,2024-07-09,207.1781,903.9,22.92,813.29,6.2,-807.0,247.4066,4057.44,6802.42,242.2452,0.8007,-,C,0.33,83.74,[]
Germany,DE,DE,2024-10-11 06:05:01,2024-07-09,2024-07-10,208.0291,903.9,23.01,858.73,6.9,-851.8,247.4066,4057.44,6802.42,242.2452,0.8007,-,C,0.34,84.08,[]
Germany,DE,DE,2024-10-11 06:04:57,2024-07-10,2024-07-11,208.7755,903.9,23.1,754.24,7.9,-746.4,247.5309,4059.67,6803.74,242.3204,0.8498,-,C,0.3,84.34,[]
Germany,DE,DE,2024-10-11 06:02:43,2024-07-11,2024-07-12,209.3406,903.9,23.16,570.81,5.6,-565.2,247.5309,4059.67,6803.74,242.3204,0.8498,-,C,0.23,84.57,[]
Germany,DE,DE,2024-10-11 06:03:21,2024-07-12,2024-07-13,209.8356,903.9,23.21,504.46,9.5,-495.0,247.5309,4059.67,6803.74,242.3204,0.8498,-,C,0.2,84.77,[]
Germany,DE,DE,2024-10-11 06:03:16,2024-07-13,2024-07-14,210.453,903.9,23.28,630.1,12.7,-617.4,247.5309,4056.79,6799.66,242.3204,0.8498,-,C,0.25,85.02,[]
Germany,DE,DE,2024-10-11 06:03:10,2024-07-14,2024-07-15,211.1468,903.9,23.36,695.54,1.8,-693.8,247.5309,4056.79,6799.66,242.3204,0.8498,-,C,0.28,85.3,[]
Germany,DE,DE,2024-10-11 06:03:05,2024-07-15,2024-07-16,211.7465,903.9,23.43,603.6,4.0,-599.6,247.5309,4056.79,6799.66,242.6368,0.5334,-,C,0.24,85.54,[]
Germany,DE,DE,2024-10-11 06:02:59,2024-07-16,2024-07-17,212.5168,903.9,23.51,771.64,4.5,-767.2,247.5309,4056.79,6799.66,242.6368,0.5334,-,C,0.31,85.85,[]
Germany,DE,DE,2024-10-11 06:02:54,2024-07-17,2024-07-18,213.1793,903.9,23.58,664.45,1.9,-662.5,247.5309,4056.79,6799.66,242.6368,0.5334,-,C,0.27,86.12,[]
Germany,DE,DE,2024-10-11 06:02:48,2024-07-18,2024-07-19,213.7606,903.9,23.65,586.67,5.4,-581.2,247.5309,4056.79,6799.66,242.6368,0.5334,-,C,0.23,86.36,[]
Germany,DE,DE,2024-10-11 06:02:37,2024-07-19,2024-07-20,214.5234,903.9,23.73,764.76,2.0,-762.8,247.5309,4056.79,6799.66,242.6386,0.5333,-,C,0.31,86.67,[]
Germany,DE,DE,2024-10-11 06:02:31,2024-07-20,2024-07-21,215.4808,903.9,23.84,958.61,1.2,-957.4,247.5309,4056.79,6799.66,242.6386,0.5333,-,C,0.39,87.05,[]
Germany,DE,DE,2024-10-11 06:02:25,2024-07-21,2024-07-22,216.3575,903.9,23.94,876.67,0.0,-876.7,247.5309,4056.79,6799.66,242.6386,0.5333,-,C,0.35,87.41,[]
Germany,DE,DE,2024-10-11 06:03:30,2024-07-22,2024-07-23,216.9934,903.9,24.01,644.41,8.6,-635.8,247.5309,4056.79,6799.66,242.6386,0.5333,-,C,0.26,87.66,[]
Germany,DE,DE,2024-10-11 06:03:34,2024-07-23,2024-07-24,217.5316,903.9,24.07,545.67,7.4,-538.3,247.5309,4056.79,6799.66,242.6386,0.5333,-,C,0.22,87.88,[]
Germany,DE,DE,2024-10-11 06:03:38,2024-07-24,2024-07-25,218.0241,903.9,24.12,506.21,13.7,-492.5,247.5309,4056.79,6799.66,242.6386,0.5333,-,C,0.2,88.08,[]
Germany,DE,DE,2024-10-11 06:03:42,2024-07-25,2024-07-26,218.4581,903.9,24.17,447.28,13.3,-434.0,247.5309,4056.79,6799.66,242.5886,0.5354,-,C,0.18,88.25,[]
Germany,DE,DE,2024-10-11 06:03:47,2024-07-26,2024-07-27,218.8626,903.9,24.21,413.44,8.9,-404.5,247.5309,4056.79,6799.66,242.5886,0.5354,-,C,0.16,88.42,[]
Germany,DE,DE,2024-10-11 06:03:52,2024-07-27,2024-07-28,219.4108,903.9,24.27,555.53,7.3,-548.2,247.5309,4056.79,6799.66,242.5886,0.5354,-,C,0.22,88.64,[]
Germany,DE,DE,2024-10-11 06:03:57,2024-07-28,2024-07-29,219.9647,903.9,24.34,556.42,2.6,-553.8,247.5309,4056.79,6799.66,242.5886,0.5354,-,C,0.22,88.86,[]
Germany,DE,DE,2024-10-11 06:04:04,2024-07-29,2024-07-30,220.3742,903.9,24.38,417.21,7.7,-409.6,247.5309,4056.79,6799.66,242.5886,0.5354,-,C,0.17,89.03,[]
Germany,DE,DE,2024-10-11 06:04:10,2024-07-30,2024-07-31,220.7813,903.9,24.43,418.39,11.3,-407.1,247.5309,4056.79,6799.66,242.5886,0.5354,-,C,0.16,89.19,[]
Germany,DE,DE,2024-10-11 06:04:17,2024-07-31,2024-08-01,221.1985,903.9,24.47,423.28,10.9,-412.4,247.5309,4056.79,6799.66,242.5885,0.5354,-,E,0.17,89.36,[]
Germany,DE,DE,2024-08-16 08:18:52,2024-08-01,2024-08-02,221.5525,903.9,24.51,352.97,3.3,-349.7,247.7809,4068.79,6811.66,242.8385,0.5354,-,E,0.14,89.41,[]
Germany,DE,DE,2024-08-06 13:22:52,2024-08-02,2024-08-03,222.0531,903.9,24.57,506.88,2.0,-504.9,247.7809,4068.79,6811.66,242.8385,0.5354,-,C,0.2,89.62,[]
Germany,DE,DE,2024-08-14 16:05:08,2024-08-03,2024-08-04,222.7254,903.9,24.64,679.9,2.9,-677.0,247.7809,4068.79,6811.66,242.8385,0.5354,-,C,0.27,89.89,[]
Germany,DE,DE,2024-09-11 14:59:22,2024-08-04,2024-08-05,223.4077,903.9,24.72,686.73,1.9,-684.8,247.7809,4068.79,6811.66,242.8385,0.5354,-,C,0.28,90.16,[]
Germany,DE,DE,2025-05-19 08:45:05,2024-08-05,2024-08-06,224.0732,903.9,24.79,666.95,3.9,-663.1,247.7809,4068.79,6811.66,242.8385,0.5354,-,E,0.27,90.43,[]
Germany,DE,DE,2025-05-19 08:45:10,2024-08-06,2024-08-07,224.5208,903.9,24.84,498.87,5.0,-493.9,248.1309,4068.79,6811.66,243.1885,0.5354,-,E,0.18,90.48,[]
Germany,DE,DE,2025-05-19 08:45:16,2024-08-07,2024-08-08,225.053,903.9,24.9,534.85,2.5,-532.3,248.1309,4068.79,6811.66,243.1885,0.5354,-,E,0.21,90.7,[]
Germany,DE,DE,2024-08-19 13:21:13,2024-08-08,2024-08-09,225.6038,903.9,24.96,555.12,4.3,-550.8,248.1309,4068.79,6811.66,243.1885,0.5354,-,C,0.22,90.92,[]
Germany,DE,DE,2024-08-19 13:20:55,2024-08-09,2024-08-10,226.222,903.9,25.03,620.18,2.1,-618.1,248.1309,4068.79,6811.66,243.1885,0.5354,-,C,0.25,91.17,[]
Germany,DE,DE,2024-08-19 13:20:41,2024-08-10,2024-08-11,226.9166,903.9,25.1,702.59,8.0,-694.6,248.1309,4068.79,6811.66,243.1885,0.5354,-,C,0.28,91.45,[]
Germany,DE,DE,2024-09-11 15:04:15,2024-08-11,2024-08-12,227.5358,903.9,25.17,643.05,23.8,-619.2,248.1309,4068.79,6811.66,243.1885,0.5354,-,C,0.25,91.7,[]
Germany,DE,DE,2024-08-14 16:25:08,2024-08-12,2024-08-13,228.1242,903.9,25.24,593.53,5.1,-588.5,248.1309,4068.79,6811.66,244.2962,0.4951,-,C,0.24,91.94,[]
Germany,DE,DE,2024-08-15 16:25:04,2024-08-13,2024-08-14,228.7916,903.9,25.31,673.64,4.2,-669.4,248.2308,4068.79,6811.66,244.3961,0.4951,-,C,0.27,92.17,[]
Germany,DE,DE,2024-08-16 16:26:08,2024-08-14,2024-08-15,229.3439,903.9,25.37,560.48,10.2,-550.3,248.6091,4068.79,6811.66,244.3961,0.8734,-,C,0.22,92.25,[]
Germany,DE,DE,2024-08-19 07:56:38,2024-08-15,2024-08-16,229.9425,903.9,25.44,623.11,4.6,-618.5,248.7303,4068.79,6811.66,244.3961,0.9946,-,C,0.24,92.45,[]
Germany,DE,DE,2024-08-19 07:57:26,2024-08-16,2024-08-17,230.5121,903.9,25.5,584.82,4.6,-580.3,248.7303,4068.79,6811.66,244.3961,0.9946,-,E,0.23,92.68,[]
Germany,DE,DE,2024-08-19 16:25:38,2024-08-17,2024-08-18,231.2714,903.9,25.59,805.45,0.0,-805.4,248.7303,4068.79,6811.66,244.3961,0.9946,-,C,0.31,92.98,[]
Germany,DE,DE,2024-08-20 16:25:04,2024-08-18,2024-08-19,232.0581,903.9,25.67,812.35,0.0,-812.3,248.7303,4068.79,6811.66,244.3961,0.9946,-,C,0.32,93.3,[]
Germany,DE,DE,2024-08-21 16:25:04,2024-08-19,2024-08-20,232.5081,903.9,25.72,458.82,4.0,-454.8,248.8333,4068.79,6811.66,244.4991,0.9946,-,C,0.18,93.44,[]
Germany,DE,DE,2024-08-22 16:20:59,2024-08-20,2024-08-21,232.9356,903.9,25.77,469.79,14.8,-455.0,248.8333,4068.79,6811.66,244.4991,0.9946,-,C,0.17,93.61,[]
Germany,DE,DE,2024-08-23 16:25:10,2024-08-21,2024-08-22,233.4261,903.9,25.82,519.24,2.4,-516.8,248.8333,4068.79,6811.66,244.4991,0.9946,-,C,0.2,93.81,[]
Germany,DE,DE,2024-08-24 16:25:03,2024-08-22,2024-08-23,233.9234,903.9,25.88,537.08,6.5,-530.6,248.8333,4068.79,6811.66,243.5889,0.9946,-,C,0.2,94.01,[]
Germany,DE,DE,2024-08-26 16:06:59,2024-08-23,2024-08-24,234.4594,903.9,25.94,584.92,18.1,-566.8,248.8333,4068.79,6811.66,243.5889,0.9946,-,C,0.22,94.22,[]
Germany,DE,DE,2024-08-26 16:25:22,2024-08-24,2024-08-25,235.1961,903.9,26.02,767.58,2.7,-764.9,249.6453,4068.79,6811.66,245.3111,0.9946,-,C,0.3,94.21,[]
Germany,DE,DE,2024-08-27 16:25:03,2024-08-25,2024-08-26,235.9386,903.9,26.1,752.61,0.0,-752.6,249.6453,4068.79,6811.66,245.3111,0.9946,-,C,0.3,94.51,[]
Germany,DE,DE,2024-08-28 16:25:04,2024-08-26,2024-08-27,236.3622,903.9,26.15,446.56,12.5,-434.1,249.6453,4068.79,6811.66,245.3111,0.9946,-,C,0.17,94.68,[]
Germany,DE,DE,2024-08-29 16:25:03,2024-08-27,2024-08-28,236.6617,903.9,26.18,314.95,15.4,-299.5,249.6453,4068.79,6811.66,245.3111,0.9946,-,C,0.12,94.8,[]
Germany,DE,DE,2024-08-30 16:25:04,2024-08-28,2024-08-29,237.0688,903.9,26.23,435.48,9.0,-426.5,249.6453,4068.79,6811.66,245.4629,0.8428,-,C,0.16,94.96,[]
Germany,DE,DE,2024-09-02 15:54:25,2024-08-29,2024-08-30,237.1841,903.9,26.24,203.67,78.5,-125.2,249.8207,4068.79,6811.66,245.6383,0.8428,-,C,0.05,94.94,[]
Germany,DE,DE,2024-09-02 15:55:33,2024-08-30,2024-08-31,237.461,903.9,26.27,298.06,7.3,-290.8,249.8207,4068.79,6811.66,245.6383,0.8428,-,C,0.11,95.05,[]
Germany,DE,DE,2024-09-02 16:25:34,2024-08-31,2024-09-01,237.8993,903.9,26.32,464.13,4.4,-459.7,249.8207,4068.79,6811.66,245.6383,0.8428,-,C,0.18,95.23,[]
Germany,DE,DE,2024-09-03 16:25:07,2024-09-01,2024-09-02,238.4016,903.9,26.37,522.77,15.9,-506.9,251.0881,4068.79,6811.66,247.3178,87.6633,-,C,0.2,94.95,[]
Germany,DE,DE,2024-09-05 04:18:37,2024-09-02,2024-09-03,238.6172,903.9,26.4,250.06,30.4,-219.7,251.0881,4068.79,6811.66,247.3178,0.4306,-,C,0.09,95.03,[]
Germany,DE,DE,2024-09-12 10:22:40,2024-09-03,2024-09-04,238.6778,903.9,26.41,127.95,66.8,-61.2,251.0881,4068.79,6811.66,247.3178,0.4306,-,C,0.02,95.06,[]
Germany,DE,DE,2024-09-11 14:07:23,2024-09-04,2024-09-05,238.6823,903.9,26.41,86.68,82.0,-4.7,251.0881,4068.79,6811.66,247.3178,0.4306,-,C,0.0,95.06,[]
Germany,DE,DE,2024-09-11 14:05:38,2024-09-05,2024-09-06,238.9204,903.9,26.43,247.74,9.7,-238.0,251.0881,4068.79,6811.66,247.3678,0.3806,-,C,0.09,95.15,[]
Germany,DE,DE,2024-09-11 14:53:28,2024-09-06,2024-09-07,239.2648,903.9,26.47,355.12,10.7,-344.5,251.1281,4068.79,6811.66,247.4078,0.3806,-,C,0.14,95.28,[]
Germany,DE,DE,2024-09-11 14:55:40,2024-09-07,2024-09-08,239.5663,903.9,26.5,321.45,20.0,-301.4,251.1281,4068.79,6811.66,247.4078,0.3806,-,E,0.12,95.4,[]
Germany,DE,DE,2024-09-10 16:25:19,2024-09-08,2024-09-09,239.8876,903.9,26.54,338.52,15.2,-323.3,251.1281,4068.79,6811.66,247.4078,0.3806,-,C,0.13,95.52,[]
Germany,DE,DE,2024-09-11 16:25:11,2024-09-09,2024-09-10,240.0093,903.9,26.55,131.1,11.4,-119.7,251.1281,4068.79,6811.66,247.4078,0.3806,-,C,0.05,95.57,[]
Germany,DE,DE,2024-09-16 10:13:58,2024-09-10,2024-09-11,240.3585,903.9,26.59,366.54,17.3,-349.3,251.1281,4068.79,6811.66,247.4078,0.3806,-,C,0.14,95.71,[]
Germany,DE,DE,2024-09-16 10:15:37,2024-09-11,2024-09-12,240.4498,903.9,26.6,116.81,24.9,-91.9,251.1281,4068.79,6811.66,247.4078,0.3806,-,E,0.04,95.75,[]
Germany,DE,DE,2024-09-16 10:16:19,2024-09-12,2024-09-13,240.2416,903.9,26.58,41.7,248.5,206.8,251.1281,4068.79,6811.66,247.4078,0.3806,-,E,-0.08,95.66,[]
Germany,DE,DE,2024-09-16 10:16:51,2024-09-13,2024-09-14,240.1075,903.9,26.56,25.5,159.5,134.0,251.1281,4068.79,6811.66,247.4078,0.3806,-,C,-0.05,95.61,[]
Germany,DE,DE,2024-09-16 16:25:22,2024-09-14,2024-09-15,240.0019,903.9,26.55,29.08,134.6,105.5,251.1281,4068.79,6811.66,247.4078,0.3806,-,C,-0.04,95.57,[]
Germany,DE,DE,2024-09-17 16:25:16,2024-09-15,2024-09-16,240.1118,903.9,26.56,38.19,120.4,82.2,251.1281,4068.79,6811.66,247.4078,0.3806,-,C,0.04,95.61,[]
Germany,DE,DE,2024-09-18 16:25:15,2024-09-16,2024-09-17,239.946,903.9,26.55,26.39,192.2,165.8,251.1281,4068.79,6811.66,247.4078,0.3806,-,C,-0.07,95.55,[]
Germany,DE,DE,2024-09-19 16:25:31,2024-09-17,2024-09-18,239.9321,903.9,26.54,43.86,57.7,13.9,251.1281,4068.79,6811.66,247.4078,0.3806,-,C,-0.01,95.54,[]
Germany,DE,DE,2024-09-20 16:25:12,2024-09-18,2024-09-19,240.1225,903.9,26.57,198.45,9.9,-188.6,251.1281,4068.79,6811.66,247.4078,0.3806,-,C,0.08,95.62,[]
Germany,DE,DE,2024-09-23 07:06:51,2024-09-19,2024-09-20,240.2361,903.9,26.58,159.52,44.3,-115.2,251.1451,4068.79,6811.66,247.4248,0.3806,-,E,0.05,95.66,[]
Germany,DE,DE,2024-09-23 07:07:30,2024-09-20,2024-09-21,240.1842,903.9,26.57,111.05,162.8,51.7,251.1451,4068.79,6811.66,247.4248,0.3806,-,C,-0.02,95.64,[]
Germany,DE,DE,2024-09-23 16:25:12,2024-09-21,2024-09-22,240.3957,903.9,26.6,235.83,25.6,-210.2,251.1451,4068.79,6811.66,247.4248,0.3806,-,C,0.08,95.72,[]
Germany,DE,DE,2024-09-24 16:25:14,2024-09-22,2024-09-23,240.5033,903.9,26.61,185.39,77.8,-107.6,251.1451,4068.79,6811.66,247.4248,0.3806,-,C,0.04,95.76,[]
Germany,DE,DE,2024-09-25 16:31:35,2024-09-23,2024-09-24,240.4637,903.9,26.6,93.07,132.7,39.6,251.1451,4068.79,6811.66,247.4248,0.3806,-,C,-0.02,95.75,[]
Germany,DE,DE,2024-10-10 12:00:08,2024-09-24,2024-09-25,240.5732,903.9,26.62,137.95,41.5,-96.5,251.1451,4068.79,6811.66,247.4248,0.3806,-,C,0.04,95.79,[]
Germany,DE,DE,2024-09-27 16:24:35,2024-09-25,2024-09-26,240.7519,903.9,26.63,231.55,52.9,-178.7,251.1451,4068.79,6811.66,247.4248,0.3806,-,C,0.07,95.86,[]
Germany,DE,DE,2024-09-30 05:16:32,2024-09-26,2024-09-27,240.9776,903.9,26.66,244.47,21.9,-222.6,251.2451,4068.79,6811.66,247.5248,0.3806,-,C,0.09,95.91,[]
Germany,DE,DE,2024-10-01 07:57:21,2024-09-27,2024-09-28,241.1557,903.9,26.68,208.57,30.5,-178.1,251.2451,4068.79,6811.66,247.5248,0.3806,-,C,0.07,95.98,[]
Germany,DE,DE,2024-10-01 08:00:34,2024-09-28,2024-09-29,241.2927,903.9,26.69,192.21,55.2,-137.0,251.2451,4068.79,6811.66,247.5248,0.3806,-,C,0.05,96.04,[]
Germany,DE,DE,2024-10-01 16:37:19,2024-09-29,2024-09-30,241.3725,903.9,26.7,167.3,87.7,-79.6,251.2451,4068.79,6811.66,247.4748,0.4306,-,C,0.03,96.07,[]
Germany,DE,DE,2024-10-09 09:21:51,2024-09-30,2024-10-01,241.194,903.9,26.68,113.68,200.9,87.2,251.2451,4068.79,6811.66,247.4748,0.4306,-,C,-0.07,96.0,[]
Germany,DE,DE,2024-10-09 09:21:46,2024-10-01,2024-10-02,241.3191,903.9,26.7,69.11,148.2,79.1,251.1381,4066.32,6807.71,247.3734,0.425,-,E,0.05,96.09,[]
Germany,DE,DE,2024-10-09 20:50:27,2024-10-02,2024-10-03,241.1102,903.9,26.67,71.79,284.2,212.4,251.1381,4066.32,6807.71,247.3734,0.425,-,C,-0.08,96.01,[]
Germany,DE,DE,2024-10-09 20:51:07,2024-10-03,2024-10-04,241.2738,903.9,26.69,193.31,26.2,-167.2,251.1381,4066.32,6807.71,247.3734,0.425,-,C,0.07,96.07,[]
Germany,DE,DE,2024-10-09 20:52:12,2024-10-04,2024-10-05,241.3241,903.9,26.7,94.1,43.8,-50.3,251.1381,4066.32,6807.71,247.3734,0.425,-,C,0.02,96.09,[]
Germany,DE,DE,2024-10-09 20:59:44,2024-10-05,2024-10-06,241.5019,903.9,26.72,198.77,20.9,-177.8,251.1381,4066.32,6807.71,247.3734,0.425,-,C,0.07,96.16,[]
Germany,DE,DE,2024-10-09 20:53:58,2024-10-06,2024-10-07,241.7343,903.9,26.74,248.1,10.2,-237.9,251.1381,4066.32,6807.71,247.3734,0.425,-,C,0.09,96.26,[]
Germany,DE,DE,2024-10-09 20:55:28,2024-10-07,2024-10-08,242.0031,903.9,26.77,279.93,17.3,-262.6,251.1381,4066.32,6807.71,247.3734,0.425,-,C,0.11,96.36,[]
Germany,DE,DE,2024-10-10 16:25:10,2024-10-08,2024-10-09,242.4812,903.9,26.83,493.45,14.7,-478.7,251.1331,4066.32,6807.47,247.4184,0.425,-,E,0.19,96.55,[]
Germany,DE,DE,2024-10-11 16:25:10,2024-10-09,2024-10-10,243.0233,903.9,26.89,538.0,32.6,-505.4,251.1331,4066.32,6807.47,247.4184,0.425,-,C,0.22,96.77,[]
Germany,DE,DE,2024-10-12 16:25:04,2024-10-10,2024-10-11,243.4229,903.9,26.93,424.47,24.9,-399.6,251.1331,4066.32,6807.47,247.5684,0.425,-,C,0.16,96.93,[]
Germany,DE,DE,2024-10-15 14:58:31,2024-10-11,2024-10-12,243.4738,903.9,26.94,152.46,103.5,-48.9,251.1331,4066.32,6807.47,247.5684,0.425,-,C,0.02,96.95,[]
Germany,DE,DE,2024-10-15 15:00:23,2024-10-12,2024-10-13,243.8222,903.9,26.97,361.29,10.9,-350.4,251.1631,4066.32,6807.47,247.5984,0.425,-,C,0.14,97.08,[]
Germany,DE,DE,2024-10-15 16:25:19,2024-10-13,2024-10-14,244.1249,903.9,27.01,311.97,9.3,-302.6,251.1631,4066.32,6807.47,247.5984,0.425,-,C,0.12,97.2,[]
Germany,DE,DE,2024-10-16 16:25:12,2024-10-14,2024-10-15,243.915,903.9,26.98,27.58,238.5,210.9,251.2631,4066.32,6807.47,247.6984,0.425,-,E,-0.08,97.08,[]
Germany,DE,DE,2024-10-17 16:26:36,2024-10-15,2024-10-16,243.9001,903.9,26.98,92.59,122.7,30.1,251.2631,4066.32,6807.47,247.6984,0.425,-,C,-0.01,97.07,[]
Germany,DE,DE,2024-10-18 16:24:43,2024-10-16,2024-10-17,244.1226,903.9,27.01,243.45,21.0,-222.5,251.2631,4066.32,6807.47,247.6984,0.425,-,C,0.09,97.16,[]
Germany,DE,DE,2024-10-21 07:52:29,2024-10-17,2024-10-18,244.3471,903.9,27.03,245.76,22.2,-223.5,251.2631,4066.32,6807.47,247.6984,0.425,-,C,0.09,97.25,[]
Germany,DE,DE,2024-10-21 07:53:40,2024-10-18,2024-10-19,244.5476,903.9,27.05,217.56,17.1,-200.5,251.2916,4066.32,6807.47,247.7269,0.425,-,C,0.08,97.32,[]
Germany,DE,DE,2024-10-21 16:25:44,2024-10-19,2024-10-20,245.0631,903.9,27.11,531.04,13.8,-517.2,251.2916,4066.32,6807.47,247.7269,0.425,-,C,0.21,97.52,[]
Germany,DE,DE,2024-10-22 16:25:08,2024-10-20,2024-10-21,245.5856,903.9,27.17,534.48,12.0,-522.5,251.2916,4066.32,6807.47,247.7269,0.425,-,C,0.21,97.73,[]
Germany,DE,DE,2024-10-23 16:25:13,2024-10-21,2024-10-22,245.6938,903.9,27.18,149.16,42.7,-106.5,251.2916,4066.32,6807.47,247.7269,0.425,-,C,0.04,97.77,[]
Germany,DE,DE,2024-10-24 16:25:11,2024-10-22,2024-10-23,245.7159,903.9,27.18,65.53,43.4,-22.1,251.2916,4066.32,6807.47,247.7269,0.425,-,E,0.01,97.78,[]
Germany,DE,DE,2024-10-25 16:25:09,2024-10-23,2024-10-24,245.6632,903.9,27.18,58.46,111.1,52.6,251.2916,4066.32,6807.47,247.7269,0.425,-,C,-0.02,97.76,[]
Germany,DE,DE,2024-10-26 16:25:12,2024-10-24,2024-10-25,245.6932,903.9,27.18,102.11,72.1,-30.0,251.2916,4066.32,6807.47,247.7269,0.425,-,C,0.01,97.77,[]
Germany,DE,DE,2024-10-30 11:31:08,2024-10-25,2024-10-26,245.8228,903.9,27.2,156.5,26.9,-129.6,251.2916,4066.32,6807.47,247.7269,0.425,-,C,0.05,97.82,[]
Germany,DE,DE,2024-10-30 11:32:36,2024-10-26,2024-10-27,246.075,903.9,27.22,298.35,18.4,-279.9,251.2916,4203.06,7029.24,246.8167,0.425,-,E,0.1,97.92,[]
Germany,DE,DE,2025-05-19 09:00:44,2024-10-27,2024-10-28,246.3367,903.9,27.25,265.03,31.1,-233.9,251.2916,4066.32,6807.47,247.7269,0.425,-,C,0.1,98.03,[]
Germany,DE,DE,2024-10-30 16:22:04,2024-10-28,2024-10-29,246.4137,903.9,27.26,99.06,22.0,-77.0,251.3526,4066.32,6807.47,247.7269,0.486,-,C,0.03,98.04,[]
Germany,DE,DE,2024-11-01 05:45:20,2024-10-29,2024-10-30,246.4358,903.9,27.26,63.8,41.6,-22.2,251.3526,4066.32,6807.47,247.7269,0.486,-,C,0.01,98.04,[]
Germany,DE,DE,2024-11-06 11:06:42,2024-10-30,2024-10-31,246.4666,903.9,27.27,75.45,44.6,-30.8,251.3826,4066.32,6807.47,246.7902,0.5204,-,C,0.01,98.04,[]
Germany,DE,DE,2024-11-06 11:07:48,2024-10-31,2024-11-01,246.5177,903.9,27.27,90.81,37.1,-53.7,251.3826,4066.32,6807.47,246.7902,0.5204,-,C,0.02,98.06,[]
Germany,DE,DE,2024-11-06 11:11:00,2024-11-01,2024-11-02,246.8286,903.9,27.31,347.0,36.1,-310.9,251.3826,4066.32,6807.47,246.6402,0.5204,-,C,0.12,98.19,[]
Germany,DE,DE,2024-11-06 11:16:39,2024-11-02,2024-11-03,247.0247,903.9,27.33,220.99,24.9,-196.1,251.3826,4066.32,6807.47,246.6402,0.5204,-,C,0.08,98.27,[]
Germany,DE,DE,2024-11-08 14:30:13,2024-11-03,2024-11-04,247.1427,903.9,27.34,160.93,42.9,-118.1,251.3826,4066.32,6807.47,246.6402,0.5204,-,E,0.05,98.31,[]
Germany,DE,DE,2024-11-08 14:30:43,2024-11-04,2024-11-05,246.734,903.9,27.3,9.79,418.5,408.7,251.3826,4066.32,6807.47,246.6402,0.5204,-,C,-0.16,98.15,[]
Germany,DE,DE,2024-11-08 14:30:28,2024-11-05,2024-11-06,246.1715,903.9,27.23,10.97,573.4,562.5,251.3826,4066.32,6807.47,246.6402,0.5204,-,C,-0.22,97.93,[]
Germany,DE,DE,2024-11-08 16:25:16,2024-11-06,2024-11-07,245.4823,903.9,27.16,22.33,711.6,689.3,251.3826,4066.32,6807.47,246.7902,0.5204,-,C,-0.27,97.65,[]
Germany,DE,DE,2024-11-09 16:25:10,2024-11-07,2024-11-08,244.5461,903.9,27.05,14.78,953.9,939.1,251.3826,4066.32,6808.19,246.7902,0.5204,-,C,-0.37,97.28,[]
Germany,DE,DE,2024-11-11 05:35:59,2024-11-08,2024-11-09,243.8323,903.9,26.98,52.19,766.5,714.3,251.3826,4066.32,6808.19,246.8305,0.5188,-,C,-0.28,97.0,[]
Germany,DE,DE,2024-11-11 16:25:08,2024-11-09,2024-11-10,243.4915,903.9,26.94,35.35,364.2,328.8,251.3826,4066.32,6808.19,247.7579,0.486,-,E,-0.14,96.86,[]
Germany,DE,DE,2024-11-12 16:25:04,2024-11-10,2024-11-11,243.2077,903.9,26.91,43.62,327.5,283.8,251.3826,4066.32,6808.19,247.7579,0.486,-,C,-0.11,96.75,[]
Germany,DE,DE,2024-11-13 16:25:09,2024-11-11,2024-11-12,242.628,903.9,26.84,23.91,604.7,580.7,251.3826,4066.32,6808.19,247.7579,0.486,-,C,-0.23,96.52,[]
Germany,DE,DE,2024-11-14 16:25:12,2024-11-12,2024-11-13,241.7588,903.9,26.75,23.44,891.9,868.5,251.3826,4066.32,6808.19,247.7579,0.486,-,C,-0.35,96.17,[]
Germany,DE,DE,2024-11-15 16:25:09,2024-11-13,2024-11-14,240.6343,903.9,26.62,19.96,1142.5,1122.5,251.3826,4066.32,6808.19,247.7579,0.486,-,C,-0.45,95.72,[]
Germany,DE,DE,2024-11-16 16:25:11,2024-11-14,2024-11-15,239.9139,903.9,26.54,25.47,745.9,720.4,251.3826,4066.32,6808.19,247.7579,0.486,-,E,-0.29,95.44,[]
Germany,DE,DE,2024-11-18 16:55:59,2024-11-15,2024-11-16,239.3574,903.9,26.48,25.24,581.7,556.5,251.3826,4066.32,6808.19,247.7579,0.486,-,C,-0.22,95.22,[]
Germany,DE,DE,2024-11-28 17:13:00,2024-11-16,2024-11-17,239.2209,903.9,26.47,57.78,194.3,136.5,251.3826,4066.32,6808.19,247.7579,0.486,-,E,-0.05,95.16,[]
Germany,DE,DE,2024-11-28 17:13:01,2024-11-17,2024-11-18,239.1,903.9,26.45,46.11,166.9,120.8,251.3826,4066.32,6808.19,247.7579,0.486,-,C,-0.05,95.11,[]
Germany,DE,DE,2024-11-28 17:13:01,2024-11-18,2024-11-19,238.2268,903.9,26.36,21.09,897.3,876.2,251.3826,4066.32,6808.19,247.7579,0.486,-,C,-0.35,94.77,[]
Germany,DE,DE,2024-11-28 17:13:02,2024-11-19,2024-11-20,237.3505,903.9,26.26,22.73,899.5,876.8,251.3826,4066.32,6808.19,247.7579,0.486,-,E,-0.35,94.42,[]
Germany,DE,DE,2024-11-28 17:13:03,2024-11-20,2024-11-21,236.3452,903.9,26.15,21.55,1161.6,1140.0,251.5026,4066.32,6808.19,247.8779,0.486,-,C,-0.4,93.97,[]
Germany,DE,DE,2024-11-28 17:13:03,2024-11-21,2024-11-22,234.9692,903.9,26.0,21.41,1398.5,1377.1,251.5026,4066.32,6808.19,247.8779,0.486,-,C,-0.55,93.43,[]
Germany,DE,DE,2024-11-28 17:13:03,2024-11-22,2024-11-23,233.505,903.9,25.83,21.95,1485.2,1463.2,251.5026,4066.32,6808.19,247.8779,0.486,-,C,-0.58,92.84,[]
Germany,DE,DE,2024-11-28 17:13:04,2024-11-23,2024-11-24,232.6266,903.9,25.74,24.86,924.0,899.1,251.5026,4066.32,6808.19,247.8779,0.486,-,C,-0.35,92.49,[]
Germany,DE,DE,2024-11-28 17:13:04,2024-11-24,2024-11-25,232.564,903.9,25.73,213.0,254.8,41.8,251.5026,4066.32,6808.19,247.8779,0.486,-,C,-0.02,92.47,[]
Germany,DE,DE,2024-11-28 17:13:05,2024-11-25,2024-11-26,232.3785,903.9,25.71,76.79,262.4,185.6,251.5026,4066.32,6808.19,247.8779,0.486,-,C,-0.07,92.4,[]
Germany,DE,DE,2024-11-28 17:13:05,2024-11-26,2024-11-27,231.9422,903.9,25.66,26.74,463.0,436.2,251.5026,4066.32,6808.19,247.8779,0.486,-,C,-0.17,92.22,[]
Germany,DE,DE,2024-11-29 16:25:24,2024-11-27,2024-11-28,231.3015,903.9,25.59,22.46,662.5,640.0,251.5026,4066.32,6808.19,247.8779,0.486,-,C,-0.25,91.97,[]
Germany,DE,DE,2024-12-02 09:21:29,2024-11-28,2024-11-29,230.6715,903.9,25.52,15.62,645.9,630.3,251.5026,4066.32,6808.19,247.8779,0.486,-,C,-0.25,91.72,[]
Germany,DE,DE,2024-12-02 09:22:23,2024-11-29,2024-11-30,229.4786,903.9,25.39,18.28,1215.1,1196.8,251.5026,4066.32,6808.19,247.8779,0.486,-,E,-0.47,91.24,[]
Germany,DE,DE,2024-12-02 16:25:10,2024-11-30,2024-12-01,228.6504,903.9,25.3,22.11,832.0,809.9,251.5026,4066.32,6808.19,247.8779,0.486,-,C,-0.33,90.91,[]
Germany,DE,DE,2024-12-03 16:25:13,2024-12-01,2024-12-02,227.9519,903.9,25.22,16.82,729.7,712.9,251.5026,4066.32,6808.19,247.8779,0.486,-,C,-0.28,90.64,[]
Germany,DE,DE,2024-12-10 16:25:19,2024-12-02,2024-12-03,227.0077,903.9,25.11,16.22,960.5,944.2,251.5026,4066.32,6808.19,247.8779,0.486,-,C,-0.38,90.26,[]
Germany,DE,DE,2024-12-10 16:25:24,2024-12-03,2024-12-04,225.8407,903.9,24.99,27.06,1193.7,1166.7,251.5026,4066.32,6808.19,247.8203,0.5435,-,C,-0.46,89.8,[]
Germany,DE,DE,2024-12-10 16:25:28,2024-12-04,2024-12-05,224.4885,903.9,24.84,21.26,1373.5,1352.2,251.4416,4066.32,6808.19,247.8203,0.4826,-,E,-0.54,89.28,[]
Germany,DE,DE,2024-12-10 16:25:32,2024-12-05,2024-12-06,223.4364,903.9,24.72,22.59,1058.7,1036.1,251.4416,4066.32,6808.19,247.8203,0.4826,-,C,-0.42,88.86,[]
Germany,DE,DE,2024-12-10 16:25:37,2024-12-06,2024-12-07,222.7869,903.9,24.65,30.32,679.9,649.6,251.4416,4066.32,6808.19,246.9101,0.4826,-,C,-0.26,88.6,[]
Germany,DE,DE,2024-12-10 16:25:41,2024-12-07,2024-12-08,222.4295,903.9,24.61,39.79,398.0,358.2,251.4416,4066.32,6808.19,247.8203,0.4826,-,C,-0.14,88.46,[]
Germany,DE,DE,2024-12-10 16:30:09,2024-12-08,2024-12-09,222.0232,903.9,24.56,52.12,458.5,406.3,251.4416,4066.32,6808.19,247.8203,0.4826,-,C,-0.16,88.3,[]
Germany,DE,DE,2024-12-11 16:25:04,2024-12-09,2024-12-10,220.9403,903.9,24.44,23.43,1106.2,1082.8,251.4416,4066.32,6808.19,247.8203,0.4826,-,C,-0.43,87.87,[]
Germany,DE,DE,2024-12-14 14:52:58,2024-12-10,2024-12-11,218.9952,903.9,24.23,23.89,1968.9,1945.0,251.4416,4066.32,6808.19,247.8203,0.4826,-,C,-0.77,87.1,[]
Germany,DE,DE,2024-12-14 14:52:58,2024-12-11,2024-12-12,216.9942,903.9,24.01,26.29,2060.4,2034.1,251.5146,4066.23,6808.68,247.8203,0.4826,-,C,-0.8,86.27,[]
Germany,DE,DE,2024-12-17 06:56:25,2024-12-12,2024-12-13,214.8298,903.9,23.77,18.48,2145.5,2127.0,251.5146,4066.23,6808.68,247.8203,0.4826,-,C,-0.86,85.41,[]
Germany,DE,DE,2024-12-16 06:49:56,2024-12-13,2024-12-14,212.9255,903.9,23.56,26.0,1940.0,1914.0,251.5146,4066.23,6808.68,247.8203,0.4826,-,C,-0.76,84.66,[]
Germany,DE,DE,2024-12-16 16:25:13,2024-12-14,2024-12-15,211.8074,903.9,23.43,24.12,1144.1,1119.9,251.5146,4066.23,6808.68,247.8203,0.4826,-,C,-0.44,84.21,[]
Germany,DE,DE,2024-12-17 16:36:44,2024-12-15,2024-12-16,211.0374,903.9,23.35,50.26,808.7,758.4,251.5146,4066.23,6808.68,246.9101,0.4826,-,C,-0.31,83.91,[]
Germany,DE,DE,2024-12-18 16:25:22,2024-12-16,2024-12-17,210.3604,903.9,23.27,25.01,867.0,842.0,251.5146,4066.23,6808.68,247.8203,0.4826,-,C,-0.27,83.64,[]
Germany,DE,DE,2024-12-19 16:25:04,2024-12-17,2024-12-18,209.7357,903.9,23.2,36.9,661.6,624.7,251.5146,4066.23,6808.68,247.8203,0.4826,-,C,-0.25,83.39,[]
Germany,DE,DE,2024-12-23 12:04:50,2024-12-18,2024-12-19,209.2371,903.9,23.15,47.04,545.6,498.5,251.5146,4066.23,6808.68,247.8203,0.4826,-,C,-0.2,83.19,[]
Germany,DE,DE,2024-12-23 12:06:05,2024-12-19,2024-12-20,208.8835,903.9,23.11,51.29,405.0,353.7,251.5146,4066.23,6808.68,247.8203,0.4826,-,C,-0.14,83.05,[]
Germany,DE,DE,2024-12-24 06:38:14,2024-12-20,2024-12-21,208.2174,903.9,23.04,27.34,693.4,666.1,251.5146,4066.23,6808.68,247.8203,0.4826,-,C,-0.26,82.79,[]
Germany,DE,DE,2024-12-24 06:39:40,2024-12-21,2024-12-22,207.9481,903.9,23.01,122.19,391.5,269.3,251.5146,4066.23,6808.68,246.9101,0.4826,-,C,-0.11,82.68,[]
Germany,DE,DE,2024-12-24 16:25:11,2024-12-22,2024-12-23,207.7459,903.9,22.98,169.81,372.0,202.2,251.5146,4066.23,6808.68,247.8203,0.4826,-,C,-0.08,82.6,[]
Germany,DE,DE,2024-12-25 16:22:25,2024-12-23,2024-12-24,207.2882,903.9,22.93,43.44,501.2,457.7,251.5146,4066.23,6808.68,247.8203,0.4826,-,C,-0.18,82.42,[]
Germany,DE,DE,2024-12-27 07:11:22,2024-12-24,2024-12-25,206.8971,903.9,22.89,74.88,465.9,391.0,251.5146,4066.23,6808.68,247.8203,0.4826,-,C,-0.16,82.26,[]
Germany,DE,DE,2024-12-27 16:25:13,2024-12-25,2024-12-26,206.7146,903.9,22.87,120.9,303.3,182.4,251.5146,4066.23,6808.68,246.9101,0.4826,-,C,-0.07,82.19,[]
Germany,DE,DE,2024-12-28 16:25:06,2024-12-26,2024-12-27,206.3033,903.9,22.82,79.89,492.1,412.2,251.5146,4066.23,6808.68,247.8203,0.4826,-,C,-0.16,82.02,[]
Germany,DE,DE,2024-12-30 09:00:28,2024-12-27,2024-12-28,205.2508,903.9,22.71,23.32,1075.9,1052.5,251.5146,4066.23,6808.68,247.8203,0.4826,-,C,-0.42,81.61,[]
Germany,DE,DE,2024-12-30 16:25:08,2024-12-28,2024-12-29,204.0262,903.9,22.57,21.59,1246.2,1224.6,251.5146,4066.23,6808.68,247.8203,0.4826,-,C,-0.49,81.12,[]
Germany,DE,DE,2024-12-31 16:25:06,2024-12-29,2024-12-30,202.7517,903.9,22.43,28.73,1303.2,1274.5,251.5146,4066.23,6808.68,247.8203,0.4826,-,C,-0.51,80.61,[]
Germany,DE,DE,2025-01-01 16:25:06,2024-12-30,2024-12-31,201.4987,903.9,22.29,16.17,1269.1,1252.9,251.5146,4066.23,6808.68,247.8203,0.4826,-,E,-0.5,80.11,[]
Germany,DE,DE,2025-01-02 16:25:05,2024-12-31,2025-01-01,200.6099,903.9,22.19,41.52,928.3,886.8,251.5146,4066.23,6808.68,247.8203,0.4826,-,C,-0.35,79.76,[]
