published,start,end,volume,injection,withdrawal,description,end_flag,type,country_name,company_name,facility_name
2024-12-23 13:26:37,2024-12-23 13:26:12,2024-12-23 13:26:37,0.0,0.0,0.0,Maintenance of Compressor2,Confirmed,Unplanned,Germany,Eneco Gasspeicher,UGS Enschede - Epe (Eneco)
2024-12-23 12:45:03,2025-03-25 07:00:00,2025-03-28 17:00:00,0.0,18.2,0.0,"Maintenance of compressor unit

Possible restriction: Reduction of injection rate by up to 33%",Estimate,Planned,Germany,MET Speicher,UGS Etzel ESE (MET)
2024-12-23 11:23:16,2025-02-03 08:00:00,2025-02-07 18:00:00,0.0,18.3,0.0,"Maintenance of compressor unit (ME1)

Possible restriction: Reduction of injection rate by up to 33%",Estimate,Planned,Germany,MET Speicher,UGS Etzel ESE (MET)
2024-12-20 14:47:25,2025-02-03 07:00:00,2025-02-07 17:00:00,0.0,23.9,0.0,Maintenance of compressor unit,Confirmed,Planned,Germany,OMV Gas Storage Germany,UGS Etzel ESE (OMV)
2024-12-20 14:45:40,2025-03-24 07:00:00,2025-03-28 17:00:00,0.0,23.9,0.0,Maintenance of compressor unit,Confirmed,Planned,Germany,OMV Gas Storage Germany,UGS Etzel ESE (OMV)
2024-12-20 10:14:45,2025-02-03 08:00:00,2025-02-07 18:00:00,0.0,9.6,0.0,"Maintenance compressor unit
Possible restriction: Reduction of injection rate by up to 33%. Depending on all nominations, each customer has at least 66 % of his firm capacity according to the characteristic curve.
",Confirmed,Planned,Germany,VNG Gasspeicher GmbH (6),UGS Etzel ESE (VGS)
2024-12-20 10:14:45,2025-03-24 08:00:00,2025-03-28 18:00:00,0.0,9.6,0.0,"Maintenance compressor unit
Possible restriction: Reduction of injection rate by up to 33%. Depending on all nominations, each customer has at least 66 % of his firm capacity according to the characteristic curve.
",Confirmed,Planned,Germany,VNG Gasspeicher GmbH (6),UGS Etzel ESE (VGS)
2024-12-20 10:14:45,2025-05-30 06:00:00,2025-07-23 14:00:00,0.065,0.0,0.0,"Maintenance of cavern.
Possible restriction: Reduction of workinggas capacity by up to 5,88% that cannot be injected in the period.
",Confirmed,Planned,Germany,VNG Gasspeicher GmbH (6),UGS Etzel ESE (VGS)
2024-12-20 10:14:45,2025-02-07 07:00:00,2025-04-01 14:00:00,0.093,0.0,0.0,"Maintenance of cavern.
Possible restriction: Reduction of workinggas capacity by up to 7,86% that cannot be injected in the period.
",Confirmed,Planned,Germany,VNG Gasspeicher GmbH (6),UGS Etzel ESE (VGS)
2024-12-20 10:14:45,2025-09-15 06:00:00,2025-10-02 18:00:00,0.0,29.2,47.0,"Test of safety equipment Restriction: Entire storage facility n/a.
100% reduction of withdrawal and injection rate.",Confirmed,Planned,Germany,VNG Gasspeicher GmbH (6),UGS Etzel ESE (VGS)
2024-12-20 09:43:14,2025-05-12 07:00:00,2025-05-16 12:00:00,0.0,48.7,97.4,maintenance,Confirmed,Planned,Germany,RWE Gas Storage West,UGS Epe-DE-RWEGSWEST (Epe-L prior to 1 April 2026)
2024-12-20 09:43:14,2025-05-12 07:00:00,2025-05-16 12:00:00,0.0,47.7,119.4,maintenance,Confirmed,Planned,Germany,RWE Gas Storage West,UGS Epe-NL-RWEGSWEST
2024-12-19 14:26:22,2025-09-15 04:00:00,2025-10-02 16:00:00,0.0,55.5,46.8,"Test of safety equipment

Possible restriction: Entire storage facility n/a",Estimate,Planned,Germany,MET Speicher,UGS Etzel ESE (MET)
2024-12-19 14:23:15,2025-02-10 07:00:00,2025-04-04 14:00:00,0.016,0.0,1.9,"Maintenance of cavern

Possible restrictions: 16 GWh of working gas cannot be withdrawn in the period, reduction of withdrawal rate by up to 4%",Estimate,Planned,Germany,MET Speicher,UGS Etzel ESE (MET)
2024-12-19 13:01:05,2025-05-30 06:00:00,2025-07-23 14:00:00,0.061,0.0,0.0,"Maintenance of cavern

Possible restrictions: 61 GWh of working gas cannot be injected in the period, 34 GWh of working gas cannot be withdrawn in the period",Estimate,Planned,Germany,MET Speicher,UGS Etzel ESE (MET)
2024-12-18 13:07:07,2024-12-12 16:30:00,2024-12-18 15:00:00,0.0,0.0,107.0,Faulty of drying unit. Possible restriction: Reduction of withdrawal rate up to 30%,Estimate,Unplanned,Germany,Uniper Energy Storage,UGS Bierwang
2024-12-18 13:05:26,2024-12-18 07:00:00,2024-12-18 12:00:00,0.0,30.0,0.0,Maintenance of compressor unit. Possible restriction: Reduction of injection rate by up to 33%,Estimate,Planned,Germany,Uniper Energy Storage,UGS Etzel ESE (Uniper Energy Storage)
2024-12-18 13:03:11,2024-12-06 06:00:00,2024-12-18 15:00:00,0.0,24.0,0.0,Maintenance of compressor. Possible restriction: Reduction of injection rate by up to 50%,Estimate,Planned,Germany,Uniper Energy Storage,UGS Epe Uniper L-Gas
2024-12-18 06:35:01,2024-12-17 07:00:00,2024-12-17 14:00:00,0.0,42.0,0.0,Maintenance of compressor unit. Possible restriction: Reduction of injection rate by up to 33%,Estimate,Planned,Germany,Uniper Energy Storage,UGS Etzel ESE (Uniper Energy Storage)
2024-12-18 06:34:36,2024-12-17 07:00:00,2024-12-17 13:00:00,0.0,0.0,33.3,Maintenance of metering station. Possible restrictions: Reduction of withdrawal (only connection to OGE) rate by up to 33%,Estimate,Planned,Germany,Uniper Energy Storage,UGS Etzel ESE (Uniper Energy Storage)
2024-12-17 07:04:14,2024-12-16 07:00:00,2024-12-16 13:00:00,0.0,0.0,33.3,Maintenance of metering station. Possible restrictions: Reduction of withdrawal (only connection to OGE) rate by up to 33%,Estimate,Planned,Germany,Uniper Energy Storage,UGS Etzel ESE (Uniper Energy Storage)
2024-12-13 09:45:11,2024-12-13 06:00:00,2024-12-13 07:00:00,1.285,24.8,41.4,safety test / maintenance work,Confirmed,Planned,Germany,EWE Gasspeicher,UGS Nüttermoor H-5
2024-12-13 08:27:11,2024-12-06 08:00:00,2024-12-13 08:20:00,0.0,5.5,18.0,"Leakage at a valve. Possible restriction: Reduction of injection rate by up to 2%, reduction of withdrawal rate by up to 5%",Estimate,Unplanned,Germany,Uniper Energy Storage,UGS Bierwang
2024-12-12 01:14:05,2024-12-12 01:14:05,2024-12-12 02:00:00,0.0,0.8,0.0,Maintenance of Compressor1,Estimate,Unplanned,Germany,Eneco Gasspeicher,UGS Enschede - Epe (Eneco)
2024-12-12 01:08:58,2024-12-12 01:00:00,2024-12-12 01:08:58,0.0,0.1,0.0,Maintenance of Compressor2,Confirmed,Unplanned,Germany,Eneco Gasspeicher,UGS Enschede - Epe (Eneco)
2024-12-12 01:00:00,2024-12-12 00:47:02,2024-12-12 01:00:00,0.0,0.1,0.0,"Maintenance of Compressor1, Compressor2",Confirmed,Unplanned,Germany,Eneco Gasspeicher,UGS Enschede - Epe (Eneco)
2024-12-11 13:41:19,2024-12-12 06:00:00,2024-12-12 07:00:00,0.0,0.0,0.0,Test message no real restriction,Estimate,Planned,Germany,RWE Gas Storage West,UGS Epe-NL-RWEGSWEST
2024-12-11 08:57:44,2024-12-10 06:00:00,2024-12-10 15:00:00,0.0,13.0,0.0,Maintenance of compressor. Possible restriction: Reduction of injection rate by up to 50%,Estimate,Planned,Germany,Uniper Energy Storage,UGS Breitbrunn
2024-12-06 09:25:52,2025-10-27 06:00:00,2025-10-27 15:00:00,0.0,46.0,0.0,Maintenancce of compressor. Possible restriction: Reduction of injection rate by up to 45%,Estimate,Planned,Germany,Uniper Energy Storage,UGS Bierwang
2024-12-05 13:36:47,2025-09-06 06:00:00,2025-09-19 18:00:00,2.104,82.9,165.9,Maintenance,Estimate,Planned,Germany,Trianel Gasspeicher Epe,UGS Epe Trianel
2024-11-29 13:31:40,2024-12-18 07:00:00,2024-12-18 12:00:00,0.0,39.0,0.0,Maintenance of the compressor unit,Confirmed,Unplanned,Germany,OMV Gas Storage Germany,UGS Etzel ESE (OMV)
2024-11-29 13:29:45,2024-12-17 07:00:00,2024-12-17 14:00:00,0.0,39.0,0.0,Maintenance of the compressor unit,Confirmed,Unplanned,Germany,OMV Gas Storage Germany,UGS Etzel ESE (OMV)
2024-11-29 06:40:00,2024-11-28 05:00:00,2024-11-28 17:00:00,0.0,19.8,138.0,"Planned maintenance. Possible restriction: Reduction of injection rate by up to 25%, reduction of withdrawal rate by up to 100%",Estimate,Planned,Germany,Uniper Energy Storage,UGS Etzel Erdgas Lager EGL
2024-11-29 06:39:42,2024-11-27 17:00:00,2024-11-28 15:00:00,0.0,16.0,0.0,"Maintenance of compressor. Possible restriction: Reduction of injection rate by up to 50% , but not affecting the delivery of the SCB-Product of THE.",Estimate,Planned,Germany,Uniper Energy Storage,UGS Epe Uniper L-Gas
2024-11-28 06:41:58,2024-11-26 17:00:00,2024-11-27 15:00:00,0.0,88.3,0.0,Maintenance of compressor. Possible restriction: Reduction of injection rate by up to 40%,Estimate,Planned,Germany,Uniper Energy Storage,UGS Epe Uniper H-Gas
2024-11-28 06:41:33,2024-11-26 17:00:00,2024-11-27 15:00:00,0.0,16.0,0.0,"Maintenance of compressor. Possible restriction: Reduction of injection rate by up to 50% , but not affecting the delivery of the SCB-Product of THE.",Estimate,Planned,Germany,Uniper Energy Storage,UGS Epe Uniper L-Gas
2024-11-28 06:41:03,2024-11-23 05:00:00,2024-11-28 05:00:00,0.0,39.6,276.0,"Planned maintenance. Possible restriction: Reduction of injection rate by up to 25%, reduction of withdrawal rate by up to 100%",Estimate,Planned,Germany,Uniper Energy Storage,UGS Etzel Erdgas Lager EGL
2024-11-28 06:40:45,2024-11-13 12:20:00,2024-11-27 19:00:00,0.0,198.7,0.0,Faulty of compressor unit. Possible Restriction : Reduction of injection rate by up to 60%,Estimate,Unplanned,Germany,Uniper Energy Storage,UGS Epe Uniper H-Gas
2024-11-28 06:40:31,2024-11-13 12:20:00,2024-11-27 19:00:00,0.0,48.0,0.0,Faulty of compressor unit. Possible Restriction : Reduction of injection rate by up to 100%,Estimate,Unplanned,Germany,Uniper Energy Storage,UGS Epe Uniper L-Gas
2024-11-27 11:51:56,2024-11-27 10:35:00,2024-11-27 11:50:00,0.0,82.0,76.0,Faulty of control system. Restriction: Entire storage facility n/a,Estimate,Unplanned,Germany,Uniper Energy Storage,UGS Etzel ESE (Uniper Energy Storage)
2024-11-25 11:18:56,2025-10-08 06:00:00,2025-10-08 17:00:00,0.0,43.4,51.0,Emergency Shut down test - termin 2b,Confirmed,Planned,Germany,NAFTA Speicher Inzenham,UGS Inzenham-West
2024-11-25 11:17:14,2025-10-07 06:00:00,2025-10-07 17:00:00,0.0,43.4,51.0,Emergency Shut down test - termin 2a,Confirmed,Planned,Germany,NAFTA Speicher Inzenham,UGS Inzenham-West
2024-11-25 11:15:18,2025-04-09 06:00:00,2025-04-09 17:00:00,0.0,43.4,51.0,Emergency Shut down test - termin 1b,Confirmed,Planned,Germany,NAFTA Speicher Inzenham,UGS Inzenham-West
2024-11-25 11:13:17,2025-04-08 06:00:00,2025-04-08 17:00:00,0.0,43.4,51.0,Emergency Shut down test - termin 1a,Confirmed,Planned,Germany,NAFTA Speicher Inzenham,UGS Inzenham-West
2024-11-25 06:39:46,2024-11-22 05:00:00,2024-11-22 17:00:00,0.0,79.0,138.0,Planned maintenance. Possible restriction: Entire storage facility n/a,Estimate,Planned,Germany,Uniper Energy Storage,UGS Etzel Erdgas Lager EGL
2024-11-24 13:00:00,2024-11-24 12:00:00,2024-11-24 13:00:00,0.621,0.0,1.2,Maintenance of S82,Confirmed,Planned,Germany,Eneco Gasspeicher,UGS Enschede - Epe (Eneco)
2024-11-22 08:36:25,2024-12-17 07:00:00,2024-12-17 13:00:00,0.0,0.0,12.0,Maintenance of metering station,Confirmed,Unplanned,Germany,OMV Gas Storage Germany,UGS Etzel ESE (OMV)
2024-11-22 08:35:27,2024-12-16 07:00:00,2024-12-16 13:00:00,0.0,0.0,12.0,Maintenance of metering station,Confirmed,Unplanned,Germany,OMV Gas Storage Germany,UGS Etzel ESE (OMV)
2024-11-22 07:16:42,2024-11-18 05:00:00,2024-11-22 05:00:00,0.0,158.0,276.0,Planned maintenance. Possible restriction: Entire storage facility n/a,Estimate,Planned,Germany,Uniper Energy Storage,UGS Etzel Erdgas Lager EGL
2024-11-22 06:57:48,2024-11-11 06:00:00,2024-11-21 15:00:00,0.0,123.6,0.0,Maintenance of compressor. Possible restriction: Reduction of injection rate by up to 45%,Estimate,Planned,Germany,Uniper Energy Storage,UGS Bierwang
2024-11-19 07:22:45,2024-11-18 06:00:00,2024-11-18 15:00:00,0.0,18.0,0.0,Installation of valve. Possible restriction: Reduction of injection rate by up to 100%,Estimate,Planned,Germany,Uniper Energy Storage,UGS Epe Uniper L-Gas
2024-11-18 06:43:19,2024-11-08 06:00:00,2024-11-15 15:00:00,0.0,331.0,469.0,Maintenance of piping system. Possible restriction: Entire storage facility n/a,Estimate,Planned,Germany,Uniper Energy Storage,UGS Epe Uniper H-Gas
2024-11-15 07:00:20,2024-11-14 06:00:00,2024-11-14 15:00:00,0.0,18.0,0.0,Maintenance of power connection. Possible restriction: Reduction of injection rate by up to 100%,Estimate,Planned,Germany,Uniper Energy Storage,UGS Epe Uniper L-Gas
2024-11-15 06:56:50,2024-11-14 06:00:00,2024-11-14 15:00:00,0.0,13.0,0.0,Maintenance of compressor. Possible restriction: Reduction of injection rate by up to 50%,Estimate,Planned,Germany,Uniper Energy Storage,UGS Breitbrunn
2024-11-14 07:04:02,2024-11-12 23:00:00,2024-11-13 11:00:00,0.0,82.0,0.0,Maintenancce of compressor. Possible restriction: Reduction of injection rate by up to 45%,Estimate,Planned,Germany,Uniper Energy Storage,UGS Bierwang
2024-11-13 06:59:27,2024-11-12 06:00:00,2024-11-12 15:00:00,0.0,124.2,176.0,Maintenance of fuel gas system. Possible restriction: Entire storage facility n/a,Estimate,Planned,Germany,Uniper Energy Storage,UGS Epe Uniper H-Gas
2024-11-13 06:59:16,2024-11-12 11:00:00,2024-11-12 15:00:00,0.0,5.0,0.0,Maintenancce of compressor. Possible restriction: Reduction of injection rate by up to 11%,Estimate,Planned,Germany,Uniper Energy Storage,UGS Bierwang
2024-11-13 06:59:01,2024-11-12 23:00:00,2024-11-13 15:00:00,0.0,13.0,0.0,Maintenance of compressor. Possible restriction: Reduction of injection rate by up to 50%,Estimate,Planned,Germany,Uniper Energy Storage,UGS Breitbrunn
2024-11-13 06:58:50,2024-11-12 06:00:00,2024-11-12 11:00:00,0.0,6.0,0.0,Maintenance of compressor. Possible restriction: Reduction of injection rate by up to 11%,Estimate,Planned,Germany,Uniper Energy Storage,UGS Bierwang
2024-11-12 11:58:13,2024-09-23 05:00:00,2024-11-08 15:00:00,0.0,6.0,9.0,"Conversion station. Possible restriction: Reduction of injection rate by up to 5%, reduction of withdrawal rate by up to 5%",Estimate,Planned,Germany,Uniper Energy Storage,UGS Epe Uniper H-Gas
2024-11-12 07:02:50,2024-10-21 04:00:00,2024-11-09 17:00:00,0.0,436.0,403.0,Test of safety equipment. Possible restriction: Entire storage facility n/a,Estimate,Planned,Germany,Uniper Energy Storage,UGS Etzel ESE (Uniper Energy Storage)
2024-11-08 07:06:16,2024-11-07 06:00:00,2024-11-07 15:00:00,0.0,13.0,0.0,Maintenance of compressor. Possible restriction: Reduction of injection rate by up to 50%,Estimate,Planned,Germany,Uniper Energy Storage,UGS Breitbrunn
2024-11-07 06:59:25,2024-11-06 06:00:00,2024-11-06 15:00:00,0.0,13.0,0.0,Maintenance of compressor. Possible restriction: Reduction of injection rate by up to 50%,Estimate,Planned,Germany,Uniper Energy Storage,UGS Breitbrunn
2024-11-06 13:57:00,2024-12-17 07:00:00,2024-12-17 13:00:00,0.0,0.0,15.4,"Maintenance of metering station

Possible restriction: reduction of withdrawal rate by up to 33% (only OGE flange / NETRA)",Estimate,Planned,Germany,MET Speicher,UGS Etzel ESE (MET)
2024-11-06 13:54:46,2024-12-16 07:00:00,2024-12-16 13:00:00,0.0,0.0,15.4,"Maintenance of metering station

Possible restriction: Reduction of withdrawal rate by up to 33% (only OGE flange /NETRA)",Estimate,Planned,Germany,MET Speicher,UGS Etzel ESE (MET)
2024-11-06 07:04:09,2024-11-04 06:00:00,2024-11-04 15:00:00,0.0,18.0,0.0,Removal of valve. Possible restriction: Reduction of injection rate by up to 100%,Estimate,Planned,Germany,Uniper Energy Storage,UGS Epe Uniper L-Gas
2024-11-04 07:33:13,2025-09-17 06:00:00,2025-09-17 16:00:00,0.0,6.2,10.2,"Maintenance BEP Pipeline

Connection to GTS System n/a",Estimate,Planned,Germany,MET Speicher,UGS Etzel ESE (MET)
2024-10-31 10:54:16,2024-10-10 13:00:00,2024-10-31 07:00:00,0.0,0.0,89.3,Maintanance preheater.. Possible restriction: Reduction of withdrawal rate by up to 25%,Estimate,Planned,Germany,Uniper Energy Storage,UGS Bierwang
2024-10-31 10:53:50,2024-10-15 14:00:00,2024-10-31 07:00:00,0.0,13.7,52.2,"Maintenance of field piping system. Possible restriction: Reduction of injection rate by up to 5%, reduction of withdrawal rate by up to 15%",Estimate,Unplanned,Germany,Uniper Energy Storage,UGS Bierwang
2024-10-28 12:09:02,2024-11-05 06:00:00,2024-11-05 15:00:00,0.0,0.0,0.0,"Maintenance of compressor, maintenance was cancelled. None",Estimate,Planned,Germany,Uniper Energy Storage,UGS Bierwang
2024-10-28 12:08:47,2024-11-04 06:00:00,2024-11-04 15:00:00,0.0,0.0,0.0,"Maintenance of compressor, maintenance was cancelled. None",Estimate,Planned,Germany,Uniper Energy Storage,UGS Bierwang
2024-10-28 07:44:26,2024-10-28 10:00:00,2024-10-28 14:00:00,0.814,0.0,7.2,Maintenance of S81,Estimate,Planned,Germany,Eneco Gasspeicher,UGS Enschede - Epe (Eneco)
2024-10-27 14:00:00,2024-10-27 13:00:00,2024-10-27 14:00:00,0.621,0.0,1.2,Maintenance of S82,Confirmed,Planned,Germany,Eneco Gasspeicher,UGS Enschede - Epe (Eneco)
2024-10-25 06:54:22,2024-10-24 05:00:00,2024-10-24 14:00:00,0.0,103.0,133.0,Test of safety equipment. Possible restriction: Entire storage facility n/a,Estimate,Planned,Germany,Uniper Energy Storage,UGS Bierwang
2024-10-24 14:53:05,2024-12-17 07:00:00,2024-12-17 13:00:00,0.0,9.6,0.0,"Maintenance of metering station
Possible restriction: 33% of OGE flange n/a",Confirmed,Planned,Germany,VNG Gasspeicher GmbH (6),UGS Etzel ESE (VGS)
2024-10-24 14:53:05,2024-12-16 06:00:00,2024-12-16 13:00:00,0.0,9.6,0.0,"Maintenance of metering station
Possible restriction: 33% of OGE flange n/a",Confirmed,Planned,Germany,VNG Gasspeicher GmbH (6),UGS Etzel ESE (VGS)
2024-10-24 05:32:32,2024-10-23 05:00:00,2024-10-23 14:00:00,0.0,103.0,133.0,Test of safety equipment. Possible restriction: Entire storage facility n/a,Estimate,Planned,Germany,Uniper Energy Storage,UGS Bierwang
2024-10-23 07:58:10,2024-10-22 05:00:00,2024-10-22 14:00:00,0.0,103.0,133.0,Test of safety equipment. Possible restriction: Entire storage facility n/a,Estimate,Planned,Germany,Uniper Energy Storage,UGS Bierwang
2024-10-21 09:20:25,2024-10-21 15:00:00,2024-10-21 16:00:00,0.0,0.0,0.0,Maintenance cancelled.,Confirmed,Planned,Germany,Eneco Gasspeicher,UGS Enschede - Epe (Eneco)
2024-10-21 06:04:41,2024-10-14 04:00:00,2024-10-18 14:00:00,0.0,69.0,144.0,Maintenance of storage control system. Possible restriction: Entire storage facility n/a,Estimate,Planned,Germany,Uniper Energy Storage,UGS Breitbrunn
2024-10-20 10:00:00,2024-10-20 09:00:00,2024-10-20 10:00:00,0.621,0.0,1.2,Maintenance of S82,Confirmed,Planned,Germany,Eneco Gasspeicher,UGS Enschede - Epe (Eneco)
2024-10-18 13:45:35,2024-10-05 06:00:00,2024-10-18 13:00:00,2.12,82.7,165.3,Maintenance,Confirmed,Planned,Germany,Trianel Gasspeicher Epe,UGS Epe Trianel
2024-10-18 06:05:05,2024-10-17 08:00:00,2024-10-17 10:00:00,0.0,6.0,12.0,Maintenance CO2 extinguishing system. Possible restriction: Entire storage facility n/a,Estimate,Planned,Germany,Uniper Energy Storage,UGS Breitbrunn
2024-10-17 06:10:11,2024-10-16 05:00:00,2024-10-16 14:00:00,0.0,49.7,0.0,Maintenance of compressor. Possible restriction: Reduction of injection rate by up to 40%,Estimate,Planned,Germany,Uniper Energy Storage,UGS Epe Uniper H-Gas
2024-10-17 06:03:36,2024-10-16 04:00:00,2024-10-16 15:00:00,0.0,31.0,66.0,Test of safety equipment. Possible restriction: Entire storage facility n/a,Estimate,Planned,Germany,Uniper Energy Storage,UGS Breitbrunn
2024-10-16 06:14:10,2024-10-15 05:00:00,2024-10-15 14:00:00,0.0,74.5,0.0,Repair of faulty valve. Possible restriction: Reduction of injection rate by up to 60%,Estimate,Planned,Germany,Uniper Energy Storage,UGS Epe Uniper H-Gas
2024-10-16 06:06:48,2024-10-15 06:00:00,2024-10-15 15:00:00,0.0,11.0,45.0,"Test of safety equipment. Possible restriction: Entire storage facility n/a, but not affecting the delivery of the SCB-Product of THE",Estimate,Planned,Germany,Uniper Energy Storage,UGS Epe Uniper L-Gas
2024-10-16 06:06:34,2024-10-15 06:00:00,2024-10-15 15:00:00,0.0,123.1,174.4,Test of safety equipment. Possible restriction: Entire storage facility n/a,Estimate,Planned,Germany,Uniper Energy Storage,UGS Epe Uniper H-Gas
2024-10-16 06:05:50,2024-10-15 04:00:00,2024-10-15 15:00:00,0.0,31.0,66.0,Test of safety equipment. Possible restriction: Entire storage facility n/a,Estimate,Planned,Germany,Uniper Energy Storage,UGS Breitbrunn
2024-10-15 12:20:26,2024-10-15 12:20:26,2024-10-15 13:00:00,0.0,0.0,1.3,Maintenance of RS2,Estimate,Unplanned,Germany,Eneco Gasspeicher,UGS Enschede - Epe (Eneco)
2024-10-14 05:28:02,2024-09-22 08:00:00,2024-10-11 14:00:00,0.0,123.1,157.0,"Conversion station. Possible restriction: Reduction of injection rate by up to 100%, reduction of withdrawal rate by up to 90%",Estimate,Planned,Germany,Uniper Energy Storage,UGS Epe Uniper H-Gas
2024-10-11 06:15:10,2024-10-08 05:00:00,2024-10-10 14:00:00,0.0,274.0,357.0,Maintenance of valves. Possible restriction: Entire storage facility n/a,Estimate,Planned,Germany,Uniper Energy Storage,UGS Bierwang
2024-10-10 05:59:47,2024-10-09 08:00:00,2024-10-09 10:00:00,0.0,23.0,30.0,Maintenance CO2 extinguishing system. Possible restriction: Entire storage facility n/a,Estimate,Planned,Germany,Uniper Energy Storage,UGS Bierwang
2024-10-08 16:18:48,2024-12-03 06:00:00,2024-12-04 20:00:00,0.0,48.7,97.4,Maintenance,Confirmed,Planned,Germany,RWE Gas Storage West,UGS Epe-DE-RWEGSWEST (Epe-L prior to 1 April 2026)
2024-10-08 16:18:48,2024-12-03 06:00:00,2024-12-04 20:00:00,0.0,47.7,119.4,Maintenance,Confirmed,Planned,Germany,RWE Gas Storage West,UGS Epe-NL-RWEGSWEST
2024-10-02 06:56:03,2024-09-04 08:00:00,2024-09-30 14:00:00,0.0,0.0,82.2,Maintanance preheater.. Possible restriction: Reduction of withdrawal rate by up to 23%,Estimate,Planned,Germany,Uniper Energy Storage,UGS Bierwang
2024-09-30 06:17:02,2024-09-23 06:00:00,2024-09-27 13:00:00,0.0,0.0,133.0,Maintenance of drying unit. Possible restriction: Reduction of withdrawal rate up to 33%,Estimate,Planned,Germany,Uniper Energy Storage,UGS Etzel ESE (Uniper Energy Storage)
2024-09-27 09:00:10,2024-09-23 06:00:00,2024-09-27 11:00:00,0.999,10.7,32.8,safety test / maintenance work,Confirmed,Planned,Germany,EWE Gasspeicher,UGS Rüdersdorf H
2024-09-26 06:00:05,2024-09-09 05:00:00,2024-09-25 14:00:00,0.0,132.0,0.0,Replace of valves. Possible restriction: Reduction of injection rate by up to 40%,Estimate,Planned,Germany,Uniper Energy Storage,UGS Epe Uniper H-Gas
2024-09-26 05:59:53,2024-09-09 05:00:00,2024-09-25 14:00:00,0.0,28.8,120.0,Conversion station. Possible restriction: Entire storage facility n/a,Estimate,Planned,Germany,Uniper Energy Storage,UGS Epe Uniper L-Gas
2024-09-21 05:25:03,2024-09-02 06:00:00,2024-09-20 20:00:00,3.106,41.4,82.8,safety test / maintenance work Huntorf,Confirmed,Planned,Germany,EWE Gasspeicher,EWE H-Gas Zone
2024-09-20 05:40:15,2024-09-09 04:00:00,2024-09-20 04:00:00,0.0,79.0,0.0,Planned maintenance.. Possible restriction: Reduction of injection rate by up to 50%.,Estimate,Planned,Germany,Uniper Energy Storage,UGS Etzel Erdgas Lager EGL
2024-09-19 15:27:10,2024-09-01 07:00:00,2024-09-19 16:00:00,2.74,85.0,141.6,Total Plant Revision,Confirmed,Planned,Germany,NUON Epe Gasspeicher,UGS Enschede - Epe (Nuon)
2024-09-19 06:03:28,2024-09-18 06:00:00,2024-09-18 16:00:00,0.0,181.0,168.0,Maintenance BEP Pipeline. Connection to GTS System n/a,Estimate,Planned,Germany,Uniper Energy Storage,UGS Etzel ESE (Uniper Energy Storage)
2024-09-17 18:00:00,2024-09-17 06:00:00,2024-09-17 18:00:00,0.0,0.0,47.0,"Maintenance of Header1, RS1, RS2",Confirmed,Planned,Germany,Eneco Gasspeicher,UGS Enschede - Epe (Eneco)
2024-09-16 08:30:48,2024-11-14 06:00:00,2024-11-14 15:00:00,0.0,0.0,0.0,"Maintenancce of compressor, maintenance was cancelled. None",Estimate,Planned,Germany,Uniper Energy Storage,UGS Bierwang
2024-09-16 07:06:55,2024-09-09 04:00:00,2024-09-13 17:00:00,0.0,0.0,138.0,Planned maintenance. Possible restriction: Reduction of withdrawal rate by up to 50%.,Estimate,Planned,Germany,Uniper Energy Storage,UGS Etzel Erdgas Lager EGL
2024-09-12 21:55:53,2024-09-23 06:00:00,2024-09-27 13:00:00,0.0,0.0,39.0,Maintenance of drying unit,Confirmed,Unplanned,Germany,OMV Gas Storage Germany,UGS Etzel ESE (OMV)
2024-09-12 14:31:10,2024-09-23 06:00:00,2024-09-27 13:00:00,0.0,0.0,39.0,Maintenance of drying unit,Confirmed,Unplanned,Germany,OMV Gas Storage Germany,UGS Etzel ESE (OMV)
2024-09-12 14:29:13,2024-09-23 06:00:00,2024-09-27 13:00:00,0.0,15.4,0.0,"Maintenance of drying unit

Possible restriction: Reduction of withdrawal rate up to 33%",Estimate,Planned,Germany,MET Speicher,UGS Etzel ESE (MET)
2024-09-12 11:40:18,2024-09-12 04:00:00,2024-09-12 11:00:00,0.0,79.0,138.0,Planned maintenance. Possible restriction: Entire storage facility n/a,Estimate,Planned,Germany,Uniper Energy Storage,UGS Etzel Erdgas Lager EGL
2024-09-12 10:37:09,2024-09-11 04:00:00,2024-09-11 16:00:00,0.0,79.0,138.0,Planned maintenance. Possible restriction: Entire storage facility n/a,Estimate,Planned,Germany,Uniper Energy Storage,UGS Etzel Erdgas Lager EGL
2024-09-11 06:46:51,2024-09-10 06:00:00,2024-09-10 13:00:00,0.0,0.0,136.9,Maintanance preheater.. Possible restriction: Reduction of withdrawal rate by up to 100%,Estimate,Planned,Germany,Uniper Energy Storage,UGS Epe Uniper H-Gas
2024-09-10 14:15:40,2024-09-23 08:00:00,2024-09-27 15:00:00,0.0,0.0,9.7,"Reduction up to 33 % of withdrawal rate. Depending on all nominations, each customer has at least 67 % of his firm withdrawal capacity according to the characteristic curve.",Estimate,Planned,Germany,VNG Gasspeicher GmbH (6),UGS Etzel ESE (VGS)
2024-09-05 18:00:00,2024-09-02 11:00:00,2024-09-05 18:00:00,0.621,0.0,156.4,Maintenance of S82,Confirmed,Planned,Germany,Eneco Gasspeicher,UGS Enschede - Epe (Eneco)
2024-09-04 07:26:39,2024-08-30 10:00:00,2024-09-04 08:00:00,0.0,0.0,82.2,Maintanance preheater.. Possible restriction: Reduction of withdrawal rate by up to 23%,Confirmed,Planned,Germany,Uniper Energy Storage,UGS Bierwang
2024-09-03 12:16:08,2024-09-09 04:00:00,2024-09-20 04:00:00,0.0,105.0,0.0,Planned maintenance.. Possible restriction: Reduction of injection rate by up to 50%.,Estimate,Planned,Germany,Equinor Storage Deutschland,UGS Etzel EGL (Equinor Storage Deutschland)
2024-09-02 16:26:59,2024-09-18 08:00:00,2024-09-18 18:00:00,0.0,122.0,217.0,Annual BEP-maintenance works. Only Dutch connection (GTS) affected.,Estimate,Planned,Germany,EKB,UGS Etzel EKB
2024-08-30 11:05:03,2024-08-26 06:00:00,2024-08-30 13:00:00,3.346,55.2,69.0,safety test / maintenance work,Confirmed,Planned,Germany,EWE Gasspeicher,UGS Jemgum H (EWE)
2024-08-29 17:03:31,2024-08-29 19:00:00,2024-09-04 18:00:00,0.0,186.4,0.0,"Possible restriction:
Reduction up to 60,4%of injection rate. Depending on all nominations, each customer has at least 39,6% of his firm injection capacity according to the characteristic curve.
",Estimate,Unplanned,Germany,VNG Gasspeicher GmbH (6),UGS Jemgum H (VGS) (historical data prior to 1 April 2025)
2024-08-29 16:39:19,2024-08-29 19:00:00,2024-09-03 14:00:00,0.0,82.9,0.0,The limitation of injection rate amounts to 60%.,Confirmed,Unplanned,Germany,SEFE Storage (Germany),UGS Jemgum H (SEFE Storage)
2024-08-29 15:54:28,2024-08-05 07:00:00,2024-08-29 16:00:00,0.0,35.4,0.0,Outage of one Turbo compressor,Confirmed,Planned,Germany,NUON Epe Gasspeicher,UGS Enschede - Epe (Nuon)
2024-08-27 16:00:00,2024-08-27 12:00:00,2024-08-27 16:00:00,0.621,0.0,7.1,Maintenance of S82,Confirmed,Planned,Germany,Eneco Gasspeicher,UGS Enschede - Epe (Eneco)
2024-08-26 10:12:55,2024-09-02 08:00:00,2024-11-15 18:00:00,0.0,0.0,52.6,"Yearly maintenance and repairs.
Possible restriction of withdrawal capacity: 100%",Estimate,Planned,Germany,MET Speicher,UGS Reckrod
2024-08-20 13:40:28,2024-06-10 06:00:00,2024-08-24 06:00:00,0.812,0.0,0.0,cavern repair works,Confirmed,Planned,Germany,EKB,UGS Etzel EKB
2024-08-19 16:00:00,2024-08-19 12:00:00,2024-08-19 16:00:00,0.814,0.0,7.2,Maintenance of S81,Confirmed,Planned,Germany,Eneco Gasspeicher,UGS Enschede - Epe (Eneco)
2024-08-16 11:56:28,2024-08-13 22:08:00,2024-08-16 11:50:00,0.0,0.0,94.4,Failure of two Withdrawal,Confirmed,Unplanned,Germany,NUON Epe Gasspeicher,UGS Enschede - Epe (Nuon)
2024-08-16 10:19:07,2024-11-28 05:00:00,2024-11-28 17:00:00,0.0,26.0,180.0,"Planned maintenance. Possible restriction: Reduction of injection rate by up to 25%, reduction of withdrawal rate by up to 100%",Estimate,Planned,Germany,Equinor Storage Deutschland,UGS Etzel EGL (Equinor Storage Deutschland)
2024-08-16 10:18:17,2024-11-23 05:00:00,2024-11-28 05:00:00,0.0,52.0,367.0,"Planned maintenance. Possible restriction: Reduction of injection rate by up to 25%, reduction of withdrawal rate by up to 100%",Estimate,Planned,Germany,Equinor Storage Deutschland,UGS Etzel EGL (Equinor Storage Deutschland)
2024-08-16 10:17:18,2024-11-22 17:00:00,2024-11-23 05:00:00,0.0,26.0,180.0,"Planned maintenance. Possible restriction: Reduction of injection rate by up to 25%, reduction of withdrawal rate by up to 100%",Estimate,Planned,Germany,Equinor Storage Deutschland,UGS Etzel EGL (Equinor Storage Deutschland)
2024-08-16 10:16:19,2024-11-22 05:00:00,2024-11-22 17:00:00,0.0,105.0,180.0,Planned maintenance. Possible restriction: Entire storage facility n/a,Estimate,Planned,Germany,Equinor Storage Deutschland,UGS Etzel EGL (Equinor Storage Deutschland)
2024-08-16 10:15:36,2024-11-18 05:00:00,2024-11-22 05:00:00,0.0,210.0,361.0,Planned maintenance. Possible restriction: Entire storage facility n/a,Estimate,Planned,Germany,Equinor Storage Deutschland,UGS Etzel EGL (Equinor Storage Deutschland)
2024-08-16 10:14:30,2024-09-14 04:00:00,2024-09-14 16:00:00,0.0,0.0,90.0,Planned maintenance. Possible restriction: Reduction of withdrawal rate by up to 50%.,Estimate,Planned,Germany,Equinor Storage Deutschland,UGS Etzel EGL (Equinor Storage Deutschland)
2024-08-16 09:54:10,2024-09-09 04:00:00,2024-09-14 04:00:00,0.0,0.0,180.0,Planned maintenance. Possible restriction: Reduction of withdrawal rate by up to 50%.,Estimate,Planned,Germany,Equinor Storage Deutschland,UGS Etzel EGL (Equinor Storage Deutschland)
2024-08-16 09:07:38,2024-11-22 17:00:00,2024-11-23 05:00:00,0.0,20.0,138.0,"Planned maintenance. Possible restriction: Reduction of injection rate by up to 25%, reduction of withdrawal rate by up to 100%",Estimate,Planned,Germany,Uniper Energy Storage,UGS Etzel Erdgas Lager EGL
2024-08-16 08:58:07,2024-09-20 04:00:00,2024-09-20 16:00:00,0.0,53.5,0.0,Planned maintenance.. Possible restriction: Reduction of injection rate by up to 50%.,Estimate,Planned,Germany,Equinor Storage Deutschland,UGS Etzel EGL (Equinor Storage Deutschland)
2024-08-16 08:56:06,2024-09-11 04:00:00,2024-09-11 16:00:00,0.0,107.0,184.0,Planned maintenance.. Possible restriction: Entire storage facility n/a,Estimate,Planned,Germany,Equinor Storage Deutschland,UGS Etzel EGL (Equinor Storage Deutschland)
2024-08-16 08:54:30,2024-09-14 04:00:00,2024-09-14 16:00:00,0.0,0.0,69.1,Planned maintenance. Possible restriction: Reduction of withdrawal rate by up to 50%.,Estimate,Planned,Germany,Uniper Energy Storage,UGS Etzel Erdgas Lager EGL
2024-08-16 08:47:53,2024-09-12 04:00:00,2024-09-12 16:00:00,0.0,107.0,184.0,Planned maintenance. Possible restriction: Entire storage facility n/a,Estimate,Planned,Germany,Equinor Storage Deutschland,UGS Etzel EGL (Equinor Storage Deutschland)
2024-08-16 06:31:53,2024-08-12 06:00:00,2024-08-15 15:00:00,0.0,0.0,133.0,Maintenance of drying unit. Possible restriction: Reduction of withdrawal rate up to 33%,Estimate,Planned,Germany,Uniper Energy Storage,UGS Etzel ESE (Uniper Energy Storage)
2024-08-15 18:13:12,2024-08-13 22:08:00,2024-08-15 19:00:00,0.0,85.0,0.0,Outage of all compressor,Confirmed,Unplanned,Germany,NUON Epe Gasspeicher,UGS Enschede - Epe (Nuon)
2024-08-15 11:35:02,2024-06-04 06:00:00,2024-06-12 06:00:00,1.788,24.8,49.7,safety test / maintenance work,Confirmed,Planned,Germany,EWE Gasspeicher,UGS Nüttermoor H-2
2024-08-15 11:25:02,2024-04-16 06:00:00,2024-04-19 06:00:00,6.009,49.4,164.6,Maintenance,Confirmed,Planned,Germany,EWE Gasspeicher,UGS EWE-Zone L
2024-08-14 12:16:59,2025-10-06 06:00:00,2025-10-24 18:00:00,0.0,352.6,542.5,The limitation of injection- and withdrawal rate amounts to 100%.,Estimate,Planned,Germany,SEFE Storage (Germany),UGS Rehden
2024-08-14 08:32:47,2024-06-05 14:00:00,2024-08-13 10:00:00,0.447,0.0,0.0,"Maintenance of cavern. Possible restriction: Reduction of workinggas capacity by up to 3,9%",Estimate,Planned,Germany,Uniper Energy Storage,UGS Etzel ESE (Uniper Energy Storage)
2024-08-13 11:25:08,2025-09-19 18:00:00,2025-09-26 18:00:00,0.0,82.9,0.0,The limitation of injection rate amounts to 60%.,Estimate,Planned,Germany,SEFE Storage (Germany),UGS Jemgum H (SEFE Storage)
2024-08-13 11:25:08,2025-09-08 06:00:00,2025-09-19 18:00:00,0.0,137.3,211.1,The limitation of injection- and withdrawal rate amounts to 100%.,Estimate,Planned,Germany,SEFE Storage (Germany),UGS Jemgum H (SEFE Storage)
2024-08-12 08:43:24,2024-07-18 07:30:00,2024-08-12 08:43:00,0.0,90.6,0.0,Faulty of end pressure protection. Possible restriction: Reduction of injection rate by up to 33%,Estimate,Unplanned,Germany,Uniper Energy Storage,UGS Bierwang
2024-08-08 08:59:16,2024-08-08 08:59:05,2024-08-08 08:59:16,0.0,0.0,0.0,Maintenance of Compressor1,Confirmed,Unplanned,Germany,Eneco Gasspeicher,UGS Enschede - Epe (Eneco)
2024-08-05 08:54:11,2025-04-08 08:00:00,2025-04-08 14:00:00,0.0,47.0,93.9,Maintenance Possible restriction: 34% of injection and withdrawal rate. Depending on all nominations each customer has at least 66 % of his firm injection and withdrawal capacity according to the characteristic curve.,Estimate,Planned,Germany,Erdgasspeicher Peissen,UGS Katharina (historical data prior to 01/04/2026)
2024-08-05 08:54:11,2025-04-07 06:00:00,2025-04-25 06:00:00,0.0,0.0,93.9,Maintenance,Estimate,Planned,Germany,Erdgasspeicher Peissen,UGS Katharina (historical data prior to 01/04/2026)
2024-08-05 08:54:11,2025-05-05 06:00:00,2025-05-16 16:00:00,0.0,0.0,93.9,Maintenance,Estimate,Planned,Germany,Erdgasspeicher Peissen,UGS Katharina (historical data prior to 01/04/2026)
2024-08-05 08:21:27,2025-12-08 07:00:00,2025-12-11 15:00:00,0.0,92.2,0.0,"Possible restriction: 25% of injection rate. Depending on all nominations, each customer has at least 75 % of his firm injection capacity according to the characteristic curve. ",Estimate,Planned,Germany,VNG Gasspeicher GmbH (6),"VGS Storage Hub (Bernburg, Bad Lauchstädt, Katharina)"
2024-08-05 08:16:22,2025-08-25 07:00:00,2025-09-03 15:00:00,0.0,208.0,101.4,"Possible restriction: 20% of withdrawal rate and 60% of injection rate. Depending on all nominations, each customer has at least 80 % of his firm withdrawal capacity and 40% of his firm injection capacity according to the characteristic curve.",Estimate,Planned,Germany,VNG Gasspeicher GmbH (6),"VGS Storage Hub (Bernburg, Bad Lauchstädt, Katharina)"
2024-08-05 08:14:39,2025-06-09 07:00:00,2025-08-22 15:00:00,0.0,0.0,76.1,"Possible restriction: Reduction up to 15 % of withdrawal rate. Depending on all nominations, each customer has at least 85 % of his firm withdrawal capacity according to the characteristic curve.",Estimate,Planned,Germany,VNG Gasspeicher GmbH (6),"VGS Storage Hub (Bernburg, Bad Lauchstädt, Katharina)"
2024-08-05 08:12:53,2025-08-31 07:00:00,2025-09-05 15:00:00,0.0,166.4,202.8,"Possible restriction: 60% of withdrawal rate and 48% of injection rate. Depending on all nominations, each customer has at least 40 % of his firm withdrawal capacity and 52% of his firm injection capacity according to the characteristic curve.",Estimate,Planned,Germany,VNG Gasspeicher GmbH (6),"VGS Storage Hub (Bernburg, Bad Lauchstädt, Katharina)"
2024-08-02 16:21:06,2024-08-02 04:00:00,2024-08-02 16:00:00,0.0,0.0,361.2,"unplanned repair of Leakage (ADGS), no withdrawal available. no withdrawal available",Estimate,Unplanned,Germany,Equinor Storage Deutschland,UGS Etzel EGL (Equinor Storage Deutschland)
2024-08-02 16:20:26,2024-08-05 04:00:00,2024-08-05 16:00:00,0.0,0.0,180.6,"unplanned repair of Leakage (ADGS), no withdrawal available. no withdrawal available",Estimate,Unplanned,Germany,Equinor Storage Deutschland,UGS Etzel EGL (Equinor Storage Deutschland)
2024-08-02 16:19:36,2024-08-02 04:00:00,2024-08-02 16:00:00,0.0,0.0,180.6,"unplanned repair of Leakage (ADGS), no withdrawal available. no withdrawal available.",Confirmed,Unplanned,Germany,Uniper Energy Storage,UGS Etzel Erdgas Lager EGL
2024-08-02 06:04:17,2024-08-01 16:00:00,2024-08-02 04:00:00,0.0,0.0,180.6,"unplanned repair of Leakage (ADGS), no withdrawal available. no withdrawal available",Confirmed,Unplanned,Germany,Equinor Storage Deutschland,UGS Etzel EGL (Equinor Storage Deutschland)
2024-08-01 16:25:56,2024-08-01 16:00:00,2024-08-02 04:00:00,0.0,0.0,180.6,"unplanned repair of Leakage (ADGS), no withdrawal available. no withdrawal available",Confirmed,Unplanned,Germany,Uniper Energy Storage,UGS Etzel Erdgas Lager EGL
2024-08-01 16:25:11,2024-08-05 04:00:00,2024-08-05 16:00:00,0.0,0.0,180.6,"unplanned repair of Leakage (ADGS), no withdrawal available. no withdrawal available",Estimate,Unplanned,Germany,Uniper Energy Storage,UGS Etzel Erdgas Lager EGL
2024-08-01 11:09:56,2024-07-01 05:00:00,2024-08-06 14:00:00,0.0,0.0,178.0,Maintenance of drying unit. Possible restriction: Reduction of withdrawal rate by up to 50%,Estimate,Planned,Germany,Uniper Energy Storage,UGS Bierwang
2024-08-01 07:52:49,2024-07-31 07:00:00,2024-07-31 09:00:00,0.0,0.0,23.0,Maintenance of preheater. Possible restriction: Reduction of withdrawal rate by up to 100%,Estimate,Planned,Germany,Uniper Energy Storage,UGS Etzel ESE (Uniper Energy Storage)
2024-08-01 07:52:34,2024-07-31 06:00:00,2024-07-31 15:00:00,0.0,11.0,45.0,"Test of safety equipment. Possible restriction: Entire storage facility n/a, but not affecting the delivery of the SCB-Product of THE",Estimate,Planned,Germany,Uniper Energy Storage,UGS Epe Uniper L-Gas
2024-08-01 07:52:22,2024-07-31 06:00:00,2024-07-31 15:00:00,0.0,123.1,174.4,Test of safety equipment. Possible restriction: Entire storage facility n/a,Estimate,Planned,Germany,Uniper Energy Storage,UGS Epe Uniper H-Gas
2024-07-31 08:30:48,2024-07-30 07:00:00,2024-07-30 11:00:00,0.0,0.0,15.2,Maintenance of metering station. Possible restriction: Reduction of withdrawal rate by up to 33%,Estimate,Planned,Germany,Uniper Energy Storage,UGS Etzel ESE (Uniper Energy Storage)
2024-07-31 06:00:21,2024-07-30 06:00:00,2024-07-30 15:00:00,0.0,11.0,45.0,"Test of safety equipment. Possible restriction: Entire storage facility n/a, but not affecting the delivery of the SCB-Product of THE",Estimate,Planned,Germany,Uniper Energy Storage,UGS Epe Uniper L-Gas
2024-07-31 06:00:08,2024-07-30 06:00:00,2024-07-30 15:00:00,0.0,123.1,174.4,Test of safety equipment. Possible restriction: Entire storage facility n/a,Estimate,Planned,Germany,Uniper Energy Storage,UGS Epe Uniper H-Gas
2024-07-29 08:44:37,2024-04-29 16:04:00,2024-08-15 18:00:00,0.0,12.6,0.0,Interruptible injection capacity not available due to the defect of a flame detector.,Estimate,Unplanned,Germany,MET Speicher,UGS Reckrod
2024-07-29 07:11:30,2024-07-04 05:00:00,2024-07-26 14:00:00,0.0,0.0,41.0,Maintenance of drying unit. Possible restriction: Reduction of withdrawal rate up to 25%,Estimate,Planned,Germany,Uniper Energy Storage,UGS Epe Uniper L-Gas
2024-07-29 07:11:20,2024-07-04 05:00:00,2024-07-26 10:00:00,0.0,0.0,36.0,Maintenance of drying unit. Possible restriction: Reduction of withdrawal rate up to 20%,Estimate,Planned,Germany,Uniper Energy Storage,UGS Epe Uniper H-Gas
2024-07-26 06:05:59,2024-07-25 07:00:00,2024-07-25 11:00:00,0.0,0.0,15.2,Maintenance of metering station. Possible restriction: Reduction of withdrawal rate by up to 33%,Estimate,Planned,Germany,Uniper Energy Storage,UGS Etzel ESE (Uniper Energy Storage)
2024-07-25 06:20:53,2024-07-12 10:50:00,2024-08-23 14:00:00,0.0,199.0,0.0,Faulty of compressor unit. Possible Restriction : Reduction of injection rate by up to 60 %,Estimate,Unplanned,Germany,Uniper Energy Storage,UGS Epe Uniper H-Gas
2024-07-25 06:16:50,2024-07-24 07:00:00,2024-07-24 09:00:00,0.0,4.4,0.0,Maintenance of compressor unit. Possible restriction: Reduction of injection rate by up to 33%,Estimate,Planned,Germany,Uniper Energy Storage,UGS Etzel ESE (Uniper Energy Storage)
2024-07-24 06:06:41,2024-07-23 07:00:00,2024-07-23 11:00:00,0.0,0.0,15.2,Maintenance of metering station. Possible restriction: Reduction of withdrawal rate by up to 33%,Estimate,Planned,Germany,Uniper Energy Storage,UGS Etzel ESE (Uniper Energy Storage)
2024-07-22 07:00:12,2024-08-01 06:00:00,2024-12-31 15:00:00,0.0,0.0,0.0,Maintenance was cancelled. None,Estimate,Planned,Germany,Uniper Energy Storage,UGS Epe Uniper H-Gas
2024-07-18 07:19:32,2024-07-16 05:00:00,2024-07-16 15:00:00,0.0,114.5,148.9,Maintenance of piping system. Possible restriction: Entire storage facility n/a,Estimate,Planned,Germany,Uniper Energy Storage,UGS Bierwang
2024-07-16 13:56:27,2024-07-09 06:00:00,2024-07-15 14:00:00,0.0,66.2,93.8,"Repair of faulty valve. Possible restriction: Reduction of injection rate by up to 20%, reduction of withdrawal rate by up to 20%",Estimate,Unplanned,Germany,Uniper Energy Storage,UGS Epe Uniper H-Gas
2024-07-12 08:54:18,2024-08-12 06:00:00,2024-08-15 15:00:00,0.0,0.0,15.4,"Maintenance of drying unit

Possible restriction: Reduction of withdrawal rate up to 33%",Estimate,Planned,Germany,MET Speicher,UGS Etzel ESE (MET)
2024-07-12 06:38:33,2024-07-01 04:00:00,2024-07-11 16:00:00,0.0,47.1,144.0,Cleaning of gas process plant. Possible restriction: Reduction of withdrawalrate by up to 100%; Reduction of Injection Rate by up to 68%,Estimate,Planned,Germany,Uniper Energy Storage,UGS Breitbrunn
2024-07-11 11:07:41,2024-08-12 06:00:00,2024-08-15 15:00:00,0.0,0.0,39.1,Maintenance of drying unit,Confirmed,Planned,Germany,OMV Gas Storage Germany,UGS Etzel ESE (OMV)
2024-07-10 14:27:40,2024-07-31 07:00:00,2024-07-31 09:00:00,0.0,0.0,47.0,"Maintenance of preheater
Possible restriction: Reduction of withdrawal rate by up to 100%.
",Estimate,Planned,Germany,VNG Gasspeicher GmbH (6),UGS Etzel ESE (VGS)
2024-07-10 14:25:00,2024-07-24 07:00:00,2024-07-24 09:00:00,0.0,9.6,0.0,"Maintenance compressor unit
Possible restriction: Reduction of injection rate by up to 33%. Depending on all nominations, each customer has at least 66 % of his firm capacity according to the characteristic curve.
",Estimate,Planned,Germany,VNG Gasspeicher GmbH (6),UGS Etzel ESE (VGS)
2024-07-10 14:16:49,2024-06-11 16:00:00,2024-08-09 16:00:00,55.7,0.0,0.0,"Maintenance of cavern

Possible restriction: Reduction of workinggas capacity by up to 3,9%",Estimate,Planned,Germany,MET Speicher,UGS Etzel ESE (MET)
2024-07-10 14:12:36,2024-07-31 07:00:00,2024-07-31 09:00:00,0.0,0.0,3.9,"Maintenance of preheater

Possible restriction: Reduction of withdrawal rate by up to 100%",Estimate,Planned,Germany,MET Speicher,UGS Etzel ESE (MET)
2024-07-10 14:09:49,2024-07-30 07:00:00,2024-07-30 11:00:00,0.0,0.0,2.6,"Maintenance of metering station

Possible restriction: Reduction of withdrawal rate by up to 33%",Estimate,Planned,Germany,MET Speicher,UGS Etzel ESE (MET)
2024-07-10 14:06:37,2024-07-25 07:00:00,2024-07-25 11:00:00,0.0,0.0,2.6,"Maintenance of metering station

Possible restriction: Reduction of withdrawal rate by up to 33%",Estimate,Planned,Germany,MET Speicher,UGS Etzel ESE (MET)
2024-07-10 14:04:32,2024-07-24 07:00:00,2024-07-24 09:00:00,0.0,1.5,0.0,"Maintenance of compressor unit

Possible restriction: Reduction of injection rate by up to 33%",Estimate,Planned,Germany,MET Speicher,UGS Etzel ESE (MET)
2024-07-10 14:01:34,2024-07-23 07:00:00,2024-07-23 11:00:00,0.0,0.0,2.6,"Maintenance of metering station

Possible restriction: Reduction of withdrawal rate by up to 33%",Estimate,Planned,Germany,MET Speicher,UGS Etzel ESE (MET)
2024-07-08 13:13:18,2024-07-24 07:00:00,2024-07-24 09:00:00,0.0,23.7,0.0,Maintenance of the compressor unit,Confirmed,Planned,Germany,OMV Gas Storage Germany,UGS Etzel ESE (OMV)
2024-07-08 12:10:00,2024-07-30 07:00:00,2024-07-30 11:00:00,0.0,0.0,12.0,Maintenance of metering station,Confirmed,Planned,Germany,OMV Gas Storage Germany,UGS Etzel ESE (OMV)
2024-07-08 12:08:58,2024-07-25 07:00:00,2024-07-25 11:00:00,0.0,0.0,12.0,Maintenance of metering station,Confirmed,Planned,Germany,OMV Gas Storage Germany,UGS Etzel ESE (OMV)
2024-07-08 12:07:17,2024-07-23 07:00:00,2024-07-23 11:00:00,0.0,0.0,12.0,Maintenance of metering station,Confirmed,Planned,Germany,OMV Gas Storage Germany,UGS Etzel ESE (OMV)
2024-07-08 12:05:31,2024-07-24 07:00:00,2024-07-24 09:00:00,0.0,23.7,0.0,Maintenance of the compressor unit,Confirmed,Planned,Germany,OMV Gas Storage Germany,UGS Etzel ESE (OMV)
2024-07-08 12:00:15,2024-07-31 07:00:00,2024-07-31 09:00:00,0.0,0.0,118.4,Maintenance of preheater,Confirmed,Planned,Germany,OMV Gas Storage Germany,UGS Etzel ESE (OMV)
2024-07-04 10:13:13,2025-08-18 06:00:00,2025-08-24 06:00:00,0.0,24.7,81.7,During this time neither injection nor withdrawal is possible.,Confirmed,Planned,Germany,Storengy Deutschland,UGS Harsefeld
2024-07-04 10:13:13,2025-05-05 06:00:00,2025-05-22 06:00:00,0.0,10.8,40.3,During this time neither injection nor withdrawal is possible.,Confirmed,Planned,Germany,Storengy Deutschland,UGS Schmidhausen
2024-07-04 10:13:13,2025-11-16 06:00:00,2026-01-01 06:00:00,0.0,40.5,0.0,During this time the injection rate is decreased by 50%.,Confirmed,Planned,Germany,Storengy Deutschland,UGS Uelsen
2024-07-04 10:13:13,2025-03-31 06:00:00,2025-04-13 06:00:00,0.0,81.0,107.6,During this time neither injection nor withdrawal is possible.,Confirmed,Planned,Germany,Storengy Deutschland,UGS Uelsen
2024-07-04 10:13:13,2025-09-01 06:00:00,2025-09-27 06:00:00,0.0,84.7,232.0,During this time neither injection nor withdrawal is possible.,Confirmed,Planned,Germany,Storengy Deutschland,UGS Peckensen
2024-07-04 10:13:13,2025-03-17 06:00:00,2025-03-22 06:00:00,0.0,14.2,0.0,During this time the injection rate is decreased by 50%.,Confirmed,Planned,Germany,Storengy Deutschland,UGS Lesum
2024-07-04 10:13:13,2025-04-13 06:00:00,2025-10-01 06:00:00,0.0,0.0,53.8,During this time the withdrawal rate is decreased by 50%.,Confirmed,Planned,Germany,Storengy Deutschland,UGS Uelsen
2024-07-04 10:13:13,2025-03-10 06:00:00,2025-03-15 06:00:00,0.0,14.2,0.0,During this time the injection rate is decreased by 50%.,Confirmed,Planned,Germany,Storengy Deutschland,UGS Lesum
2024-07-04 10:13:13,2025-10-06 06:00:00,2025-10-19 06:00:00,0.0,28.5,58.5,During this time neither injection nor withdrawal is possible.,Confirmed,Planned,Germany,Storengy Deutschland,UGS Lesum
2024-07-04 10:13:13,2025-11-03 06:00:00,2025-11-16 06:00:00,0.0,81.0,107.6,During this time neither injection nor withdrawal is possible.,Confirmed,Planned,Germany,Storengy Deutschland,UGS Uelsen
2024-07-04 10:13:13,2025-11-01 06:00:00,2025-11-03 06:00:00,0.0,40.5,0.0,During this time the injection rate is decreased by 50%.,Confirmed,Planned,Germany,Storengy Deutschland,UGS Uelsen
2024-07-03 14:58:43,2024-07-02 14:00:00,2024-07-03 12:00:00,0.0,0.0,0.0,"Facility not available for withdrawal to German OGE grid. Reason: Maintenance of metering equipments

",Confirmed,Planned,Germany,NUON Epe Gasspeicher,UGS Enschede - Epe (Nuon)
2024-07-03 12:15:48,2024-06-20 12:00:00,2024-07-03 12:00:00,0.0,35.7,125.0,"Drilling site not available. Possible restriction: Reduction of injection rate by up to 13%, reduction of withdrawal rate by up to 35%",Estimate,Unplanned,Germany,Uniper Energy Storage,UGS Bierwang
2024-07-02 15:50:02,2024-07-02 18:00:00,2024-07-12 12:00:00,0.0,149.2,0.0,The limitation of injection rate amounts to 42%.,Confirmed,Unplanned,Germany,SEFE Storage (Germany),UGS Rehden
2024-06-28 16:23:28,2024-07-02 06:00:00,2024-07-02 18:00:00,0.0,25.3,50.6,Maintenance on a well,Estimate,Planned,Germany,MET Speicher,UGS Reckrod
2024-06-28 06:26:56,2024-06-04 05:00:00,2024-06-28 05:00:00,0.0,0.0,89.0,Maintenance of drying unit. Possible restriction: Reduction of withdrawal rate by up to 25%,Estimate,Planned,Germany,Uniper Energy Storage,UGS Bierwang
2024-06-28 06:26:36,2024-06-27 05:00:00,2024-06-27 14:00:00,0.0,103.0,134.0,Maintenance of field piping system. Possible restriction: Entire storage facility n/a,Estimate,Planned,Germany,Uniper Energy Storage,UGS Bierwang
2024-06-21 06:46:42,2024-05-27 05:00:00,2024-06-21 06:00:00,0.0,6.0,9.0,"Conversion station. Possible restriction: Reduction of injection rate by up to 5%, reduction of withdrawal rate by up to 5%",Estimate,Planned,Germany,Uniper Energy Storage,UGS Epe Uniper H-Gas
2024-06-20 09:24:38,2024-06-13 06:00:00,2024-06-19 10:00:00,0.0,0.0,30.0,Faulty preheater. Possible restriction: Reduction of withdrawal rate by up to 25%,Estimate,Unplanned,Germany,Uniper Energy Storage,UGS Epe Uniper L-Gas
2024-06-20 09:24:16,2024-06-13 06:00:00,2024-06-19 10:00:00,0.0,0.0,70.4,Faulty preheater. Possible restriction: Reduction of withdrawal rate by up to 15%,Estimate,Unplanned,Germany,Uniper Energy Storage,UGS Epe Uniper H-Gas
2024-06-18 07:10:07,2024-06-10 06:00:00,2024-06-18 06:00:00,2.518,41.0,82.1,safety test / maintenance work,Confirmed,Planned,Germany,EWE Gasspeicher,UGS Nüttermoor H-3
2024-06-15 05:11:59,2024-06-15 05:11:59,2024-06-15 06:00:00,0.0,0.8,0.0,Maintenance of Compressor1,Estimate,Unplanned,Germany,Eneco Gasspeicher,UGS Enschede - Epe (Eneco)
2024-06-14 09:42:10,2024-06-10 05:00:00,2024-06-13 13:00:00,0.0,27.5,71.4,Upgrade local control system drilling site. Possible restriction: Reduction of withdrawalrate by up to 20%; Reduction of Injection Rate by up to 10%,Estimate,Planned,Germany,Uniper Energy Storage,UGS Bierwang
2024-06-14 09:39:26,2024-06-10 10:00:00,2024-06-14 10:00:00,0.0,0.0,44.0,Maintenance of cavern. Possible restriction: Reduction of withdrawal rate by up to 7%,Estimate,Planned,Germany,Uniper Energy Storage,UGS Etzel ESE (Uniper Energy Storage)
2024-06-13 05:06:11,2024-06-03 04:00:00,2024-06-12 14:00:00,0.0,0.0,72.0,Cleaning of gas process plant. Possible restriction: Reduction of withdrawal rate by up to 50%,Estimate,Planned,Germany,Uniper Energy Storage,UGS Breitbrunn
2024-06-12 12:55:02,2024-06-04 06:00:00,2024-06-12 06:00:00,1.28,24.8,41.4,Maintenance,Confirmed,Planned,Germany,EWE Gasspeicher,UGS Nüttermoor H-5
2024-06-12 12:45:04,2024-06-04 06:00:00,2024-06-12 06:00:00,4.432,49.4,141.1,Maintenance,Confirmed,Planned,Germany,EWE Gasspeicher,UGS EWE-Zone L
2024-06-12 06:16:18,2024-06-10 05:00:00,2024-06-11 14:00:00,0.0,24.0,0.0,Maintenance of compressor. Possible restriction: Reduction of injection rate by up to 50%,Estimate,Planned,Germany,Uniper Energy Storage,UGS Epe Uniper L-Gas
2024-06-07 07:21:12,2024-05-24 06:00:00,2024-06-05 14:00:00,1.19,0.0,0.0,"Maintenance of cavern. Possible restriction: Reduction of workinggas capacity by up to 10,5%",Estimate,Planned,Germany,Uniper Energy Storage,UGS Etzel ESE (Uniper Energy Storage)
2024-06-07 07:07:45,2023-08-21 14:00:00,2024-06-05 15:00:00,0.0,34.0,0.0,"M2 n.v. Seal defective, secondary vent gas leaking. Possible restriction: Reduction of injection rate by up to 50%.",Confirmed,Unplanned,Germany,Uniper Energy Storage,UGS Breitbrunn
2024-06-07 07:07:35,2024-06-03 05:00:00,2024-06-05 14:00:00,0.0,274.0,357.0,Installation of a valve. Possible restriction: Entire storage facility n/a,Estimate,Planned,Germany,Uniper Energy Storage,UGS Bierwang
2024-06-07 07:07:24,2024-06-03 05:00:00,2024-06-06 15:00:00,0.0,0.0,357.0,Installation of a valve. Possible restriction: Reduction of withdrawal rate by up to 100%,Estimate,Planned,Germany,Uniper Energy Storage,UGS Bierwang
2024-06-06 11:19:07,2024-05-29 07:30:00,2024-06-06 08:00:00,0.0,0.0,70.4,Faulty preheater. Possible restriction: Reduction of withdrawal rate by up to 15%,Estimate,Unplanned,Germany,Uniper Energy Storage,UGS Epe Uniper H-Gas
2024-05-29 12:52:10,2024-05-21 05:00:00,2024-05-29 12:45:00,0.0,0.0,30.0,Maintenance of drying unit. Possible restriction: Reduction of withdrawal rate up to 25%,Estimate,Planned,Germany,Uniper Energy Storage,UGS Epe Uniper L-Gas
2024-05-29 12:51:40,2024-05-21 05:00:00,2024-05-29 12:45:00,0.0,0.0,93.8,Maintenance of drying unit. Possible restriction: Reduction of withdrawal rate up to 20%,Estimate,Planned,Germany,Uniper Energy Storage,UGS Epe Uniper H-Gas
2024-05-29 12:50:31,2024-05-27 05:00:00,2024-05-29 13:00:00,0.0,0.0,70.4,Maintanance preheater.. Possible restriction: Reduction of withdrawal rate by up to 15%,Estimate,Planned,Germany,Uniper Energy Storage,UGS Epe Uniper H-Gas
2024-05-29 06:06:23,2024-05-27 05:00:00,2024-05-28 14:00:00,0.0,0.0,93.8,Maintenance of drying unit. Possible restriction: Reduction of withdrawal rate up to 20%,Estimate,Planned,Germany,Uniper Energy Storage,UGS Epe Uniper H-Gas
2024-05-24 06:05:01,2024-04-19 06:00:00,2024-05-24 06:00:00,0.744,0.0,1.0,"Maintenance of cavern. Possible restriction: Reduction of workinggas capacity by up to 6,6%",Estimate,Planned,Germany,Uniper Energy Storage,UGS Etzel ESE (Uniper Energy Storage)
2024-05-23 12:28:07,2024-06-05 05:00:00,2024-06-30 14:00:00,0.0,0.0,0.0,Maintenance of valve; maintenance was cancelled. None,Estimate,Planned,Germany,Uniper Energy Storage,UGS Epe Uniper H-Gas
2024-05-23 12:28:06,2024-05-21 05:00:00,2024-05-23 12:00:00,0.0,24.0,0.0,Maintenance of compressor. Possible restriction: Reduction of injection rate by up to 50%,Estimate,Planned,Germany,Uniper Energy Storage,UGS Epe Uniper L-Gas
2024-05-22 08:40:06,2024-05-13 06:00:00,2024-05-17 10:00:00,0.0,10.9,36.1,Upgrade local control system drilling site. Possible restriction: Reduction of withdrawalrate by up to 10%; Reduction of Injection Rate by up to 4%,Estimate,Planned,Germany,Uniper Energy Storage,UGS Bierwang
2024-05-21 11:38:08,2024-05-13 05:00:00,2024-05-21 11:00:00,0.0,0.0,70.4,Maintanance preheater.. Possible restriction: Reduction of withdrawal rate by up to 15%,Estimate,Planned,Germany,Uniper Energy Storage,UGS Epe Uniper H-Gas
2024-05-17 08:46:37,2024-05-17 08:00:00,2024-05-29 16:00:00,0.0,77.6,241.0,Incident,Confirmed,Unplanned,Germany,RWE Gas Storage West,INNEXPOOL-RWEGSW
2024-05-17 06:26:08,2024-05-16 05:00:00,2024-05-16 15:00:00,0.0,29.0,60.0,Test of safety equipment. Possible restriction: Entire storage facility n/a,Estimate,Planned,Germany,Uniper Energy Storage,UGS Breitbrunn
2024-05-17 06:23:17,2024-05-15 04:00:00,2024-05-15 15:00:00,0.0,31.0,66.0,Test of safety equipment. Possible restriction: Entire storage facility n/a,Estimate,Planned,Germany,Uniper Energy Storage,UGS Breitbrunn
2024-05-17 06:22:38,2024-05-13 05:00:00,2024-05-15 15:00:00,0.0,69.0,144.0,Maintenance of compressed air unit. restriction: Entire storage facility n/a,Estimate,Planned,Germany,Uniper Energy Storage,UGS Breitbrunn
2024-05-16 12:30:20,2024-06-17 08:00:00,2024-07-12 18:00:00,0.0,0.0,0.0,Activity cancelled.,Confirmed,Planned,Germany,MET Speicher,UGS Reckrod
2024-05-15 09:05:39,2024-05-14 08:30:00,2024-05-14 12:00:00,0.0,19.3,0.0,Maintenance CO2 extinguishing system. Possible restriction: Reduction of injection rate by up to 40%,Estimate,Planned,Germany,Uniper Energy Storage,UGS Epe Uniper H-Gas
2024-05-15 09:03:01,2024-05-14 06:00:00,2024-05-14 08:30:00,0.0,3.0,0.0,"Maintenance CO2 extinguishing system. Possible restriction: Reduction of injection rate by up to 100%, but not affecting the delivery of the SCB-Product of THE",Estimate,Planned,Germany,Uniper Energy Storage,UGS Epe Uniper L-Gas
2024-05-14 14:51:22,2024-05-14 14:51:22,2024-05-14 15:00:00,0.0,0.1,0.0,Maintenance of Compressor2,Estimate,Unplanned,Germany,Eneco Gasspeicher,UGS Enschede - Epe (Eneco)
2024-05-14 14:50:57,2024-05-14 14:50:03,2024-05-14 14:50:57,0.0,0.0,0.0,Maintenance of Compressor2,Confirmed,Unplanned,Germany,Eneco Gasspeicher,UGS Enschede - Epe (Eneco)
2024-05-14 14:49:22,2024-05-14 14:48:57,2024-05-14 14:49:22,0.0,0.0,0.0,Maintenance of Compressor2,Confirmed,Unplanned,Germany,Eneco Gasspeicher,UGS Enschede - Epe (Eneco)
2024-05-14 14:46:08,2024-05-14 14:46:08,2024-05-14 15:00:00,0.0,0.2,0.0,Maintenance of Compressor2,Estimate,Unplanned,Germany,Eneco Gasspeicher,UGS Enschede - Epe (Eneco)
2024-05-14 14:38:54,2024-05-14 14:38:54,2024-05-14 15:00:00,0.0,0.3,0.0,Maintenance of Compressor2,Estimate,Unplanned,Germany,Eneco Gasspeicher,UGS Enschede - Epe (Eneco)
2024-05-14 14:27:19,2024-05-14 14:27:19,2024-05-14 15:00:00,0.0,0.5,0.0,Maintenance of Compressor2,Estimate,Unplanned,Germany,Eneco Gasspeicher,UGS Enschede - Epe (Eneco)
2024-05-14 14:08:17,2024-05-14 04:00:00,2024-05-14 15:00:00,0.0,31.0,66.0,Test of safety equipment. Possible restriction: Entire storage facility n/a,Estimate,Planned,Germany,Uniper Energy Storage,UGS Breitbrunn
2024-05-13 13:57:43,2024-05-15 15:00:00,2024-06-11 15:00:00,0.0,55.0,0.0,"Possible restriction:
18% of injection rate. Depending on all nominations, each customer has at least 82 % of his firm
injection capacity according to the characteristic curve.",Estimate,Unplanned,Germany,VNG Gasspeicher GmbH (6),"VGS Storage Hub (Bernburg, Bad Lauchstädt, Katharina)"
2024-05-13 10:42:49,2023-07-06 11:00:00,2023-07-13 15:00:00,0.0,35.4,0.0,Outage of one Turbo Compressor,Confirmed,Unplanned,Germany,NUON Epe Gasspeicher,UGS Enschede - Epe (Nuon)
2024-05-13 10:38:17,2023-10-23 06:00:00,2023-10-26 06:00:00,0.0,35.4,0.0,Inspection of one Turbo compressor,Confirmed,Planned,Germany,NUON Epe Gasspeicher,UGS Enschede - Epe (Nuon)
2024-05-08 12:33:59,2024-05-06 05:00:00,2024-05-06 14:00:00,0.0,103.0,133.0,Test of safety equipment. Possible restriction: Entire storage facility n/a,Estimate,Planned,Germany,Uniper Energy Storage,UGS Bierwang
2024-05-07 06:03:05,2024-05-07 05:00:00,2024-05-07 05:01:00,0.0,103.0,133.0,Test of safety equipment. Possible restriction: Entire storage facility n/a,Estimate,Planned,Germany,Uniper Energy Storage,UGS Bierwang
2024-05-03 06:30:15,2024-04-30 05:00:00,2024-04-30 14:00:00,0.0,103.0,133.0,Test of safety equipment. Possible restriction: Entire storage facility n/a,Estimate,Planned,Germany,Uniper Energy Storage,UGS Bierwang
2024-04-30 16:13:50,2024-04-22 07:00:00,2024-04-30 16:00:00,0.0,7.1,0.0,Outage of One Piston Compressor.,Confirmed,Planned,Germany,NUON Epe Gasspeicher,UGS Enschede - Epe (Nuon)
2024-04-30 13:44:57,2024-04-22 05:00:00,2024-04-30 13:00:00,0.0,0.0,69.2,Maintenance of drying unit. Possible restriction: Reduction of withdrawal rate up to 48%,Estimate,Planned,Germany,Uniper Energy Storage,UGS Breitbrunn
2024-04-30 05:38:00,2024-04-29 05:00:00,2024-04-29 14:00:00,0.0,103.0,133.0,Test of safety equipment. Possible restriction: Entire storage facility n/a,Estimate,Planned,Germany,Uniper Energy Storage,UGS Bierwang
2024-04-29 10:15:03,2024-06-04 06:00:00,2024-06-12 06:00:00,0.43,10.6,23.5,Maintenance,Confirmed,Planned,Germany,EWE Gasspeicher,UGS Nüttermoor L GUD
2024-04-26 06:51:53,2023-12-22 09:00:00,2024-04-26 06:00:00,1.782,0.0,0.0,"Maintenance of field piping system. Possible restrictions: 1,782 TWh working gas is not available during the period",Estimate,Unplanned,Germany,Uniper Energy Storage,UGS Epe Uniper H-Gas
2024-04-23 17:16:51,2024-06-12 07:00:00,2024-06-14 17:00:00,0.0,82.5,343.9,"Possible restriction:
43% of withdrawal rate and 42% of injection rate. Depending on all nominations, each customer has at least 57 % of his firm withdrawal capacity and 58% of his firm injection capacity according to the characteristic curve.
",Estimate,Planned,Germany,VNG Gasspeicher GmbH (6),"VGS Storage Hub (Bernburg, Bad Lauchstädt, Katharina)"
2024-04-19 06:29:46,2024-04-18 06:00:00,2024-04-18 15:00:00,0.0,11.0,45.0,"Test of safety equipment. Possible restriction: Entire storage facility n/a, but not affecting the delivery of the SCB-Product of THE",Estimate,Planned,Germany,Uniper Energy Storage,UGS Epe Uniper L-Gas
2024-04-19 06:29:36,2024-04-18 06:00:00,2024-04-18 15:00:00,0.0,123.0,174.0,Test of safety equipment. Possible restriction: Entire storage facility n/a,Estimate,Planned,Germany,Uniper Energy Storage,UGS Epe Uniper H-Gas
2024-04-19 06:29:25,2024-04-18 05:00:00,2024-04-18 14:00:00,0.0,0.0,0.0,Maintenance of compressor; maintenance was cancelled. None,Estimate,Planned,Germany,Uniper Energy Storage,UGS Epe Uniper L-Gas
2024-04-19 06:29:00,2024-04-04 05:00:00,2024-04-18 14:00:00,0.0,199.0,0.0,Maintenancce of compressor. Possible restriction: Reduction of injection rate by up to 60%,Estimate,Planned,Germany,Uniper Energy Storage,UGS Epe Uniper H-Gas
2024-04-18 06:09:11,2024-04-17 16:00:00,2024-04-18 06:00:00,0.0,173.8,0.0,Maintenance of compressor. Possible restriction: Reduction of injection rate by up to 90%,Estimate,Planned,Germany,Uniper Energy Storage,UGS Epe Uniper H-Gas
2024-04-16 15:20:15,2024-10-09 08:00:00,2024-10-09 16:00:00,0.0,43.4,51.0,Planned maintenance 2024/10/9,Confirmed,Planned,Germany,NAFTA Speicher Inzenham,UGS Inzenham-West
2024-04-16 15:19:39,2024-10-08 08:00:00,2024-10-08 16:00:00,0.0,43.4,51.0,Planned maintenance 2024/10/8,Confirmed,Planned,Germany,NAFTA Speicher Inzenham,UGS Inzenham-West
2024-04-16 15:18:27,2024-04-15 06:00:00,2024-04-20 06:00:00,0.0,43.4,51.0,Planned maintenance 2024/4,Confirmed,Planned,Germany,NAFTA Speicher Inzenham,UGS Inzenham-West
2024-04-16 12:59:36,2024-04-13 18:00:00,2024-04-16 12:00:00,0.0,7.1,0.0,Outage of one piston compressor,Confirmed,Unplanned,Germany,NUON Epe Gasspeicher,UGS Enschede - Epe (Nuon)
2024-04-12 14:05:55,2023-11-03 06:00:00,2024-04-12 16:00:00,0.0,61.0,0.0,Level 3 LP compressor maintenance,Confirmed,Planned,Germany,EKB,UGS Etzel EKB
2024-04-03 14:09:35,2024-04-03 07:00:00,2024-04-03 11:00:00,0.0,54.7,77.5,Maintenance control system. Possible restriction: Entire storage facility n/a,Estimate,Planned,Germany,Uniper Energy Storage,UGS Epe Uniper H-Gas
2024-04-03 14:09:16,2024-04-03 07:00:00,2024-04-03 11:00:00,0.0,4.8,20.0,Maintenance control system. Possible restriction: Entire storage facility n/a,Estimate,Planned,Germany,Uniper Energy Storage,UGS Epe Uniper L-Gas
2024-03-25 08:13:36,2024-03-13 13:30:00,2024-03-25 08:00:00,0.0,0.0,36.0,Maintenance of preheater. Possible restriction: Reduction of withdrawal rate by up to 30%,Estimate,Planned,Germany,Uniper Energy Storage,UGS Epe Uniper L-Gas
2024-03-22 07:22:02,2024-03-11 06:00:00,2024-03-21 15:00:00,0.0,35.0,118.0,Upgrade local control system drilling site. Possible restriction: Reduction of withdrawalrate by up to 30%; Reduction of Injection Rate by up to 13%,Estimate,Planned,Germany,Uniper Energy Storage,UGS Bierwang
2024-03-18 08:18:00,2024-03-14 07:00:00,2024-03-14 10:10:00,0.0,12.0,50.0,Maintenance control system. Possible restriction: Entire storage facility n/a,Estimate,Planned,Germany,Uniper Energy Storage,UGS Epe Uniper L-Gas
2024-03-18 08:17:59,2024-03-14 07:00:00,2024-03-14 10:10:00,0.0,136.8,193.0,Maintenance control system. Possible restriction: Entire storage facility n/a,Estimate,Planned,Germany,Uniper Energy Storage,UGS Epe Uniper H-Gas
2024-03-18 06:59:29,2024-03-13 07:00:00,2024-03-15 10:00:00,0.0,5.0,14.0,Relocation of gas. Possible restriction: Reduction of withdrawalrate by up to 4%; Reduction of Injection Rate by up to 2%,Estimate,Planned,Germany,Uniper Energy Storage,UGS Bierwang
2024-03-15 15:16:54,2024-04-08 14:00:00,2024-04-23 16:00:00,0.0,0.0,93.9,Maintenance,Confirmed,Planned,Germany,Erdgasspeicher Peissen,UGS Katharina (historical data prior to 01/04/2026)
2024-03-14 06:58:36,2024-03-13 07:00:00,2024-03-13 17:00:00,0.0,12.0,50.0,Maintenance control system. Possible restriction: Entire storage facility n/a,Estimate,Planned,Germany,Uniper Energy Storage,UGS Epe Uniper L-Gas
2024-03-14 06:58:24,2024-03-13 07:00:00,2024-03-13 17:00:00,0.0,136.8,193.0,Maintenance control system. Possible restriction: Entire storage facility n/a,Estimate,Planned,Germany,Uniper Energy Storage,UGS Epe Uniper H-Gas
2024-03-13 13:30:55,2024-03-04 06:00:00,2024-03-12 14:00:00,0.0,0.0,36.0,Maintenance of preheater. Possible restriction: Reduction of withdrawal rate by up to 30%,Estimate,Planned,Germany,Uniper Energy Storage,UGS Epe Uniper L-Gas
2024-03-08 08:43:55,2024-03-05 06:00:00,2024-03-07 15:00:00,0.0,0.0,30.0,Maintenance of drying unit. Possible restriction: Reduction of withdrawal rate up to 25%,Estimate,Planned,Germany,Uniper Energy Storage,UGS Epe Uniper L-Gas
2024-03-07 09:27:51,2024-04-02 06:00:00,2024-04-04 18:00:00,0.0,0.0,185.0,Maintenance,Confirmed,Planned,Germany,Erdgasspeicher Peissen,UGS Katharina (historical data prior to 01/04/2026)
2024-03-07 09:27:51,2010-01-01 07:00:00,2010-01-01 08:00:00,0.0,0.0,0.0,Maintenance,Confirmed,Planned,Germany,Erdgasspeicher Peissen,UGS Katharina (historical data prior to 01/04/2026)
2024-03-01 07:40:46,2024-02-26 06:00:00,2024-02-29 15:00:00,0.0,66.0,0.0,Installation of a valve. Possible restriction: Reduction of injection rate by up to 20%,Estimate,Planned,Germany,Uniper Energy Storage,UGS Epe Uniper H-Gas
2024-02-29 15:13:58,2024-02-27 17:45:00,2024-02-29 15:00:00,0.0,0.0,109.0,Faulty of water separator. Possible restriction: Reduction of withdrawal rate by up to 73%,Estimate,Unplanned,Germany,Uniper Energy Storage,UGS Bierwang
2024-02-24 13:36:28,2024-02-24 13:36:28,2024-02-24 14:00:00,0.0,0.0,0.8,Maintenance of RS2,Estimate,Unplanned,Germany,Eneco Gasspeicher,UGS Enschede - Epe (Eneco)
2024-02-24 12:25:54,2024-02-24 12:25:54,2024-02-24 13:00:00,0.0,1.0,2.3,"Maintenance of Header1, Header2",Estimate,Unplanned,Germany,Eneco Gasspeicher,UGS Enschede - Epe (Eneco)
2024-02-24 12:23:14,2024-05-14 06:00:00,2024-05-16 18:00:00,0.0,352.6,542.5,The limitation of injection- and withdrawal rate amount to 100%.,Confirmed,Planned,Germany,SEFE Storage (Germany),UGS Rehden
2024-02-24 01:51:16,2024-02-24 01:00:00,2024-02-24 01:51:16,0.0,0.1,0.0,Maintenance of Compressor2,Confirmed,Unplanned,Germany,Eneco Gasspeicher,UGS Enschede - Epe (Eneco)
2024-02-24 01:00:00,2024-02-24 00:00:00,2024-02-24 01:00:00,1.435,1.8,3.2,"Maintenance of Absorber1, Absorber2, Compressor_Bypass, Compressor1, Compressor2, Header1, Header2, ME1, ME2, RS1, RS2, S81, S82",Confirmed,Unplanned,Germany,Eneco Gasspeicher,UGS Enschede - Epe (Eneco)
2024-02-24 00:00:00,2024-02-23 23:59:33,2024-02-24 00:00:00,1.435,0.0,0.0,"Maintenance of Absorber1, Absorber2, Compressor_Bypass, Compressor1, Compressor2, Header1, Header2, ME1, ME2, RS1, RS2, S81, S82",Confirmed,Unplanned,Germany,Eneco Gasspeicher,UGS Enschede - Epe (Eneco)
2024-02-23 23:12:57,2024-02-23 23:12:57,2024-02-24 00:00:00,0.0,0.0,1.6,Maintenance of RS2,Estimate,Unplanned,Germany,Eneco Gasspeicher,UGS Enschede - Epe (Eneco)
2024-02-23 20:50:03,2024-02-23 20:48:34,2024-02-23 20:50:03,0.0,0.0,0.0,Maintenance of RS2,Confirmed,Unplanned,Germany,Eneco Gasspeicher,UGS Enschede - Epe (Eneco)
2024-02-23 07:59:09,2024-02-19 07:00:00,2024-02-23 07:00:00,0.0,0.0,18.0,Maintenance of field piping system. Possible restriction: Reduction of withdrawal rate by up to 5%,Estimate,Planned,Germany,Uniper Energy Storage,UGS Bierwang
2024-02-22 15:01:06,2024-02-21 10:00:00,2024-02-21 14:00:00,0.0,72.7,67.3,Possible restriction: Entire storage facility n/a. Maintenance storage piping,Estimate,Planned,Germany,Uniper Energy Storage,UGS Etzel ESE (Uniper Energy Storage)
2024-02-15 08:08:44,2024-02-14 07:00:00,2024-02-14 16:00:00,0.0,49.7,0.0,Maintenance of compressor. Possible restriction: Reduction of injection rate by up to 40%,Estimate,Planned,Germany,Uniper Energy Storage,UGS Epe Uniper H-Gas
2024-02-14 08:06:10,2024-02-13 07:00:00,2024-02-13 16:00:00,0.0,10.8,0.0,Maintenance of compressor. Possible restriction: Reduction of injection rate by up to 100% but not affecting the delivery of the SCB-Product of THE,Estimate,Planned,Germany,Uniper Energy Storage,UGS Epe Uniper L-Gas
2024-02-13 16:21:27,2024-02-13 16:00:00,2024-02-13 16:21:27,0.0,0.3,0.0,Maintenance of Compressor1,Confirmed,Unplanned,Germany,Eneco Gasspeicher,UGS Enschede - Epe (Eneco)
2024-02-13 15:53:41,2024-02-13 15:53:41,2024-02-13 16:00:00,0.0,0.1,0.0,Maintenance of Compressor1,Estimate,Unplanned,Germany,Eneco Gasspeicher,UGS Enschede - Epe (Eneco)
2024-02-13 13:53:15,2024-02-13 13:00:00,2024-02-13 13:53:15,0.0,0.1,0.0,Maintenance of Compressor2,Confirmed,Unplanned,Germany,Eneco Gasspeicher,UGS Enschede - Epe (Eneco)
2024-02-13 13:00:00,2024-02-13 12:00:00,2024-02-13 13:00:00,0.0,1.8,0.0,"Maintenance of Compressor1, Compressor2",Confirmed,Unplanned,Germany,Eneco Gasspeicher,UGS Enschede - Epe (Eneco)
2024-02-13 12:00:00,2024-02-13 11:00:00,2024-02-13 12:00:00,0.0,1.8,0.0,"Maintenance of Compressor1, Compressor2",Confirmed,Unplanned,Germany,Eneco Gasspeicher,UGS Enschede - Epe (Eneco)
2024-02-13 11:00:00,2024-02-13 10:23:40,2024-02-13 11:00:00,0.0,1.1,0.0,"Maintenance of Compressor1, Compressor2",Confirmed,Unplanned,Germany,Eneco Gasspeicher,UGS Enschede - Epe (Eneco)
2024-02-09 16:35:41,2024-02-21 11:00:00,2024-02-21 15:00:00,0.0,55.3,46.8,Maintenance storage piping.,Estimate,Planned,Germany,MET Speicher,UGS Etzel ESE (MET)
2024-02-08 10:08:24,2024-02-21 11:00:00,2024-02-21 15:00:00,0.0,29.2,47.0,"Maintenance storage piping
Restriction: Entire storage facility n/a.
100% reduction of withdrawal and injection rate.
",Confirmed,Planned,Germany,VNG Gasspeicher GmbH (6),UGS Etzel ESE (VGS)
2024-02-07 15:10:50,2024-02-21 10:00:00,2024-02-21 14:00:00,0.0,0.0,118.4,Maintenance storage piping,Confirmed,Planned,Germany,OMV Gas Storage Germany,UGS Etzel ESE (OMV)
2024-02-07 15:10:01,2024-02-21 10:00:00,2024-02-21 14:00:00,0.0,71.7,0.0,Maintenance storage piping,Confirmed,Planned,Germany,OMV Gas Storage Germany,UGS Etzel ESE (OMV)
2024-02-07 13:31:39,2024-02-06 09:02:00,2024-02-07 14:00:00,0.0,0.0,47.2,Failure of a Withdrawal line,Confirmed,Planned,Germany,NUON Epe Gasspeicher,UGS Enschede - Epe (Nuon)
2024-02-04 22:23:24,2024-02-04 22:09:09,2024-02-04 22:23:24,0.0,0.2,0.0,Maintenance of Compressor2,Confirmed,Unplanned,Germany,Eneco Gasspeicher,UGS Enschede - Epe (Eneco)
2024-02-02 09:03:13,2024-01-29 07:00:00,2024-02-02 09:00:00,0.0,199.0,0.0,Maintenancce of compressor. Possible restriction: Reduction of injection rate by up to 60%,Estimate,Planned,Germany,Uniper Energy Storage,UGS Epe Uniper H-Gas
2024-02-01 19:53:10,2024-03-18 09:00:00,2024-03-22 15:00:00,0.0,136.0,182.2,"Possible restriction:
40% of withdrawal rate and 50% of injection rate. Depending on all nominations, each customer has at least 60 % of his firm withdrawal capacity and 50% of his firm injection capacity according to the characteristic curve.
",Estimate,Planned,Germany,VNG Gasspeicher GmbH (6),"VGS Storage Hub (Bernburg, Bad Lauchstädt, Katharina)"
2024-01-26 08:06:38,2024-01-23 08:00:00,2024-01-25 15:30:00,0.0,0.0,133.0,Maintenance of drying unit. Possible restriction: Reduction of withdrawal rate by up to 33%,Estimate,Planned,Germany,Uniper Energy Storage,UGS Etzel ESE (Uniper Energy Storage)
2024-01-22 10:20:12,2024-05-24 08:00:00,2024-06-11 16:00:00,0.0,0.0,0.0,"Maintenance of cavern.
Possible restriction: Reduction of workinggas capacity by up to 9,9% that cannot be injected in the period.
",Confirmed,Planned,Germany,VNG Gasspeicher GmbH (6),UGS Etzel ESE (VGS)
2024-01-22 10:20:12,2024-04-19 08:00:00,2024-05-24 08:00:00,0.0,0.0,0.0,"Maintenance of cavern.
Possible restriction: Reduction of workinggas capacity by up to 3,1% that cannot be injected in the period.
",Confirmed,Planned,Germany,VNG Gasspeicher GmbH (6),UGS Etzel ESE (VGS)
2024-01-22 10:20:12,2024-06-11 16:00:00,2024-08-13 12:00:00,0.085,0.0,0.0,"Maintenance of cavern.
Possible restriction: Reduction of workinggas capacity by up to 6,7% that cannot be injected in the period.",Confirmed,Planned,Germany,VNG Gasspeicher GmbH (6),UGS Etzel ESE (VGS)
2024-01-20 16:00:00,2024-01-20 15:00:00,2024-01-20 16:00:00,0.814,0.0,2.0,Maintenance of S81,Confirmed,Planned,Germany,Eneco Gasspeicher,UGS Enschede - Epe (Eneco)
2024-01-19 16:06:47,2024-01-23 07:00:00,2024-01-26 11:00:00,0.0,0.0,39.0,Maintenance of drying unit,Confirmed,Planned,Germany,OMV Gas Storage Germany,UGS Etzel ESE (OMV)
2024-01-19 12:36:02,2024-01-23 08:00:00,2024-01-26 12:00:00,0.0,0.0,15.4,"Maintenance of drying unit

Possible restriction: Reduction of withdrawal rate by up to 33%",Estimate,Planned,Germany,MET Speicher,UGS Etzel ESE (MET)
2024-01-19 12:24:32,2024-01-23 07:00:00,2024-01-26 11:00:00,0.0,0.0,41.9,Maintenance of drying unit,Confirmed,Planned,Germany,OMV Gas Storage Germany,UGS Etzel ESE (OMV)
2024-01-19 12:03:34,2024-01-23 08:00:00,2024-01-26 12:00:00,0.0,0.0,15.7,"Possible restriction: Reduction up to 33% of withdrawal rate. Depending on all nominations, each customer has at least 67% of his firm withdrawal capacity according to the characteristic curve.",Estimate,Planned,Germany,VNG Gasspeicher GmbH (6),UGS Etzel ESE (VGS)
2024-01-19 09:18:04,2024-01-15 07:00:00,2024-01-19 07:00:00,0.0,28.8,0.0,Maintenance of compressor. Possible restriction: Reduction of injection rate by up to 100% but not affecting the delivery of the SCB-Product of THE,Estimate,Planned,Germany,Uniper Energy Storage,UGS Epe Uniper L-Gas
2024-01-19 08:21:04,2024-01-18 08:00:00,2024-01-18 17:00:00,0.0,10.8,45.0,"Test of safety equipment. Possible restriction: Entire storage facility n/a, but not affecting the delivery of the SCB-Product of THE",Estimate,Planned,Germany,Uniper Energy Storage,UGS Epe Uniper L-Gas
2024-01-19 08:21:03,2024-01-18 08:00:00,2024-01-18 17:00:00,0.0,123.0,174.0,Test of safety equipment. Possible restriction: Entire storage facility n/a,Estimate,Planned,Germany,Uniper Energy Storage,UGS Epe Uniper H-Gas
2024-01-18 10:00:00,2024-01-18 09:00:00,2024-01-18 10:00:00,0.621,0.0,2.0,Maintenance of S82,Confirmed,Planned,Germany,Eneco Gasspeicher,UGS Enschede - Epe (Eneco)
2024-01-18 06:46:45,2024-01-18 08:00:00,2024-01-18 09:00:00,0.0,0.0,0.0,Maintenance cancelled.,Confirmed,Planned,Germany,Eneco Gasspeicher,UGS Enschede - Epe (Eneco)
2024-01-15 13:57:05,2024-09-09 06:00:00,2024-09-20 18:00:00,0.0,27.5,42.2,The limitation of injection and withdrawal rate is 100%.,Estimate,Planned,Germany,VNG Gasspeicher GmbH (6),UGS Jemgum H (VGS) (historical data prior to 1 April 2025)
2024-01-12 08:57:04,2024-01-10 14:20:00,2024-01-12 08:00:00,0.0,0.0,30.0,Failure of a drying unit. Possible restriction: Reduction of withdrawal rate up to 25%,Estimate,Unplanned,Germany,Uniper Energy Storage,UGS Epe Uniper L-Gas
2024-01-12 08:57:04,2024-01-10 14:20:00,2024-01-12 08:00:00,0.0,0.0,93.8,Failure of a drying unit. Possible restriction: Reduction of withdrawal rate up to 20%,Estimate,Unplanned,Germany,Uniper Energy Storage,UGS Epe Uniper H-Gas
2024-01-11 11:37:20,2024-10-21 06:00:00,2024-11-09 18:00:00,0.0,29.2,47.0,"Test of safety equipment
Restriction: Entire storage facility n/a.
100% reduction of withdrawal and injection rate.",Estimate,Planned,Germany,VNG Gasspeicher GmbH (6),UGS Etzel ESE (VGS)
2024-01-11 08:33:45,2024-01-09 11:30:00,2024-01-09 16:00:00,0.0,13.0,0.0,Maintenancce of compressor. Possible restriction: Reduction of injection rate by up to 50% ,Estimate,Planned,Germany,Uniper Energy Storage,UGS Breitbrunn
2024-01-10 14:00:00,2024-01-10 13:00:00,2024-01-10 14:00:00,0.814,0.0,1.2,Maintenance of S81,Confirmed,Planned,Germany,Eneco Gasspeicher,UGS Enschede - Epe (Eneco)
2024-01-05 16:11:56,2024-10-21 04:00:00,2024-11-09 17:00:00,0.0,118.4,118.4,Maintenance of the Etzel ESE Station,Confirmed,Planned,Germany,OMV Gas Storage Germany,UGS Etzel ESE (OMV)
2024-01-05 13:19:41,2024-10-21 04:00:00,2024-11-09 17:00:00,0.0,118.4,0.0,Maintenance of the Etzel ESE Station,Confirmed,Planned,Germany,OMV Gas Storage Germany,UGS Etzel ESE (OMV)
2024-01-05 13:11:24,2024-10-21 04:00:00,2024-11-09 17:00:00,0.0,71.7,0.0,Maintenance of the Etzel ESE Station,Confirmed,Planned,Germany,OMV Gas Storage Germany,UGS Etzel ESE (OMV)
2024-01-05 13:04:55,2024-09-18 06:00:00,2024-09-18 16:00:00,0.0,82.1,0.0,Maintenance BEP,Confirmed,Planned,Germany,OMV Gas Storage Germany,UGS Etzel ESE (OMV)
2024-01-05 13:01:30,2024-09-18 06:00:00,2024-09-18 16:00:00,0.0,0.0,54.7,BEP Maintenance,Confirmed,Planned,Germany,OMV Gas Storage Germany,UGS Etzel ESE (OMV)
2024-01-05 09:28:48,2024-01-03 07:00:00,2024-01-03 16:00:00,0.0,13.0,0.0,Maintenancce of compressor. Possible restriction: Reduction of injection rate by up to 50% ,Estimate,Planned,Germany,Uniper Energy Storage,UGS Breitbrunn
2023-12-22 10:02:02,2023-12-18 06:00:00,2023-12-21 18:00:00,0.0,0.0,276.0,Maintenance of drying unit. Possible restriction: Reduction of withdrawal rate by up to 100%,Estimate,Planned,Germany,Uniper Energy Storage,UGS Etzel Erdgas Lager EGL
2023-12-18 13:00:47,2024-06-03 07:00:00,2024-09-09 15:00:00,0.0,0.0,44.9,"Possible restriction:
Reduction up to 15 % of withdrawal rate. Depending on all nominations, each customer has at least 85 % of his firm withdrawal capacity according to the characteristic curve.
",Estimate,Planned,Germany,VNG Gasspeicher GmbH (6),"VGS Storage Hub (Bernburg, Bad Lauchstädt, Katharina)"
2023-12-18 13:00:47,2024-04-02 07:00:00,2024-04-12 15:00:00,0.0,115.6,172.7,"Possible restriction:
40% of withdrawal rate and 30% of injection rate. Depending on all nominations, each customer has at least 60 % of his firm withdrawal capacity and 70% of his firm injection capacity according to the characteristic curve.",Estimate,Planned,Germany,VNG Gasspeicher GmbH (6),"VGS Storage Hub (Bernburg, Bad Lauchstädt, Katharina)"
2023-12-18 13:00:47,2024-04-15 07:00:00,2024-05-17 15:00:00,0.0,177.6,145.5,"Possible restriction:
35% of withdrawal rate and 55% of injection rate. Depending on all nominations, each customer has at least 65 % of his firm withdrawal capacity and 45% of his firm injection capacity according to the characteristic curve.
",Estimate,Planned,Germany,VNG Gasspeicher GmbH (6),"VGS Storage Hub (Bernburg, Bad Lauchstädt, Katharina)"
2023-12-15 09:33:10,2023-12-04 07:00:00,2023-12-15 09:00:00,0.0,28.8,0.0,Maintenance of compressor. Possible restriction: Reduction of injection rate by up to 50%,Estimate,Planned,Germany,Uniper Energy Storage,UGS Epe Uniper L-Gas
2023-12-15 08:26:02,2023-12-18 06:00:00,2023-12-21 18:00:00,0.0,0.0,361.0,Maintenance of drying unit. Possible restriction: Reduction of withdrawal rate by up to 100%,Estimate,Planned,Germany,Equinor Storage Deutschland,UGS Etzel EGL (Equinor Storage Deutschland)
2023-12-14 08:32:49,2023-12-11 05:00:00,2023-12-14 08:30:00,0.0,0.0,41.9,Maintenance of drying unit,Confirmed,Planned,Germany,OMV Gas Storage Germany,UGS Etzel ESE (OMV)
2023-12-13 19:11:19,2023-12-11 06:00:00,2023-12-13 17:00:00,0.0,0.0,133.0,Maintenance of drying unit. Possible restriction: Reduction of withdrawal rate by up to 33%,Estimate,Planned,Germany,Uniper Energy Storage,UGS Etzel ESE (Uniper Energy Storage)
2023-12-13 19:10:37,2023-08-01 08:00:00,2023-12-13 17:00:00,0.0,66.0,93.0,"Maintenance field piping. Possible restriction: Reduction of injection rate by up to 20%, reduction of withdrawal rate by up to 20%",Estimate,Planned,Germany,Uniper Energy Storage,UGS Epe Uniper H-Gas
2023-12-11 09:47:57,2024-10-21 06:00:00,2024-11-09 18:00:00,0.0,55.3,46.8,"Test of safety equipment

Possible restriction: Entire storage facility n/a",Estimate,Planned,Germany,MET Speicher,UGS Etzel ESE (MET)
2023-12-11 09:44:18,2024-09-18 08:00:00,2024-09-18 18:00:00,0.0,6.2,10.2,"Maintenance BEP Pipeline

Connection to GTS System n/a",Estimate,Planned,Germany,MET Speicher,UGS Etzel ESE (MET)
2023-12-11 09:39:23,2024-05-24 08:00:00,2024-06-11 08:00:00,156.6,0.0,0.0,"Maintenance of cavern

Possible restriction: Reduction of workinggas capacity by up to 10,5%",Estimate,Planned,Germany,MET Speicher,UGS Etzel ESE (MET)
2023-12-11 09:36:56,2024-04-19 08:00:00,2024-05-24 08:00:00,98.4,0.0,0.0,"Maintenance of cavern.
Possible restriction: Reduction of workinggas capacity by up to 6,6%",Estimate,Planned,Germany,MET Speicher,UGS Etzel ESE (MET)
2023-12-11 09:22:38,2023-12-11 06:00:00,2023-12-15 12:00:00,0.0,0.0,15.4,Maintenance of drying unit,Estimate,Unplanned,Germany,MET Speicher,UGS Etzel ESE (MET)
2023-12-08 14:58:55,2023-12-11 06:00:00,2023-12-14 09:00:00,0.0,0.0,15.5,"Maintenance of drying unit
Possible restriction: Reduction of withdrawal rate by up to 33%. Depending on all nominations, each customer has at least 66 % of his firm capacity according to the characteristic curve.",Confirmed,Unplanned,Germany,VNG Gasspeicher GmbH (6),UGS Etzel ESE (VGS)
2023-12-08 09:00:00,2023-12-08 08:00:00,2023-12-08 09:00:00,0.621,0.0,2.0,Maintenance of S82,Confirmed,Planned,Germany,Eneco Gasspeicher,UGS Enschede - Epe (Eneco)
2023-12-07 19:22:45,2023-12-11 05:00:00,2023-12-15 11:00:00,0.0,0.0,41.9,Maintenance of drying unit,Confirmed,Planned,Germany,OMV Gas Storage Germany,UGS Etzel ESE (OMV)
2023-12-07 19:11:31,2023-12-11 05:00:00,2023-12-15 11:00:00,0.0,0.0,41.9,Maintenance of drying unit,Confirmed,Planned,Germany,OMV Gas Storage Germany,UGS Etzel ESE (OMV)
2023-12-07 17:05:25,2023-12-07 16:00:00,2024-01-31 06:00:00,0.0,36.9,0.0,Malfunction of Injection facility,Confirmed,Unplanned,Germany,RWE Gas Storage West,UGS Epe-DE-RWEGSWEST (Epe-L prior to 1 April 2026)
2023-12-07 17:05:25,2023-12-07 16:00:00,2024-01-31 06:00:00,0.0,35.9,0.0,Malfunction of Injection facility,Confirmed,Unplanned,Germany,RWE Gas Storage West,UGS Epe-NL-RWEGSWEST
2023-12-07 16:34:03,2023-12-11 05:00:00,2023-12-15 11:00:00,0.0,0.0,41.9,Maintenance of drying unit,Confirmed,Planned,Germany,OMV Gas Storage Germany,UGS Etzel ESE (OMV)
2023-12-06 15:57:39,2023-12-06 06:00:00,2023-12-07 16:00:00,0.0,47.8,0.0,Malfunction of Injection facility,Confirmed,Unplanned,Germany,RWE Gas Storage West,UGS Epe-NL-RWEGSWEST
2023-12-06 15:57:39,2023-12-06 06:00:00,2023-12-07 16:00:00,0.0,49.2,0.0,Malfunction of Injection facility,Confirmed,Unplanned,Germany,RWE Gas Storage West,UGS Epe-DE-RWEGSWEST (Epe-L prior to 1 April 2026)
2023-12-04 07:54:35,2023-10-04 08:00:00,2023-12-01 17:00:00,0.0,53.0,76.0,"Maintenance field piping. Possible restriction: Reduction of injection rate by up to 65%, reduction of withdrawal rate by up to 65%",Estimate,Planned,Germany,Uniper Energy Storage,UGS Epe Uniper H-Gas
2023-12-01 10:00:00,2023-12-01 09:00:00,2023-12-01 10:00:00,0.621,0.0,2.0,Maintenance of S82,Confirmed,Planned,Germany,Eneco Gasspeicher,UGS Enschede - Epe (Eneco)
2023-12-01 08:00:01,2014-04-18 08:00:00,2014-04-18 17:00:00,0.0,0.0,0.0,Test of safety equipment. Possible restriction: Entire storage facility n/a,Estimate,Planned,Germany,Uniper Energy Storage,UGS Epe Uniper L-Gas
2023-11-28 21:35:38,2023-11-28 21:34:27,2023-11-28 21:35:38,0.0,0.0,0.0,Maintenance of RS2,Confirmed,Unplanned,Germany,Eneco Gasspeicher,UGS Enschede - Epe (Eneco)
2023-11-27 10:00:00,2023-11-27 09:00:00,2023-11-27 10:00:00,0.814,0.0,1.2,Maintenance of S81,Confirmed,Planned,Germany,Eneco Gasspeicher,UGS Enschede - Epe (Eneco)
2023-11-24 16:56:18,2023-11-24 16:47:41,2023-11-24 16:56:18,0.0,0.0,0.3,Maintenance of RS2,Confirmed,Unplanned,Germany,Eneco Gasspeicher,UGS Enschede - Epe (Eneco)
2023-11-24 10:00:00,2023-11-24 09:00:00,2023-11-24 10:00:00,0.621,0.0,1.2,Maintenance of S82,Confirmed,Planned,Germany,Eneco Gasspeicher,UGS Enschede - Epe (Eneco)
2023-11-24 08:04:49,2023-11-23 07:00:00,2023-11-23 11:30:00,0.0,13.0,0.0,Maintenancce of compressor. Possible restriction: Reduction of injection rate by up to 50% ,Estimate,Planned,Germany,Uniper Energy Storage,UGS Breitbrunn
2023-11-23 14:43:09,2023-11-16 17:00:00,2023-11-22 16:00:00,0.0,199.0,0.0,Maintenancce of compressor. Possible restriction: Reduction of injection rate by up to 60% ,Estimate,Planned,Germany,Uniper Energy Storage,UGS Epe Uniper H-Gas
2023-11-23 07:59:23,2023-11-22 07:00:00,2023-11-22 16:00:00,0.0,11.3,0.0,Maintenancce of compressor. Possible restriction: Reduction of injection rate by up to 11% ,Estimate,Planned,Germany,Uniper Energy Storage,UGS Bierwang
2023-11-22 08:15:27,2023-11-22 08:14:57,2023-11-22 08:15:27,0.0,0.0,0.0,Maintenance of RS2,Confirmed,Unplanned,Germany,Eneco Gasspeicher,UGS Enschede - Epe (Eneco)
2023-11-22 08:00:07,2023-11-21 11:30:00,2023-11-21 16:00:00,0.0,5.6,0.0,Maintenancce of compressor. Possible restriction: Reduction of injection rate by up to 11% ,Estimate,Planned,Germany,Uniper Energy Storage,UGS Bierwang
2023-11-22 07:59:33,2023-11-21 07:00:00,2023-11-21 11:30:00,0.0,40.0,0.0,Maintenancce of compressor. Possible restriction: Reduction of injection rate by up to 40% ,Estimate,Planned,Germany,Uniper Energy Storage,UGS Bierwang
2023-11-21 07:33:10,2023-11-16 09:00:00,2023-11-20 16:00:00,0.0,110.0,0.0,Maintenancce of compressor. Possible restriction: Reduction of injection rate by up to 40% ,Estimate,Planned,Germany,Uniper Energy Storage,UGS Bierwang
2023-11-16 13:35:33,2023-11-27 21:00:00,2023-11-28 12:00:00,0.0,0.0,0.0,The astora contract processing system will not be available from 27 November 2023 21:00 to 28 November 2023 14:00. No nominations or renominations can be accepted during this time. The physical gas flow is guaranteed.,Confirmed,Planned,Germany,SEFE Storage (Germany),UGS Rehden
2023-11-16 13:34:16,2023-11-27 21:00:00,2023-11-28 12:00:00,0.0,0.0,0.0,The astora contract processing system will not be available from 27 November 2023 21:00 to 28 November 2023 14:00. No nominations or renominations can be accepted during this time. The physical gas flow is guaranteed.,Confirmed,Planned,Germany,SEFE Storage (Germany),UGS Jemgum H (SEFE Storage)
2023-11-16 08:08:20,2023-11-03 07:00:00,2023-11-14 16:00:00,0.0,199.0,0.0,Maintenancce of compressor. Possible restriction: Reduction of injection rate by up to 60% ,Estimate,Planned,Germany,Uniper Energy Storage,UGS Epe Uniper H-Gas
2023-11-14 15:35:45,2023-10-09 06:00:00,2023-11-14 18:00:00,0.991,35.4,0.0,Cavern measurement,Confirmed,Planned,Germany,NUON Epe Gasspeicher,UGS Enschede - Epe (Nuon)
2023-11-14 15:34:42,2023-09-22 14:09:00,2023-11-14 19:00:00,0.0,35.4,0.0,Outage of one Turbo compressor,Confirmed,Planned,Germany,NUON Epe Gasspeicher,UGS Enschede - Epe (Nuon)
2023-11-10 16:52:53,2023-11-13 10:00:00,2023-11-15 17:00:00,0.0,16.6,0.0,Technical malfunction - Possible restriction: 60 % reduction of injection rate depending on all nominations.,Confirmed,Unplanned,Germany,VNG Gasspeicher GmbH (6),UGS Jemgum H (VGS) (historical data prior to 1 April 2025)
2023-11-10 16:14:45,2023-11-13 10:00:00,2023-11-15 17:00:00,0.0,82.9,0.0,The limitation of injection rate amounts to 60%.,Confirmed,Unplanned,Germany,SEFE Storage (Germany),UGS Jemgum H (SEFE Storage)
2023-11-10 08:02:56,2023-11-08 07:00:00,2023-11-08 16:00:00,0.0,13.0,0.0,Maintenancce of compressor. Possible restriction: Reduction of injection rate by up to 50% ,Estimate,Planned,Germany,Uniper Energy Storage,UGS Breitbrunn
2023-11-07 12:00:00,2023-11-07 09:00:00,2023-11-07 12:00:00,0.621,0.0,5.2,Maintenance of S82,Confirmed,Planned,Germany,Eneco Gasspeicher,UGS Enschede - Epe (Eneco)
2023-11-06 14:00:00,2023-11-06 11:00:00,2023-11-06 14:00:00,0.814,0.0,5.2,Maintenance of S81,Confirmed,Planned,Germany,Eneco Gasspeicher,UGS Enschede - Epe (Eneco)
2023-10-31 19:48:16,2023-10-31 19:45:30,2023-10-31 19:48:16,0.0,0.0,0.1,Maintenance of RS2,Confirmed,Unplanned,Germany,Eneco Gasspeicher,UGS Enschede - Epe (Eneco)
2023-10-30 14:47:17,2023-10-30 14:00:00,2023-10-30 14:05:00,0.0,0.0,0.0,Maintenance of compressor; maintenance was cancelled. None,Estimate,Planned,Germany,Uniper Energy Storage,UGS Epe Uniper L-Gas
2023-10-27 08:55:25,2023-10-25 07:00:00,2023-10-26 16:00:00,0.0,28.8,0.0,Repair of fittings. Possible restriction: Reduction of injection rate by up to 100% but not affecting the delivery of the SCB-Product of THE ,Estimate,Planned,Germany,Uniper Energy Storage,UGS Epe Uniper L-Gas
2023-10-27 07:59:06,2023-10-26 07:00:00,2023-10-26 16:00:00,0.0,101.0,131.0,Test of safety equipment . Possible restriction: Entire storage facility n/a ,Estimate,Planned,Germany,Uniper Energy Storage,UGS Bierwang
2023-10-26 08:03:31,2023-10-25 07:00:00,2023-10-25 16:00:00,0.0,101.0,131.0,Test of safety equipment . Possible restriction: Entire storage facility n/a ,Estimate,Planned,Germany,Uniper Energy Storage,UGS Bierwang
2023-10-25 13:54:07,2023-10-24 07:00:00,2023-10-24 16:00:00,0.0,101.0,131.0,Test of safety equipment . Possible restriction: Entire storage facility n/a ,Estimate,Planned,Germany,Uniper Energy Storage,UGS Bierwang
2023-10-25 11:24:34,2023-10-15 03:44:00,2023-10-25 11:30:00,0.0,0.0,47.2,Failure of a Withdrawal line,Confirmed,Unplanned,Germany,NUON Epe Gasspeicher,UGS Enschede - Epe (Nuon)
2023-10-24 05:00:58,2023-10-15 03:44:00,2023-10-23 19:30:00,0.0,7.1,0.0,Outage of one piston Compressor,Confirmed,Unplanned,Germany,NUON Epe Gasspeicher,UGS Enschede - Epe (Nuon)
2023-10-23 09:25:37,2023-10-26 07:00:00,2023-10-26 17:00:00,0.0,28.8,0.0,"Repair of fittings. Possible restriction: Entire storage facility n/a, but not affecting the delivery of the SCB-Product of THE ",Estimate,Planned,Germany,Uniper Energy Storage,UGS Epe Uniper L-Gas
2023-10-23 08:41:49,2023-10-14 18:00:00,2023-10-23 08:00:00,0.0,18.3,15.4,"Maintenance of compressor unit, Possible restriction: Reduction of injection rate by up to 33%.
Maintenance of metering station, Possible restriction: Reduction of withdrawal rate by up to 33%",Confirmed,Planned,Germany,MET Speicher,UGS Etzel ESE (MET)
2023-10-21 19:24:03,2023-10-14 16:00:00,2023-10-21 16:00:00,0.0,0.0,12.0,Maintenance of metering station,Confirmed,Planned,Germany,OMV Gas Storage Germany,UGS Etzel ESE (OMV)
2023-10-21 19:23:07,2023-10-14 16:00:00,2023-10-21 16:00:00,0.0,5.7,0.0,Maintenance of compressor unit,Confirmed,Planned,Germany,OMV Gas Storage Germany,UGS Etzel ESE (OMV)
2023-10-21 11:26:44,2023-10-13 20:00:00,2023-10-21 12:00:00,0.0,144.0,0.0,Maintenance of compressor unit. Possible restriction: Reduction of injection rate by up to 33%,Confirmed,Planned,Germany,Uniper Energy Storage,UGS Etzel ESE (Uniper Energy Storage)
2023-10-20 14:01:59,2023-10-14 16:00:00,2023-10-23 16:00:00,0.0,0.0,12.0,Maintenance of metering station,Confirmed,Planned,Germany,OMV Gas Storage Germany,UGS Etzel ESE (OMV)
2023-10-20 14:00:47,2023-10-14 16:00:00,2023-10-23 16:00:00,0.0,5.7,0.0,Maintenance of compressor unit,Confirmed,Planned,Germany,OMV Gas Storage Germany,UGS Etzel ESE (OMV)
2023-10-20 08:06:50,2023-10-19 06:00:00,2023-10-19 17:00:00,0.0,31.0,64.0,Test of safety equipment . Possible restriction: Entire storage facility n/a ,Estimate,Planned,Germany,Uniper Energy Storage,UGS Breitbrunn
2023-10-20 08:06:39,2023-10-17 07:00:00,2023-10-19 17:00:00,0.0,69.3,0.0,Installation of a Valve. Possible restriction: Reduction of injection rate by up to 100%,Estimate,Planned,Germany,Uniper Energy Storage,UGS Breitbrunn
2023-10-19 08:08:25,2023-10-18 08:00:00,2023-10-18 17:00:00,0.0,31.5,108.0,"Test of safety equipment. Possible restriction: Entire storage facility n/a, but not affecting the delivery of the SCB-Product of THE",Estimate,Planned,Germany,Uniper Energy Storage,UGS Epe Uniper L-Gas
2023-10-19 08:08:13,2023-10-18 08:00:00,2023-10-18 17:00:00,0.0,123.1,174.4,Test of safety equipment. Possible restriction: Entire storage facility n/a,Estimate,Planned,Germany,Uniper Energy Storage,UGS Epe Uniper H-Gas
2023-10-19 08:08:03,2023-10-18 06:00:00,2023-10-18 17:00:00,0.0,31.0,64.0,Test of safety equipment . Possible restriction: Entire storage facility n/a ,Estimate,Planned,Germany,Uniper Energy Storage,UGS Breitbrunn
2023-10-18 07:09:56,2023-10-17 10:00:00,2023-10-17 12:00:00,0.0,6.0,12.0,Maintenance CO2 extinguishing system. Possible restriction: Entire storage facility n/a,Estimate,Planned,Germany,Uniper Energy Storage,UGS Breitbrunn
2023-10-17 08:10:36,2023-10-12 13:15:00,2023-10-16 16:00:00,0.0,0.0,87.0,Maintenance of drying unit. Possible restriction: Reduction of withdrawal rate by up to 25%,Estimate,Planned,Germany,Uniper Energy Storage,UGS Bierwang
2023-10-16 14:40:29,2021-04-01 06:00:00,2023-10-16 10:00:00,0.495,5.0,11.0,"With effect of 01.04.2021 Uniper Energy Storage GmbH stops further marketing of its share of Eschenfelden storage site, capacities cannot be booked anymore.. Possible restriction: Entire storage facility n/a",Estimate,Planned,Germany,Uniper Energy Storage,UGS Eschenfelden (decommissioned)
2023-10-16 08:10:38,2023-10-13 08:00:00,2023-10-13 20:00:00,0.0,0.0,133.0,Maintenance of metering station. Possible restriction: Reduction of withdrawal rate by up to 33%,Estimate,Planned,Germany,Uniper Energy Storage,UGS Etzel ESE (Uniper Energy Storage)
2023-10-16 08:10:00,2023-10-02 06:00:00,2023-10-13 20:00:00,0.0,425.0,396.7,Test of safety equipment. Restriction: Entire storage facility n/a,Estimate,Planned,Germany,Uniper Energy Storage,UGS Etzel ESE (Uniper Energy Storage)
2023-10-16 00:04:18,2023-10-16 00:00:00,2023-10-16 00:04:18,0.0,0.0,0.1,"Maintenance of Absorber2, RS2",Confirmed,Unplanned,Germany,Eneco Gasspeicher,UGS Enschede - Epe (Eneco)
2023-10-15 23:56:36,2023-10-15 23:56:36,2023-10-16 00:00:00,0.0,0.0,0.1,"Maintenance of Absorber2, RS2",Estimate,Unplanned,Germany,Eneco Gasspeicher,UGS Enschede - Epe (Eneco)
2023-10-13 11:09:06,2023-08-28 08:00:00,2023-10-11 17:00:00,0.0,213.0,302.0,"Valve retrofit. Possible restriction: Reduction of injection rate by up to 65%, reduction of withdrawal rate by up to 65%",Estimate,Planned,Germany,Uniper Energy Storage,UGS Epe Uniper H-Gas
2023-10-12 12:22:00,2023-06-05 07:00:00,2023-10-12 10:00:00,0.0,0.0,87.0,Maintenance of drying unit. Possible restriction: Reduction of withdrawal rate by up to 25% ,Estimate,Planned,Germany,Uniper Energy Storage,UGS Bierwang
2023-10-11 16:48:14,2023-09-04 06:00:00,2023-10-16 18:00:00,1.61,25.3,50.6,"Annual maintenance period.
Entire storage facility n/a.",Estimate,Planned,Germany,MET Speicher,UGS Reckrod
2023-10-11 15:04:53,2023-10-09 08:00:00,2023-10-11 16:00:00,0.0,0.0,357.0,Maintenance of preheater. Possible restriction: Reduction of withdrawal rate by up to 100%,Estimate,Planned,Germany,Uniper Energy Storage,UGS Bierwang
2023-10-10 08:56:36,2023-10-10 16:00:00,2023-10-11 08:00:00,0.0,0.0,0.0,New flange instalation,Estimate,Planned,Germany,NAFTA Speicher Inzenham,UGS Inzenham-West
2023-10-06 09:55:23,2023-10-11 16:00:00,2023-10-15 06:00:00,0.0,0.0,0.0,New flange instalation - maintenance canceled,Confirmed,Planned,Germany,NAFTA Speicher Inzenham,UGS Inzenham-West
2023-10-06 08:43:47,2023-10-04 10:00:00,2023-10-04 12:00:00,0.0,22.0,29.0,Maintenance CO2 extinguishing system. Possible restriction: Entire storage facility n/a ,Estimate,Planned,Germany,Uniper Energy Storage,UGS Bierwang
2023-10-06 08:43:30,2023-10-04 00:00:00,2023-10-05 16:00:00,0.0,268.0,349.0,Change power unit GOV10460. Restriction: Reduction of injection and withdrawal rate by up to 100% ,Estimate,Planned,Germany,Uniper Energy Storage,UGS Bierwang
2023-10-06 08:40:02,2023-09-06 07:00:00,2023-10-04 16:00:00,0.0,0.0,0.0,Maintenance was cancelled. None,Estimate,Planned,Germany,Uniper Energy Storage,UGS Bierwang
2023-10-04 12:36:37,2023-09-22 14:09:00,2023-10-04 14:00:00,0.0,0.0,0.0,Outage of one piston compressor,Confirmed,Planned,Germany,NUON Epe Gasspeicher,UGS Enschede - Epe (Nuon)
2023-10-02 08:05:25,2023-04-17 07:00:00,2023-09-30 16:00:00,0.0,0.0,63.0,Maintenance on reservoir wells. Possible restriction: Reduction of withdrawal rate by up to 18%,Estimate,Planned,Germany,Uniper Energy Storage,UGS Bierwang
2023-09-27 20:47:48,2023-09-22 13:09:00,2023-09-27 16:00:00,0.0,0.0,0.0,Outage of one Turbo compressor,Confirmed,Planned,Germany,NUON Epe Gasspeicher,UGS Enschede - Epe (Nuon)
2023-09-27 07:59:53,2023-09-25 16:00:00,2023-09-26 16:00:00,0.0,19.2,0.0,"Maintenance of compressor. Possible restriction: Reduction of injection rate by up to 100%, but not affecting the delivery oft he SCB-Product of Netconnect Germany",Estimate,Planned,Germany,Uniper Energy Storage,UGS Epe Uniper L-Gas
2023-09-26 08:01:11,2023-09-24 16:00:00,2023-09-25 16:00:00,0.0,88.0,0.0,Maintenance of compressor. Possible restriction: Reduction of injection rate by up to 40%,Estimate,Planned,Germany,Uniper Energy Storage,UGS Epe Uniper H-Gas
2023-09-22 14:20:53,2023-09-19 13:30:00,2023-09-22 14:00:00,0.0,0.0,87.0,Maintenance of drying unit . Possible restriction: Reduction of withdrawal rate by up to 25%,Estimate,Unplanned,Germany,Uniper Energy Storage,UGS Bierwang
2023-09-22 13:58:12,2023-09-01 08:00:00,2023-09-22 16:00:00,2.795,85.0,141.6,Total Plant Revision,Confirmed,Planned,Germany,NUON Epe Gasspeicher,UGS Enschede - Epe (Nuon)
2023-09-22 09:54:52,2023-09-20 08:00:00,2023-09-20 18:00:00,0.0,177.0,165.0,Maintenance BEP Pipeline. Connection to GTS System n/a,Estimate,Planned,Germany,Uniper Energy Storage,UGS Etzel ESE (Uniper Energy Storage)
2023-09-21 13:17:49,2023-09-08 06:00:00,2023-09-21 15:00:00,0.0,122.0,217.0,Annual Maintenance,Confirmed,Planned,Germany,EKB,UGS Etzel EKB
2023-09-21 10:26:44,2023-09-18 16:00:00,2023-09-19 16:00:00,0.0,19.2,0.0,"Maintenance of compressor. Possible restriction: Reduction of injection rate by up to 100%, but not affecting the delivery oft he SCB-Product of Netconnect Germany",Estimate,Planned,Germany,Uniper Energy Storage,UGS Epe Uniper L-Gas
2023-09-21 10:26:00,2023-09-19 16:00:00,2023-09-20 16:00:00,0.0,88.0,0.0,Maintenance of compressor. Possible restriction: Reduction of injection rate by up to 40%,Estimate,Planned,Germany,Uniper Energy Storage,UGS Epe Uniper H-Gas
2023-09-20 21:06:32,2023-09-11 06:00:00,2023-09-20 18:00:00,0.0,155.0,271.0,Test of safety equipment. Restriction: Entire storage facility n/a,Estimate,Planned,Germany,Uniper Energy Storage,UGS Etzel Erdgas Lager EGL
2023-09-19 16:05:31,2023-05-30 07:00:00,2023-09-19 16:00:00,0.0,0.0,93.0,Maintenance of drying unit. Possible restriction: Reduction of withdrawal rate by up to 20% ,Estimate,Planned,Germany,Uniper Energy Storage,UGS Epe Uniper H-Gas
2023-09-14 10:28:02,2023-08-18 12:00:00,2023-09-14 11:00:00,0.0,0.0,94.0,Technical fault drying unit. Possible restriction: Reduction of withdrawal rate by up to 20%,Estimate,Unplanned,Germany,Uniper Energy Storage,UGS Epe Uniper H-Gas
2023-09-14 10:27:40,2023-08-18 12:00:00,2023-09-14 11:00:00,0.0,0.0,30.0,Technical fault drying unit. Possible restriction: Reduction of withdrawal rate by up to 25%,Estimate,Unplanned,Germany,Uniper Energy Storage,UGS Epe Uniper L-Gas
2023-09-06 07:32:35,2023-09-01 13:00:00,2023-09-05 16:00:00,0.001,0.0,0.0,Corrections of working gas level (seasonal gas) in connection with the conversion of 5 caverns from L to H-gas. .,Estimate,Planned,Germany,Uniper Energy Storage,UGS Epe Uniper H-Gas
2023-09-06 07:32:23,2023-09-01 13:00:00,2023-09-05 16:00:00,0.001,0.0,0.0,Corrections of working gas level (seasonal gas) in connection with the conversion of 5 caverns from L to H-gas. .,Estimate,Planned,Germany,Uniper Energy Storage,UGS Epe Uniper L-Gas
2023-08-31 14:58:52,2023-08-31 14:58:23,2023-08-31 14:58:52,0.0,0.0,0.0,"Maintenance of Absorber1, Absorber2, RS1, RS2",Confirmed,Unplanned,Germany,Eneco Gasspeicher,UGS Enschede - Epe (Eneco)
2023-08-31 10:00:00,2023-08-23 09:00:00,2023-08-31 10:00:00,0.0,191.9,0.0,Maintenance of Compressor2,Confirmed,Planned,Germany,Eneco Gasspeicher,UGS Enschede - Epe (Eneco)
2023-08-30 22:07:28,2023-10-14 16:00:00,2023-10-20 16:00:00,0.0,0.0,12.0,Maintenance of metering station,Confirmed,Planned,Germany,OMV Gas Storage Germany,UGS Etzel ESE (OMV)
2023-08-30 22:03:47,2023-10-14 16:00:00,2023-10-20 16:00:00,0.0,5.7,0.0,Maintenance of compressor unit,Confirmed,Planned,Germany,OMV Gas Storage Germany,UGS Etzel ESE (OMV)
2023-08-30 09:53:33,2023-10-14 18:00:00,2023-10-21 14:00:00,0.0,0.0,11.9,"Maintenance of metering station
Possible restriction: Reduction of withdrawal rate by up to 33%",Confirmed,Planned,Germany,VNG Gasspeicher GmbH (6),UGS Etzel ESE (VGS)
2023-08-30 09:53:33,2023-10-14 18:00:00,2023-10-21 14:00:00,0.0,9.6,0.0,"Maintenance of compressor unit
Possible restriction: Reduction of injection rate by up to 33%",Confirmed,Planned,Germany,VNG Gasspeicher GmbH (6),UGS Etzel ESE (VGS)
2023-08-28 17:50:49,2023-08-25 14:00:00,2023-08-28 16:00:00,0.0,34.0,0.0,M1 n.a. technical defect. Possible restriction: Reduction of injection rate by up to 50%.,Estimate,Unplanned,Germany,Uniper Energy Storage,UGS Breitbrunn
2023-08-28 12:34:29,2023-07-17 07:00:00,2023-08-25 16:00:00,0.0,0.0,87.0,Maintenance of drying unit. Possible restriction: Reduction of withdrawal rate by up to 25% ,Estimate,Planned,Germany,Uniper Energy Storage,UGS Bierwang
2023-08-25 11:13:09,2023-08-12 06:00:00,2023-08-25 11:15:00,2.12,82.7,165.3,Maintenance,Confirmed,Planned,Germany,Trianel Gasspeicher Epe,UGS Epe Trianel
2023-08-23 09:00:00,2023-08-23 09:00:00,2023-08-23 10:00:00,0.0,,0.0,Maintenance of Compressor2,Estimate,Unplanned,Germany,Eneco Gasspeicher,UGS Enschede - Epe (Eneco)
2023-08-22 16:11:17,2024-04-01 06:00:00,2024-04-15 06:00:00,0.0,0.0,53.8,During this time the withdrawal rate is decreased by 50%.,Confirmed,Planned,Germany,Storengy Deutschland,UGS Uelsen
2023-08-22 16:11:17,2024-03-04 06:00:00,2024-03-09 06:00:00,0.0,14.2,0.0,During this time the injection rate is decreased by 50%.,Confirmed,Planned,Germany,Storengy Deutschland,UGS Lesum
2023-08-22 16:11:17,2024-04-15 06:00:00,2024-04-28 06:00:00,0.0,81.0,107.6,During this time neither injection nor withdrawal is possible.,Confirmed,Planned,Germany,Storengy Deutschland,UGS Uelsen
2023-08-22 16:11:17,2024-11-04 06:00:00,2024-11-17 06:00:00,0.0,81.0,107.6,During this time neither injection nor withdrawal is possible.,Confirmed,Planned,Germany,Storengy Deutschland,UGS Uelsen
2023-08-22 16:11:17,2024-01-01 06:00:00,2024-04-01 06:00:00,0.0,40.5,0.0,During this time the injection rate is decreased by 50%.,Confirmed,Planned,Germany,Storengy Deutschland,UGS Uelsen
2023-08-22 16:11:17,2024-10-20 06:00:00,2024-10-29 06:00:00,0.0,28.5,58.5,During this time neither injection nor withdrawal is possible.,Confirmed,Planned,Germany,Storengy Deutschland,UGS Lesum
2023-08-22 16:11:17,2024-03-11 06:00:00,2024-03-16 06:00:00,0.0,14.2,0.0,During this time the injection rate is decreased by 50%.,Confirmed,Planned,Germany,Storengy Deutschland,UGS Lesum
2023-08-22 16:11:17,2024-04-28 06:00:00,2024-10-01 06:00:00,0.0,0.0,53.8,During this time the withdrawal rate is decreased by 50%.,Confirmed,Planned,Germany,Storengy Deutschland,UGS Uelsen
2023-08-22 16:11:17,2024-08-19 06:00:00,2024-08-25 06:00:00,0.0,24.7,81.7,During this time neither injection nor withdrawal is possible.,Confirmed,Planned,Germany,Storengy Deutschland,UGS Harsefeld
2023-08-22 16:11:17,2024-11-17 06:00:00,2025-03-31 06:00:00,0.0,40.5,0.0,During this time the injection rate is decreased by 50%.,Confirmed,Planned,Germany,Storengy Deutschland,UGS Uelsen
2023-08-22 16:11:17,2024-06-03 06:00:00,2024-06-20 06:00:00,0.0,10.8,40.3,During this time neither injection nor withdrawal is possible.,Confirmed,Planned,Germany,Storengy Deutschland,UGS Schmidhausen
2023-08-22 16:11:17,2024-11-01 06:00:00,2024-11-04 06:00:00,0.0,40.5,0.0,During this time the injection rate is decreased by 50%.,Confirmed,Planned,Germany,Storengy Deutschland,UGS Uelsen
2023-08-22 16:11:17,2024-10-07 06:00:00,2024-10-20 06:00:00,0.0,28.5,58.5,During this time neither injection nor withdrawal is possible.,Confirmed,Planned,Germany,Storengy Deutschland,UGS Lesum
2023-08-22 16:11:17,2024-09-02 06:00:00,2024-09-28 06:00:00,0.0,84.7,232.0,During this time neither injection nor withdrawal is possible.,Confirmed,Planned,Germany,Storengy Deutschland,UGS Peckensen
2023-08-21 13:57:45,2023-08-19 15:00:00,2023-08-21 13:30:00,0.0,68.0,0.0,M1 &amp; M2 not available. . Possible restriction: Reduction of injection rate by up to 100% .,Estimate,Unplanned,Germany,Uniper Energy Storage,UGS Breitbrunn
2023-08-19 14:27:35,2023-07-18 16:00:00,2023-08-19 15:00:00,0.0,34.0,0.0,"M2 n.v. Seal defective, secondary vent gas leaking.. Possible restriction: Reduction of injection rate by up to 50% ",Estimate,Unplanned,Germany,Uniper Energy Storage,UGS Breitbrunn
2023-08-18 11:53:58,2023-08-15 15:30:00,2023-08-18 12:00:00,0.0,331.2,469.2,Checking the line to the measuring device. Possible restriction: Entire storage facility n/a ,Estimate,Unplanned,Germany,Uniper Energy Storage,UGS Epe Uniper H-Gas
2023-08-18 10:23:58,2023-08-08 07:00:00,2023-08-18 10:00:00,0.0,0.0,0.0,Maintenance was cancelled. None,Estimate,Planned,Germany,Uniper Energy Storage,UGS Bierwang
2023-08-16 20:43:36,2023-08-16 06:00:00,2023-08-16 17:00:00,0.0,20.6,0.0,Replace Overspeed sensor. Storage 25% unavailable,Estimate,Unplanned,Germany,Equinor Storage Deutschland,UGS Etzel EGL (Equinor Storage Deutschland)
2023-08-16 08:10:09,2023-08-15 16:00:00,2023-08-16 06:00:00,0.0,24.1,0.0,Replace Overspeed sensor. Storage 25% unavailable,Confirmed,Unplanned,Germany,Equinor Storage Deutschland,UGS Etzel EGL (Equinor Storage Deutschland)
2023-08-16 08:09:59,2023-08-15 15:16:00,2023-08-16 06:00:00,0.0,24.1,0.0,Replace Overspeed sensor. Storage 25% unavailable,Confirmed,Unplanned,Germany,Uniper Energy Storage,UGS Etzel Erdgas Lager EGL
2023-08-15 17:18:14,2023-08-16 06:00:00,2023-08-16 12:00:00,0.0,10.3,0.0,Replace Overspeed sensor. Storage 25% unavailable,Estimate,Unplanned,Germany,Uniper Energy Storage,UGS Etzel Erdgas Lager EGL
2023-08-14 19:10:20,2023-08-22 06:00:00,2023-08-24 18:00:00,0.0,25.3,50.6,Change of gas volume meter including calibration,Estimate,Planned,Germany,MET Speicher,UGS Reckrod
2023-08-14 15:59:55,2023-11-18 13:00:00,2023-11-24 15:00:00,0.0,352.6,27.1,"The limitation of the injection rate amounts to 100%.
The limitation of the withdrawal rate amounts to 5%.",Confirmed,Planned,Germany,SEFE Storage (Germany),UGS Rehden
2023-08-14 15:59:55,2023-11-12 06:00:00,2023-11-18 13:00:00,0.0,352.6,542.4,The limitation of injection- and withdrawal rate amounts to 100%.,Confirmed,Planned,Germany,SEFE Storage (Germany),UGS Rehden
2023-08-11 08:00:27,2023-08-07 07:00:00,2023-08-10 21:00:00,0.0,34.0,115.0,Valve retrofit. Possible restriction: Reduction of injection rate by up to 40% and withdrawal rate by up to 40%,Estimate,Planned,Germany,Uniper Energy Storage,UGS Epe Uniper L-Gas
2023-08-11 08:00:04,2023-08-07 07:00:00,2023-08-11 21:00:00,0.0,131.0,302.0,Replace of valves. Possible restriction: Reduction of injection rate by up to 40% and withdrawal rate by up to 65%,Estimate,Planned,Germany,Uniper Energy Storage,UGS Epe Uniper H-Gas
2023-08-08 10:00:39,2023-11-06 06:00:00,2023-11-18 06:00:00,3.736,55.2,69.0,safety test / maintenance work,Estimate,Planned,Germany,EWE Gasspeicher,UGS Jemgum H (EWE)
2023-08-04 08:16:37,2023-08-01 06:00:00,2023-08-02 16:00:00,0.0,0.0,0.0,Correction of working gas level in connection with the conversion of 5 caverns from L- to H-gas. Reduction of working gas level by 750 GWh,Confirmed,Unplanned,Germany,Uniper Energy Storage,UGS Epe Uniper H-Gas
2023-08-04 08:16:22,2023-08-01 06:00:00,2023-08-02 16:00:00,0.0,0.0,0.0,Correction of working gas level in connection with the conversion of 5 caverns from L- to H-gas. Reduction of working gas level by 450 GWh,Confirmed,Unplanned,Germany,Uniper Energy Storage,UGS Epe Uniper L-Gas
2023-08-01 15:00:00,2023-08-01 13:00:00,2023-08-01 15:00:00,0.814,0.0,3.2,Maintenance of S81,Confirmed,Planned,Germany,Eneco Gasspeicher,UGS Enschede - Epe (Eneco)
2023-07-28 08:07:55,2023-07-17 06:00:00,2023-07-27 17:00:00,0.0,15.6,0.0,"Maintenance of compressor. Possible restriction: Reduction of injection rate by up to 46%, but not affecting the delivery of the SCB-Product of THE",Estimate,Planned,Germany,Uniper Energy Storage,UGS Epe Uniper L-Gas
2023-07-21 08:41:00,2023-07-17 16:30:00,2023-07-20 16:00:00,0.0,0.0,93.0,"Drying 7 defective, defective burner control unit. Possible restriction: Reduction of withdrawal rate by up to 20% ",Estimate,Unplanned,Germany,Uniper Energy Storage,UGS Epe Uniper H-Gas
2023-07-19 11:10:18,2023-08-14 06:00:00,2023-08-29 06:00:00,0.0,6.4,21.6,substitution of fittings and valves in injection and withdrawal piping with a possible reduction of injection capacity (25 %) and withdrawal capacity (50 %) according to storage curves,Estimate,Planned,Germany,HanseWerk,UGS Kraak
2023-07-17 07:59:18,2023-07-03 06:00:00,2023-07-14 18:00:00,0.0,0.0,139.0,Cleaning of gas process plant. Possible restriction: Reduction of withdrawal rate by up to 100% ,Estimate,Planned,Germany,Uniper Energy Storage,UGS Breitbrunn
2023-07-14 14:48:12,2023-07-26 06:00:00,2023-07-26 18:00:00,0.0,0.0,0.0,"Due to work on the upstream network, injection and withdrawal are not possible.",Confirmed,Planned,Germany,Enovos Storage,UGS Frankenthal
2023-07-14 08:50:38,2023-07-12 07:00:00,2023-07-13 17:00:00,0.0,0.0,80.0,"Repair of a fitting. Possible restriction: Reduction of withdrawal rate by up to 100%, the restriction concerns only the Thyssengas connection",Estimate,Planned,Germany,Uniper Energy Storage,UGS Epe Uniper H-Gas
2023-07-14 07:57:16,2023-07-13 08:00:00,2023-07-13 17:00:00,0.0,0.0,0.0,Maintenance was cancelled. None,Estimate,Planned,Germany,Uniper Energy Storage,UGS Epe Uniper L-Gas
2023-07-14 07:57:05,2023-07-13 08:00:00,2023-07-13 17:00:00,0.0,0.0,0.0,Maintenance was cancelled. None,Estimate,Planned,Germany,Uniper Energy Storage,UGS Epe Uniper H-Gas
2023-07-11 14:22:01,2023-07-10 07:00:00,2023-07-10 16:00:00,0.0,30.0,0.0,Maintenancce of compressor. Possible restriction: Reduction of injection rate by up to 30% ,Estimate,Planned,Germany,Uniper Energy Storage,UGS Bierwang
2023-07-11 14:21:51,2023-07-10 07:00:00,2023-07-10 16:00:00,0.0,30.0,0.0,Maintenancce of compressor. Possible restriction: Reduction of injection rate by up to 30% ,Estimate,Planned,Germany,Uniper Energy Storage,UGS Bierwang
2023-07-10 11:00:00,2023-07-10 10:59:19,2023-07-10 11:00:00,0.0,0.0,0.0,Maintenance of Compressor1,Confirmed,Unplanned,Germany,Eneco Gasspeicher,UGS Enschede - Epe (Eneco)
2023-07-10 11:00:00,2023-07-10 11:00:00,2023-07-10 12:00:00,0.0,0.9,0.0,Maintenance of Compressor1,Estimate,Unplanned,Germany,Eneco Gasspeicher,UGS Enschede - Epe (Eneco)
2023-07-10 08:06:12,2023-07-04 07:00:00,2023-07-07 16:00:00,0.0,0.0,0.0,Maintenance was cancelled. None,Estimate,Planned,Germany,Uniper Energy Storage,UGS Bierwang
2023-07-07 08:47:28,2023-05-05 08:00:00,2023-07-07 08:00:00,0.0,0.0,70.0,Maintenance of preheater. Possible restriction: Reduction of withdrawal rate by up to 15%,Estimate,Unplanned,Germany,Uniper Energy Storage,UGS Epe Uniper H-Gas
2023-06-27 15:41:31,2023-11-16 07:00:00,2023-12-08 15:00:00,0.0,0.0,244.8,"Possible restriction:
50% of withdrawal rate and 30% of injection rate. Depending on all nominations, each customer has at least 50 % of his firm withdrawal capacity and 70% of his firm injection capacity according to the characteristic curve.
",Confirmed,Planned,Germany,VNG Gasspeicher GmbH (6),"VGS Storage Hub (Bernburg, Bad Lauchstädt, Katharina)"
2023-06-27 14:04:31,2023-06-19 06:00:00,2023-06-27 06:00:00,2.518,41.0,82.1,safety test / maintenance work,Confirmed,Planned,Germany,EWE Gasspeicher,UGS Nüttermoor H-3
2023-06-26 08:15:30,2023-06-12 06:00:00,2023-06-26 06:00:00,1.84,24.8,49.7,safety test / maintenance work,Confirmed,Planned,Germany,EWE Gasspeicher,UGS Nüttermoor H-2
2023-06-23 13:55:04,2023-06-23 13:00:00,2023-07-07 13:00:00,0.0,38.0,0.0,During this time the injection rate is decreased by 50%.,Estimate,Unplanned,Germany,Storengy Deutschland,UGS Peckensen
2023-06-23 08:04:29,2023-06-20 07:00:00,2023-06-21 17:00:00,0.0,0.0,288.0,Replacement of fittings. Possible restriction: Reduction of withdrawal rate by up to 100 %,Estimate,Planned,Germany,Uniper Energy Storage,UGS Epe Uniper L-Gas
2023-06-23 08:04:13,2023-06-22 07:00:00,2023-06-22 16:00:00,0.0,25.0,0.0,Work on the fuel gas preheating system. Possible restriction: Reduction of injection rate by up to 100% ,Estimate,Planned,Germany,Uniper Energy Storage,UGS Breitbrunn
2023-06-22 09:43:15,2024-04-04 18:00:00,2024-04-08 06:00:00,0.0,0.0,93.9,Maintenance,Confirmed,Planned,Germany,Erdgasspeicher Peissen,UGS Katharina (historical data prior to 01/04/2026)
2023-06-22 09:43:15,2024-04-08 06:00:00,2024-04-08 14:00:00,0.0,47.0,93.9,Maintenance,Confirmed,Planned,Germany,Erdgasspeicher Peissen,UGS Katharina (historical data prior to 01/04/2026)
2023-06-22 09:43:15,2024-10-07 06:00:00,2024-10-18 18:00:00,0.0,138.1,276.2,Maintenance,Confirmed,Planned,Germany,Erdgasspeicher Peissen,UGS Katharina (historical data prior to 01/04/2026)
2023-06-15 14:06:05,2023-04-24 07:00:00,2023-06-15 08:35:00,0.0,7.1,0.0,"Outage of one
piston Compressor ",Confirmed,Unplanned,Germany,NUON Epe Gasspeicher,UGS Enschede - Epe (Nuon)
2023-06-12 08:59:17,2023-06-12 08:40:01,2023-06-12 08:59:17,0.0,0.0,0.6,Maintenance of RS2,Confirmed,Unplanned,Germany,Eneco Gasspeicher,UGS Enschede - Epe (Eneco)
2023-06-08 21:08:48,2023-06-08 21:02:24,2023-06-08 21:08:48,0.0,0.1,0.0,Maintenance of Compressor2,Confirmed,Unplanned,Germany,Eneco Gasspeicher,UGS Enschede - Epe (Eneco)
2023-06-08 19:18:29,2023-06-08 19:16:57,2023-06-08 19:18:29,0.0,0.0,0.0,Maintenance of Compressor2,Confirmed,Unplanned,Germany,Eneco Gasspeicher,UGS Enschede - Epe (Eneco)
2023-06-08 18:18:30,2023-06-08 18:14:44,2023-06-08 18:18:30,0.0,0.1,0.0,Maintenance of Compressor2,Confirmed,Unplanned,Germany,Eneco Gasspeicher,UGS Enschede - Epe (Eneco)
2023-06-08 18:06:10,2023-06-08 18:01:59,2023-06-08 18:06:10,0.0,0.1,0.0,Maintenance of Compressor2,Confirmed,Unplanned,Germany,Eneco Gasspeicher,UGS Enschede - Epe (Eneco)
2023-06-02 10:12:55,2024-10-14 06:00:00,2024-10-26 11:00:00,0.0,352.6,542.5,The limitation of injection- and withdrawal rate amounts to 100%.,Confirmed,Planned,Germany,SEFE Storage (Germany),UGS Rehden
2023-05-31 08:02:13,2023-05-18 07:00:00,2023-05-26 16:00:00,0.0,0.0,72.0,Maintenance of drying unit. Possible restriction: Reduction of withdrawal rate by up to 25%,Estimate,Planned,Germany,Uniper Energy Storage,UGS Epe Uniper L-Gas
2023-05-31 07:29:05,2023-05-08 06:00:00,2023-05-26 18:00:00,0.0,0.0,139.7,Cleaning of gas process plant. Possible restriction: Reduction of withdrawal rate by up to 100% ,Estimate,Planned,Germany,Uniper Energy Storage,UGS Breitbrunn
2023-05-30 13:41:52,2024-09-09 06:00:00,2024-09-20 17:00:00,0.0,137.3,211.1,The limitation of injection- and withdrawal rate amount to 100%.,Confirmed,Planned,Germany,SEFE Storage (Germany),UGS Jemgum H (SEFE Storage)
2023-05-26 13:40:14,2023-04-28 13:00:00,2023-05-26 14:00:00,0.0,122.0,0.0,Compressor Maintenance,Confirmed,Unplanned,Germany,EKB,UGS Etzel EKB
2023-05-26 08:20:38,2023-05-22 06:00:00,2023-05-26 12:00:00,0.999,10.7,32.8,safety test / maintenance work,Confirmed,Planned,Germany,EWE Gasspeicher,UGS Rüdersdorf H
2023-05-19 10:09:38,2023-05-17 18:00:00,2023-05-19 16:00:00,0.0,0.0,93.0,Maintenance of drying unit. Possible restriction: Reduction of withdrawal rate up to 20%,Estimate,Planned,Germany,Uniper Energy Storage,UGS Epe Uniper H-Gas
2023-05-19 10:08:38,2023-05-18 07:00:00,2023-05-18 08:00:00,0.0,0.0,93.0,Maintenance of drying unit. Possible restriction: Reduction of withdrawal rate by up to 20%,Estimate,Planned,Germany,Uniper Energy Storage,UGS Epe Uniper H-Gas
2023-05-19 10:08:15,2023-04-17 07:00:00,2023-05-17 15:00:00,0.0,0.0,72.0,Maintenance of drying unit. Possible restriction: Reduction of withdrawal rate by up to 25%,Estimate,Planned,Germany,Uniper Energy Storage,UGS Epe Uniper L-Gas
2023-05-19 10:07:47,2023-05-14 09:00:00,2023-05-17 14:00:00,0.0,42.0,0.0,"Maintenance of compressor. Reduction of injection rate by up to 50%, but not affecting the delivery of the SCB-Product of THE",Estimate,Unplanned,Germany,Uniper Energy Storage,UGS Epe Uniper L-Gas
2023-05-17 16:34:34,2023-04-17 07:00:00,2023-05-17 15:00:00,0.0,0.0,186.0,Maintenance of drying unit. Possible restriction: Reduction of withdrawal rate by up to 40%,Estimate,Planned,Germany,Uniper Energy Storage,UGS Epe Uniper H-Gas
2023-05-16 00:00:36,2023-05-16 00:00:00,2023-05-16 00:00:36,0.0,0.0,0.0,Maintenance of RS1,Confirmed,Unplanned,Germany,Eneco Gasspeicher,UGS Enschede - Epe (Eneco)
2023-05-16 00:00:00,2023-05-15 23:54:17,2023-05-16 00:00:00,0.0,0.0,0.2,Maintenance of RS1,Confirmed,Unplanned,Germany,Eneco Gasspeicher,UGS Enschede - Epe (Eneco)
2023-05-15 23:39:41,2023-05-15 23:38:23,2023-05-15 23:39:41,0.0,0.0,0.0,"Maintenance of Absorber2, RS2",Confirmed,Unplanned,Germany,Eneco Gasspeicher,UGS Enschede - Epe (Eneco)
2023-05-15 08:44:31,2023-05-09 07:00:00,2023-05-11 16:00:00,0.0,67.0,139.0,Repair of a fitting. Restriction: Entire storage facility n/a,Estimate,Planned,Germany,Uniper Energy Storage,UGS Breitbrunn
2023-05-12 04:14:21,2023-05-12 04:14:21,2023-05-12 05:00:00,0.0,0.8,0.0,Maintenance of Compressor1,Estimate,Unplanned,Germany,Eneco Gasspeicher,UGS Enschede - Epe (Eneco)
2023-05-10 15:24:32,2023-05-07 18:00:00,2023-05-08 14:00:00,0.0,131.0,0.0,Maintenance of compressor. Possible restriction: Reduction of injection rate by up to 40%,Estimate,Planned,Germany,Uniper Energy Storage,UGS Epe Uniper H-Gas
2023-05-05 07:20:22,2022-03-11 06:00:00,2023-05-05 06:00:00,0.0,0.0,0.0,The increase in the storage level of 665 GWh as of 11.03.2022 is based on a temporarily adjusted operation of the Breitbrunn storage facility. The measure has been agreed with the responsible mining authority. . It has no impact on present capacity data (,Estimate,Planned,Germany,Uniper Energy Storage,UGS Breitbrunn
2023-05-04 16:19:59,2023-03-30 08:00:00,2023-05-04 13:00:00,0.271,0.0,13.0,"Maintenance of cavern. Possible restriction: Reduction of workinggas capacity by up to 2.3%, Reduction of withdrawal rate by up to 3%",Estimate,Planned,Germany,Uniper Energy Storage,UGS Etzel ESE (Uniper Energy Storage)
2023-05-04 07:58:33,2023-05-03 06:00:00,2023-05-03 17:00:00,0.0,31.0,64.0,Test of safety equipment . Possible restriction: Entire storage facility n/a ,Estimate,Planned,Germany,Uniper Energy Storage,UGS Breitbrunn
2023-05-04 07:58:25,2023-05-03 06:00:00,2023-05-03 17:00:00,0.0,67.0,139.8,Test of safety equipment . Possible restriction: Entire storage facility n/a ,Estimate,Planned,Germany,Uniper Energy Storage,UGS Breitbrunn
2023-05-04 07:57:43,2023-05-02 06:00:00,2023-05-02 17:00:00,0.0,31.0,64.0,Test of safety equipment . Possible restriction: Entire storage facility n/a ,Estimate,Planned,Germany,Uniper Energy Storage,UGS Breitbrunn
2023-05-04 07:57:32,2023-05-02 06:00:00,2023-05-02 17:00:00,0.0,67.0,139.8,Test of safety equipment . Possible restriction: Entire storage facility n/a ,Estimate,Planned,Germany,Uniper Energy Storage,UGS Breitbrunn
2023-05-04 07:57:21,2023-04-14 11:00:00,2023-05-03 16:00:00,0.0,0.0,349.0,Repair work on a valve. Possible restriction: Reduction of withdrawal rate by up to 75% ,Estimate,Unplanned,Germany,Uniper Energy Storage,UGS Epe Uniper H-Gas
2023-05-02 08:06:03,2023-04-17 07:00:00,2023-04-28 16:00:00,0.0,197.0,0.0,Maintenance of compressor. Possible restriction: Reduction of injection rate by up to 60%,Estimate,Planned,Germany,Uniper Energy Storage,UGS Epe Uniper H-Gas
2023-04-28 15:44:56,2023-04-28 06:00:00,2023-10-19 06:00:00,0.0,40.5,0.0,During this time the injection rate is decreased by 50%.,Estimate,Unplanned,Germany,Storengy Deutschland,UGS Uelsen
2023-04-28 11:37:23,2023-04-17 07:00:00,2023-04-27 16:00:00,0.0,268.8,349.4,Conversion operating and monitoring system. Restriction: Entire storage facility n/a,Estimate,Planned,Germany,Uniper Energy Storage,UGS Bierwang
2023-04-28 08:56:29,2023-04-24 07:00:00,2023-04-28 09:00:00,0.0,35.4,0.0, compressor 3,Confirmed,Unplanned,Germany,NUON Epe Gasspeicher,UGS Enschede - Epe (Nuon)
2023-04-27 17:28:50,2023-04-27 07:00:00,2023-04-27 16:00:00,0.0,101.0,131.0,Test of safety equipment . Possible restriction: Entire storage facility n/a ,Estimate,Planned,Germany,Uniper Energy Storage,UGS Bierwang
2023-04-27 17:28:39,2023-04-26 07:00:00,2023-04-26 16:00:00,0.0,101.0,131.0,Test of safety equipment . Possible restriction: Entire storage facility n/a ,Estimate,Planned,Germany,Uniper Energy Storage,UGS Bierwang
2023-04-27 17:28:28,2023-04-25 07:00:00,2023-04-25 16:00:00,0.0,101.0,131.0,Test of safety equipment . Possible restriction: Entire storage facility n/a ,Estimate,Planned,Germany,Uniper Energy Storage,UGS Bierwang
2023-04-27 17:28:18,2023-04-24 07:00:00,2023-04-24 16:00:00,0.0,101.0,131.0,Test of safety equipment . Possible restriction: Entire storage facility n/a ,Estimate,Planned,Germany,Uniper Energy Storage,UGS Bierwang
2023-04-27 11:41:18,2023-04-25 06:00:00,2023-04-27 06:00:00,0.0,425.0,396.0,Modification of control system. Restriction: Entire storage facility n/a,Estimate,Planned,Germany,Uniper Energy Storage,UGS Etzel ESE (Uniper Energy Storage)
2023-04-21 10:05:10,2023-04-17 08:00:00,2023-04-21 10:00:00,0.0,0.0,0.0,Maintenance was cancelled. None,Estimate,Planned,Germany,Uniper Energy Storage,UGS Bierwang
2023-04-21 08:50:56,2012-12-01 07:00:00,2012-12-01 08:00:00,0.0,0.0,0.0,"Maintenance
",Confirmed,Planned,Germany,VNG Gasspeicher GmbH (6),"VGS Storage Hub (Bernburg, Bad Lauchstädt, Katharina)"
2023-04-20 09:25:48,2023-06-05 06:00:00,2023-06-10 06:00:00,3.161,41.4,82.8,safety test / maintenance work,Estimate,Planned,Germany,EWE Gasspeicher,EWE H-Gas Zone
2023-04-20 09:25:48,2023-06-13 06:00:00,2023-06-21 06:00:00,6.009,68.2,188.2,safety test / maintenance work,Estimate,Planned,Germany,EWE Gasspeicher,UGS EWE-Zone L
2023-04-14 10:10:03,2023-04-14 10:09:26,2023-04-14 10:10:03,0.0,0.0,0.0,Maintenance of RS2,Confirmed,Unplanned,Germany,Eneco Gasspeicher,UGS Enschede - Epe (Eneco)
2023-04-13 16:38:50,2023-04-12 07:00:00,2023-04-13 17:00:00,0.0,84.0,0.0,Maintenance of filters. Possible restriction: Reduction of injection rate by up to 100%,Estimate,Planned,Germany,Uniper Energy Storage,UGS Epe Uniper L-Gas
2023-04-13 16:38:33,2023-04-13 07:00:00,2023-04-13 16:00:00,0.0,84.0,0.0,"Inspection of gas detection system. Possible restriction: Entire storage facility n/a, but not affecting the delivery of the SCB-Product of THE in the direction of system buy",Estimate,Planned,Germany,Uniper Energy Storage,UGS Epe Uniper L-Gas
2023-04-13 16:38:23,2023-04-13 08:00:00,2023-04-13 17:00:00,0.0,31.5,108.0,"Test of safety equipment. Possible restriction: Entire storage facility n/a, but not affecting the delivery of the SCB-Product of THE in the direction of system buy",Estimate,Planned,Germany,Uniper Energy Storage,UGS Epe Uniper L-Gas
2023-04-13 16:38:05,2023-04-13 08:00:00,2023-04-13 17:00:00,0.0,32.0,108.0,"Test of safety equipment. Possible restriction: Entire storage facility n/a, but not affecting the delivery of the SCB-Product of THE in the direction of system buy",Estimate,Planned,Germany,Uniper Energy Storage,UGS Epe Uniper L-Gas
2023-04-13 16:37:51,2023-04-13 07:00:00,2023-04-13 16:00:00,0.0,123.1,0.0,Inspection of gas detection system. Possible restriction: Entire storage facility n/a,Estimate,Planned,Germany,Uniper Energy Storage,UGS Epe Uniper H-Gas
2023-04-13 16:37:37,2023-04-13 08:00:00,2023-04-13 17:00:00,0.0,123.1,174.4,Test of safety equipment. Possible restriction: Entire storage facility n/a,Estimate,Planned,Germany,Uniper Energy Storage,UGS Epe Uniper H-Gas
2023-04-13 16:37:22,2023-04-13 08:00:00,2023-04-13 17:00:00,0.0,123.0,174.0,Test of safety equipment. Possible restriction: Entire storage facility n/a,Estimate,Planned,Germany,Uniper Energy Storage,UGS Epe Uniper H-Gas
2023-04-13 16:18:12,2022-10-10 15:00:00,2023-04-13 16:00:00,0.0,42.0,0.0,"Maintenancce of compressor. Possible restriction: Reduction of injection rate by up to 50%, but not affecting the delivery of the SCB-Product of THE",Confirmed,Unplanned,Germany,Uniper Energy Storage,UGS Epe Uniper L-Gas
2023-04-11 08:07:33,2023-03-20 08:00:00,2023-04-07 16:00:00,0.0,0.0,0.0,Maintenance was cancelled. None,Estimate,Planned,Germany,Uniper Energy Storage,UGS Bierwang
2023-04-09 12:08:38,2023-04-09 12:02:18,2023-04-09 12:08:38,0.0,0.0,0.2,Maintenance of RS2,Confirmed,Unplanned,Germany,Eneco Gasspeicher,UGS Enschede - Epe (Eneco)
2023-04-08 08:00:00,2023-04-08 07:00:00,2023-04-08 08:00:00,0.621,0.0,1.2,Maintenance of S82,Confirmed,Planned,Germany,Eneco Gasspeicher,UGS Enschede - Epe (Eneco)
2023-04-06 16:19:28,2023-03-27 08:00:00,2023-04-06 16:00:00,0.0,29.6,0.0,Maintenance of compressor unit. Possible restriction: Reduction of injection rate by up to 11%,Estimate,Planned,Germany,Uniper Energy Storage,UGS Bierwang
2023-04-06 07:09:34,2023-04-01 08:00:00,2023-04-04 16:00:00,0.0,0.0,0.0,Maintenance was cancelled. None,Estimate,Planned,Germany,Uniper Energy Storage,UGS Bierwang
2023-04-04 08:06:34,2023-04-01 06:00:00,2023-04-01 12:00:00,0.0,0.0,0.0,UST intends to convert several caverns of the Epe gas storage facility from L-gas to H-gas as of 01.04.2023 in the course of the ongoing market area conversion. . The reduction in the working gas volume available in L-gas by 2.232 GWh is offset by a simul,Estimate,Planned,Germany,Uniper Energy Storage,UGS Epe Uniper L-Gas
2023-04-03 11:42:44,2023-10-02 04:00:00,2023-10-14 04:00:00,0.0,0.0,118.4,Maintenance of the Etzel ESE Station,Confirmed,Planned,Germany,OMV Gas Storage Germany,UGS Etzel ESE (OMV)
2023-04-03 11:42:20,2023-10-02 04:00:00,2023-10-14 04:00:00,0.0,71.7,0.0,Maintenance of the Etzel ESE Station,Confirmed,Planned,Germany,OMV Gas Storage Germany,UGS Etzel ESE (OMV)
2023-04-03 11:41:57,2023-09-20 06:00:00,2023-09-20 16:00:00,0.0,0.0,54.7,BEP Maintencance,Confirmed,Planned,Germany,OMV Gas Storage Germany,UGS Etzel ESE (OMV)
2023-04-03 11:41:40,2023-09-20 06:00:00,2023-09-20 16:00:00,0.0,82.1,0.0,BEP Maintenance,Confirmed,Planned,Germany,OMV Gas Storage Germany,UGS Etzel ESE (OMV)
2023-04-03 11:41:17,2023-04-25 04:00:00,2023-04-27 04:00:00,0.0,0.0,118.4,Change of Digital Control System,Confirmed,Planned,Germany,OMV Gas Storage Germany,UGS Etzel ESE (OMV)
2023-04-03 11:40:53,2023-04-25 04:00:00,2023-04-27 04:00:00,0.0,71.7,0.0,Change of Digital Control System,Confirmed,Planned,Germany,OMV Gas Storage Germany,UGS Etzel ESE (OMV)
2023-04-03 10:29:26,2023-04-03 10:28:20,2023-04-03 10:29:26,0.0,0.0,0.0,Maintenance of RS2,Confirmed,Unplanned,Germany,Eneco Gasspeicher,UGS Enschede - Epe (Eneco)
2023-03-31 14:44:00,2023-01-02 06:00:00,2023-03-31 15:00:00,0.0,122.0,0.0,Level3 HP compressor maintenance,Confirmed,Planned,Germany,EKB,UGS Etzel EKB
2023-03-31 08:41:42,2023-03-30 07:00:00,2023-03-30 16:00:00,0.0,42.0,0.0,Maintenance of compressor unit. Possible restriction: Reduction of injection rate by up to 50%,Estimate,Planned,Germany,Uniper Energy Storage,UGS Epe Uniper L-Gas
2023-03-31 07:48:55,2023-03-17 08:00:00,2023-03-30 08:00:00,0.578,0.0,29.0,"Maintenance of cavern. Possible restriction: Reduction of workinggas capacity by up to 4.9%, Reduction of withdrawal rate by up to 7%",Estimate,Planned,Germany,Uniper Energy Storage,UGS Etzel ESE (Uniper Energy Storage)
2023-03-27 16:32:07,2023-09-04 06:00:00,2023-09-22 16:00:00,0.0,27.2,41.9,"Maintenance
The limitation of injection- and withdrawal rate amount to 100%.",Confirmed,Planned,Germany,VNG Gasspeicher GmbH (6),UGS Jemgum H (VGS) (historical data prior to 1 April 2025)
2023-03-17 08:26:57,2023-02-10 08:00:00,2023-03-17 08:00:00,0.307,0.0,16.0,"Maintenance of cavern. Possible restriction: Reduction of workinggas capacity by up to 2.6%, Reduction of withdrawal rate by up to 4%",Estimate,Planned,Germany,Uniper Energy Storage,UGS Etzel ESE (Uniper Energy Storage)
2023-03-15 15:40:59,2023-08-14 06:00:00,2023-08-25 14:00:00,0.0,47.8,119.5,Maintenance,Confirmed,Planned,Germany,RWE Gas Storage West,UGS Epe-NL-RWEGSWEST
2023-03-15 15:40:59,2023-08-14 06:00:00,2023-08-25 14:00:00,0.0,49.2,98.4,Maintenance,Confirmed,Planned,Germany,RWE Gas Storage West,UGS Epe-DE-RWEGSWEST (Epe-L prior to 1 April 2026)
2023-03-12 09:00:00,2023-03-12 08:00:00,2023-03-12 09:00:00,0.621,0.0,1.2,Maintenance of S82,Confirmed,Planned,Germany,Eneco Gasspeicher,UGS Enschede - Epe (Eneco)
2023-03-11 09:00:00,2023-03-11 08:00:00,2023-03-11 09:00:00,0.621,0.0,1.2,Maintenance of S82,Confirmed,Planned,Germany,Eneco Gasspeicher,UGS Enschede - Epe (Eneco)
2023-03-08 16:00:00,2023-03-08 15:00:00,2023-03-08 16:00:00,0.814,0.0,2.0,Maintenance of S81,Confirmed,Planned,Germany,Eneco Gasspeicher,UGS Enschede - Epe (Eneco)
2023-03-08 08:39:52,2023-03-08 08:00:00,2023-03-08 08:39:52,0.0,0.6,0.0,Maintenance of Compressor2,Confirmed,Unplanned,Germany,Eneco Gasspeicher,UGS Enschede - Epe (Eneco)
2023-03-08 08:00:00,2023-03-08 07:00:00,2023-03-08 08:00:00,0.0,0.9,0.0,Maintenance of Compressor2,Confirmed,Unplanned,Germany,Eneco Gasspeicher,UGS Enschede - Epe (Eneco)
2023-03-08 07:00:00,2023-03-08 06:21:24,2023-03-08 07:00:00,0.0,0.6,0.0,Maintenance of Compressor2,Confirmed,Unplanned,Germany,Eneco Gasspeicher,UGS Enschede - Epe (Eneco)
2023-02-28 16:22:28,2023-02-28 18:00:00,2023-03-15 18:00:00,0.0,24.7,0.0,Test of technical facilities. No injection possible.,Estimate,Planned,Germany,MET Speicher,UGS Reckrod
2023-02-22 19:54:23,2023-02-22 19:54:23,2023-02-22 20:00:00,0.0,0.0,0.2,Maintenance of RS2,Estimate,Unplanned,Germany,Eneco Gasspeicher,UGS Enschede - Epe (Eneco)
2023-02-22 15:28:43,2023-02-22 09:00:00,2023-02-22 15:00:00,0.0,0.0,93.0,Maintenance of drying unit. Possible restriction: Reduction of withdrawal rate by up to 20%,Estimate,Unplanned,Germany,Uniper Energy Storage,UGS Epe Uniper H-Gas
2023-02-22 15:28:19,2023-02-22 09:00:00,2023-02-22 15:00:00,0.0,0.0,72.0,Maintenance of drying unit. Possible restriction: Reduction of withdrawal rate by up to 25%,Estimate,Unplanned,Germany,Uniper Energy Storage,UGS Epe Uniper L-Gas
2023-02-21 09:46:35,2023-02-21 09:45:54,2023-02-21 09:46:35,0.0,0.0,0.0,"Maintenance of Absorber1, Absorber2",Confirmed,Unplanned,Germany,Eneco Gasspeicher,UGS Enschede - Epe (Eneco)
2023-02-17 17:50:43,2023-04-17 07:00:00,2023-04-21 15:00:00,0.0,129.8,121.7,"Maintenance. Possible restriction:
38 % reduction of injection rate depending on all nominations.
50 % reduction of withdrawal rate depending on all nominations.",Confirmed,Planned,Germany,VNG Gasspeicher GmbH (6),"VGS Storage Hub (Bernburg, Bad Lauchstädt, Katharina)"
2023-02-15 15:00:00,2023-02-15 14:00:00,2023-02-15 15:00:00,0.814,0.0,1.2,Maintenance of S81,Confirmed,Planned,Germany,Eneco Gasspeicher,UGS Enschede - Epe (Eneco)
2023-02-14 10:21:28,2023-02-14 10:00:00,2023-02-14 10:21:28,0.0,0.0,0.7,Maintenance of RS2,Confirmed,Unplanned,Germany,Eneco Gasspeicher,UGS Enschede - Epe (Eneco)
2023-02-14 10:00:00,2023-02-14 09:51:46,2023-02-14 10:00:00,0.0,0.0,0.3,Maintenance of RS2,Confirmed,Unplanned,Germany,Eneco Gasspeicher,UGS Enschede - Epe (Eneco)
2023-02-13 11:45:49,2023-01-16 06:00:00,2023-02-11 18:00:00,0.0,77.8,0.0,Maintenance of compressor unit . Possible restriction: Reduction of injection rate by up to 50% ,Estimate,Planned,Germany,Uniper Energy Storage,UGS Etzel Erdgas Lager EGL
2023-02-08 07:03:04,2023-02-08 07:02:24,2023-02-08 07:03:04,0.0,0.0,0.0,Maintenance of RS1,Confirmed,Unplanned,Germany,Eneco Gasspeicher,UGS Enschede - Epe (Eneco)
2023-02-02 14:33:35,2023-02-03 06:00:00,2023-03-02 16:00:00,0.0,344.8,0.0,The limitation of injection rate amounts to 100%.,Confirmed,Unplanned,Germany,SEFE Storage (Germany),UGS Rehden
2023-02-01 13:27:20,2023-01-16 06:00:00,2023-02-10 18:00:00,0.0,105.3,0.0,Maintenance of compressor unit . Possible restriction: Reduction of injection rate by up to 50% ,Estimate,Planned,Germany,Equinor Storage Deutschland,UGS Etzel EGL (Equinor Storage Deutschland)
2023-02-01 10:08:46,2023-02-01 10:07:00,2023-02-01 10:08:46,0.0,0.0,0.0,Maintenance of Compressor2,Confirmed,Unplanned,Germany,Eneco Gasspeicher,UGS Enschede - Epe (Eneco)
2023-01-31 10:43:13,2023-01-31 10:00:00,2023-02-03 06:00:00,0.0,344.8,530.4,The limitation of injection- and withdrawal rate amount to 100%.,Confirmed,Unplanned,Germany,SEFE Storage (Germany),UGS Rehden
2023-01-31 08:26:24,2023-01-23 07:00:00,2023-01-30 16:00:00,0.0,42.0,0.0,Maintenance of compressor. Possible restriction: Reduction of injection rate by up to 50%,Estimate,Planned,Germany,Uniper Energy Storage,UGS Epe Uniper L-Gas
2023-01-27 09:34:01,2023-01-27 09:33:09,2023-01-27 09:34:01,0.0,0.0,0.0,Maintenance of Compressor2,Confirmed,Unplanned,Germany,Eneco Gasspeicher,UGS Enschede - Epe (Eneco)
2023-01-27 08:00:00,2023-01-27 07:00:00,2023-01-27 08:00:00,0.621,0.0,1.2,Maintenance of S82,Confirmed,Planned,Germany,Eneco Gasspeicher,UGS Enschede - Epe (Eneco)
2023-01-26 16:21:05,2023-01-26 16:14:10,2023-01-26 16:21:05,0.0,0.0,0.2,Maintenance of RS2,Confirmed,Unplanned,Germany,Eneco Gasspeicher,UGS Enschede - Epe (Eneco)
2023-01-26 08:09:04,2023-01-25 00:00:00,2023-01-25 16:00:00,0.0,22.4,0.0,Maintenancce of compressor. Possible restriction: Reduction of injection rate by up to 50% ,Estimate,Planned,Germany,Uniper Energy Storage,UGS Breitbrunn
2023-01-26 01:41:18,2023-01-26 01:41:18,2023-01-26 02:00:00,0.0,0.3,0.0,Maintenance of Compressor2,Estimate,Unplanned,Germany,Eneco Gasspeicher,UGS Enschede - Epe (Eneco)
2023-01-25 13:28:15,2023-01-25 13:26:28,2023-01-25 13:28:15,0.0,0.0,0.0,Maintenance of Compressor2,Confirmed,Unplanned,Germany,Eneco Gasspeicher,UGS Enschede - Epe (Eneco)
2023-01-24 16:01:34,2022-06-02 06:20:00,2023-01-24 16:00:00,0.0,7.1,0.0,Outage of one piston compressor,Confirmed,Unplanned,Germany,NUON Epe Gasspeicher,UGS Enschede - Epe (Nuon)
2023-01-23 14:00:00,2023-01-23 11:00:00,2023-01-23 14:00:00,0.621,0.0,6.0,Maintenance of S82,Confirmed,Planned,Germany,Eneco Gasspeicher,UGS Enschede - Epe (Eneco)
2023-01-20 06:17:48,2023-01-20 06:15:41,2023-01-20 06:17:48,0.0,0.0,0.0,Maintenance of Compressor2,Confirmed,Unplanned,Germany,Eneco Gasspeicher,UGS Enschede - Epe (Eneco)
2023-01-18 10:00:26,2022-06-18 09:06:00,2022-12-23 18:00:00,0.0,35.4,0.0,Outage of one Turbo compressor,Confirmed,Unplanned,Germany,NUON Epe Gasspeicher,UGS Enschede - Epe (Nuon)
2023-01-18 09:57:57,2022-01-04 06:00:00,2022-01-07 13:00:00,0.0,35.4,0.0,Maintenance work,Confirmed,Planned,Germany,NUON Epe Gasspeicher,UGS Enschede - Epe (Nuon)
2023-01-18 09:57:32,2021-10-08 09:30:00,2021-10-11 16:10:00,0.0,7.1,0.0,One Piston compressor unavaialble,Confirmed,Unplanned,Germany,NUON Epe Gasspeicher,UGS Enschede - Epe (Nuon)
2023-01-18 09:54:54,2021-07-06 18:00:00,2021-08-16 00:00:00,0.0,47.2,0.0,Maintenance work in one withdrawal line,Confirmed,Planned,Germany,NUON Epe Gasspeicher,UGS Enschede - Epe (Nuon)
2023-01-18 09:53:15,2021-07-05 06:00:00,2021-07-06 18:00:00,3.012,85.0,141.6,Total Plant Shut-down for a maintenance issue,Confirmed,Planned,Germany,NUON Epe Gasspeicher,UGS Enschede - Epe (Nuon)
2023-01-18 09:52:28,2021-03-22 06:00:00,2021-03-26 13:00:00,0.0,35.4,0.0,Inspection of one compressor,Confirmed,Planned,Germany,NUON Epe Gasspeicher,UGS Enschede - Epe (Nuon)
2023-01-18 09:51:17,2020-11-24 13:00:00,2020-11-27 13:00:00,0.0,47.2,0.0,System check of one withdrawal line,Confirmed,Unplanned,Germany,NUON Epe Gasspeicher,UGS Enschede - Epe (Nuon)
2023-01-18 09:50:45,2020-11-10 20:00:00,2020-11-11 18:00:00,0.0,35.4,47.2,"One Turbo Compressor unavailable - Safety checks to be continued
One Withdrawal Line unavailable - Safety checks to be continued",Confirmed,Unplanned,Germany,NUON Epe Gasspeicher,UGS Enschede - Epe (Nuon)
2023-01-18 09:48:51,2020-11-10 00:00:00,2020-11-10 20:00:00,3.012,85.0,141.6,Total not Plant available - because of exchanging some core materials.,Confirmed,Unplanned,Germany,NUON Epe Gasspeicher,UGS Enschede - Epe (Nuon)
2023-01-18 09:47:42,2020-07-13 06:00:00,2020-07-15 18:00:00,3.012,85.0,141.6,Exchanging Measuring Street 1 and 2,Confirmed,Planned,Germany,NUON Epe Gasspeicher,UGS Enschede - Epe (Nuon)
2023-01-18 09:47:13,2020-06-23 06:00:00,2020-06-25 18:00:00,3.012,85.0,141.6,Exchanging electronic components,Confirmed,Unplanned,Germany,NUON Epe Gasspeicher,UGS Enschede - Epe (Nuon)
2023-01-18 09:46:49,2020-05-13 18:00:00,2020-05-14 18:00:00,0.0,6.5,0.0,One Compressor unavailable due to a safety measurement which has to be repaired.,Confirmed,Unplanned,Germany,NUON Epe Gasspeicher,UGS Enschede - Epe (Nuon)
2023-01-18 09:46:28,2020-05-12 12:00:00,2020-05-13 18:00:00,3.012,85.0,141.6,Exchanging electronic components,Confirmed,Unplanned,Germany,NUON Epe Gasspeicher,UGS Enschede - Epe (Nuon)
2023-01-18 09:46:08,2020-05-07 08:59:00,2020-05-07 09:00:00,3.012,85.0,141.6,"Exchanging electronic components have to be postponed
--&amp;gt; Plant available",Confirmed,Unplanned,Germany,NUON Epe Gasspeicher,UGS Enschede - Epe (Nuon)
2023-01-18 09:45:45,2020-05-06 09:00:00,2020-05-06 11:00:00,3.012,85.0,141.6,Exchanging electronic components,Confirmed,Unplanned,Germany,NUON Epe Gasspeicher,UGS Enschede - Epe (Nuon)
2023-01-18 09:45:29,2020-05-05 09:00:00,2020-05-05 18:00:00,3.012,85.0,141.6,Exchanging electronic components,Confirmed,Unplanned,Germany,NUON Epe Gasspeicher,UGS Enschede - Epe (Nuon)
2023-01-18 09:45:03,2020-02-17 06:00:00,2020-02-28 13:00:00,0.0,35.4,0.0,"One Turbo Compressor unavailable due to technical checks and improvements.
",Confirmed,Planned,Germany,NUON Epe Gasspeicher,UGS Enschede - Epe (Nuon)
2023-01-18 09:44:44,2019-12-05 06:00:00,2019-12-13 15:00:00,0.0,35.4,0.0,"A mechanical issue have to be analyzed which result in unavailability of Turbo compressor
This message was by accident created twice.",Confirmed,Unplanned,Germany,NUON Epe Gasspeicher,UGS Enschede - Epe (Nuon)
2023-01-18 09:44:19,2019-12-05 06:00:00,2019-12-13 15:00:00,0.0,35.4,0.0,Mechanical issue to Analyse which result inavailability of Turbo Compressor,Confirmed,Unplanned,Germany,NUON Epe Gasspeicher,UGS Enschede - Epe (Nuon)
2023-01-18 09:43:03,2019-03-02 16:00:00,2019-03-04 09:00:00,0.0,0.0,47.2,"Preventive unit shutdown for safety reasons.
Solved on March 04",Confirmed,Unplanned,Germany,NUON Epe Gasspeicher,UGS Enschede - Epe (Nuon)
2023-01-18 09:41:30,2019-07-29 10:00:00,2019-08-01 15:00:00,0.0,6.5,0.0,Compressor is depressurize due to a gas leakage and repaired.,Confirmed,Unplanned,Germany,NUON Epe Gasspeicher,UGS Enschede - Epe (Nuon)
2023-01-18 09:41:10,2019-03-02 16:00:00,2019-03-04 09:00:00,0.0,0.0,47.2,"Preventive unit shutdown for safety reasons.
Solved on March 04",Confirmed,Unplanned,Germany,NUON Epe Gasspeicher,UGS Enschede - Epe (Nuon)
2023-01-18 09:40:41,2019-09-25 07:00:00,2019-09-27 18:00:00,0.0,70.8,0.0,Turbo compressors: Improvement Electrical Connection,Confirmed,Unplanned,Germany,NUON Epe Gasspeicher,UGS Enschede - Epe (Nuon)
2023-01-18 09:30:44,2018-10-15 04:50:00,2018-10-18 13:30:00,0.0,7.1,0.0,"The first Piston compressor stopped working proper and is shutdown.

Compressor is completely available.",Confirmed,Unplanned,Germany,NUON Epe Gasspeicher,UGS Enschede - Epe (Nuon)
2023-01-18 09:30:21,2018-10-13 21:10:00,2018-10-15 16:00:00,0.0,7.1,0.0,"Advised shutdown of one Piston Compressor due to advise of machine Monitoring System. 

Repear is done and compressor is avalable on Monday October 15th at 16:00. ",Confirmed,Unplanned,Germany,NUON Epe Gasspeicher,UGS Enschede - Epe (Nuon)
2023-01-18 09:29:33,2018-03-13 13:00:00,2018-03-16 13:00:00,0.0,35.4,0.0,"One Turbo Compressor in Maintenance.
",Confirmed,Unplanned,Germany,NUON Epe Gasspeicher,UGS Enschede - Epe (Nuon)
2023-01-18 09:28:56,2017-10-25 18:00:00,2017-10-26 23:00:00,0.0,7.1,0.0,Safety Check on one compressor,Confirmed,Unplanned,Germany,NUON Epe Gasspeicher,UGS Enschede - Epe (Nuon)
2023-01-18 09:27:53,2017-09-15 15:00:00,2017-09-23 00:00:00,0.0,35.4,0.0,Unforseen technical maintenance on one compressor,Confirmed,Unplanned,Germany,NUON Epe Gasspeicher,UGS Enschede - Epe (Nuon)
2023-01-18 09:26:26,2017-06-24 00:00:00,2017-06-28 16:00:00,0.0,0.0,141.6,Maintenance of withdrawal lines,Confirmed,Planned,Germany,NUON Epe Gasspeicher,UGS Enschede - Epe (Nuon)
2023-01-18 09:21:04,2017-06-19 00:00:00,2017-06-27 15:00:00,2.092,85.0,141.6,Maintenance work in our gas plant,Confirmed,Planned,Germany,NUON Epe Gasspeicher,UGS Enschede - Epe (Nuon)
2023-01-18 09:20:41,2017-02-06 07:00:00,2017-02-10 17:00:00,0.0,70.8,0.0,Cutting and welding activities on piping ,Confirmed,Planned,Germany,NUON Epe Gasspeicher,UGS Enschede - Epe (Nuon)
2023-01-18 09:18:57,2016-06-02 06:00:00,2016-06-14 06:00:00,0.0,0.0,0.0,"Planned revision because of the calibration of our measuring streets.to the German grid. Withdrawal to the German grid is not available.

The Connection to the Dutch Grid is still fully available for injection and withdrawal.",Confirmed,Planned,Germany,NUON Epe Gasspeicher,UGS Enschede - Epe (Nuon)
2023-01-18 09:17:16,2016-09-29 18:10:00,2016-10-06 18:10:00,0.0,14.2,0.0,"After our Revision the two Piston compressors had a leackage.
This leackage will be repaired in week 40.",Confirmed,Unplanned,Germany,NUON Epe Gasspeicher,UGS Enschede - Epe (Nuon)
2023-01-18 09:15:56,2016-08-14 00:00:00,2016-09-28 17:00:00,0.0,0.0,0.0,The Nuon Epe Gasspeicher Revision has finished earlier.,Confirmed,Planned,Germany,NUON Epe Gasspeicher,UGS Enschede - Epe (Nuon)
2023-01-17 14:34:08,2023-01-17 07:00:00,2023-01-17 14:30:00,0.0,28.0,0.0,Maintenance work. Possible restriction: Reduction of injection rate by up to 100% ,Estimate,Planned,Germany,Uniper Energy Storage,UGS Breitbrunn
2023-01-16 09:19:06,2023-01-16 09:00:00,2023-01-16 13:00:00,0.0,0.0,112.8,Malfunction of a gas drying plant,Confirmed,Unplanned,Germany,VNG Gasspeicher GmbH (6),"VGS Storage Hub (Bernburg, Bad Lauchstädt, Katharina)"
2023-01-14 08:00:00,2023-01-14 07:00:00,2023-01-14 08:00:00,0.621,0.0,1.2,Maintenance of S82,Confirmed,Planned,Germany,Eneco Gasspeicher,UGS Enschede - Epe (Eneco)
2023-01-13 10:00:00,2023-01-13 09:00:00,2023-01-13 10:00:00,0.621,0.0,2.0,Maintenance of S82,Confirmed,Planned,Germany,Eneco Gasspeicher,UGS Enschede - Epe (Eneco)
2023-01-13 09:00:10,2023-01-12 08:00:00,2023-01-12 17:00:00,0.0,31.5,108.0,"Test of safety equipment. Possible restriction: Entire storage facility n/a, but not affecting the delivery of the SCB-Product of THE",Estimate,Planned,Germany,Uniper Energy Storage,UGS Epe Uniper L-Gas
2023-01-13 08:59:59,2023-01-12 08:00:00,2023-01-12 17:00:00,0.0,123.1,174.4,Test of safety equipment. Possible restriction: Entire storage facility n/a,Estimate,Planned,Germany,Uniper Energy Storage,UGS Epe Uniper H-Gas
2023-01-10 17:24:36,2023-01-10 17:23:03,2023-01-10 17:24:36,0.0,0.0,0.1,Maintenance of RS2,Confirmed,Unplanned,Germany,Eneco Gasspeicher,UGS Enschede - Epe (Eneco)
2023-01-09 08:28:10,2023-01-09 08:27:47,2023-01-09 08:28:10,0.0,0.0,0.0,Maintenance of Compressor2,Confirmed,Unplanned,Germany,Eneco Gasspeicher,UGS Enschede - Epe (Eneco)
2023-01-02 11:00:00,2023-01-02 10:00:00,2023-01-02 11:00:00,0.621,0.0,1.2,Maintenance of S82,Confirmed,Planned,Germany,Eneco Gasspeicher,UGS Enschede - Epe (Eneco)
2022-12-27 17:10:55,2023-01-09 06:00:00,2023-01-12 18:00:00,0.0,344.8,0.0,The limitation of injection rate amounts to 100%.,Estimate,Planned,Germany,SEFE Storage (Germany),UGS Rehden
2022-12-27 15:13:20,2022-12-23 00:00:00,2022-12-23 01:00:00,0.0,123.0,174.0,Test of safety equipment. Possible restriction: Entire storage facility n/a,Estimate,Planned,Germany,Uniper Energy Storage,UGS Epe Uniper H-Gas
2022-12-27 14:57:47,2022-12-23 00:00:00,2022-12-23 01:00:00,0.0,32.0,108.0,"Test of safety equipment. Possible restriction: Entire storage facility n/a, but not affecting the delivery oft he SCB-Product of THE",Estimate,Planned,Germany,Uniper Energy Storage,UGS Epe Uniper L-Gas
2022-12-23 23:01:36,2022-08-01 08:00:00,2022-12-23 16:00:00,0.0,0.0,0.0,Maintenance field piping. Possible restriction: Reduction of withdrawal rate by up to 20%,Estimate,Planned,Germany,Uniper Energy Storage,UGS Epe Uniper H-Gas
2022-12-22 10:30:51,2023-04-25 06:00:00,2023-04-27 06:00:00,0.0,28.7,46.2,"Modification of control system
Restriction: 100% reduction of withdrawal and injection rate.",Confirmed,Planned,Germany,VNG Gasspeicher GmbH (6),UGS Etzel ESE (VGS)
2022-12-22 10:30:51,2023-10-02 06:00:00,2023-10-14 18:00:00,0.0,28.7,46.2,"Test of safety equipment
Restriction: 100% reduction of withdrawal and injection rate.",Confirmed,Planned,Germany,VNG Gasspeicher GmbH (6),UGS Etzel ESE (VGS)
2022-12-22 09:15:00,2023-10-02 06:00:00,2023-10-14 18:00:00,1.442,54.2,46.0,"Test of safety equipment.
Entire storage facility n/a.",Estimate,Planned,Germany,MET Speicher,UGS Etzel ESE (MET)
2022-12-22 09:08:02,2023-09-20 08:00:00,2023-09-20 18:00:00,0.0,6.1,10.1,"Maintenance BEP Pipeline.
Connection to GTS system n/a.",Estimate,Planned,Germany,MET Speicher,UGS Etzel ESE (MET)
2022-12-22 08:56:37,2023-04-25 06:00:00,2023-04-27 06:00:00,1.442,54.2,46.0,"Modification of control system .
Entire storage facility un-available.",Estimate,Planned,Germany,MET Speicher,UGS Etzel ESE (MET)
2022-12-21 17:04:04,2022-12-21 17:00:00,2022-12-21 17:04:04,0.0,0.1,0.0,Maintenance of Compressor2,Confirmed,Unplanned,Germany,Eneco Gasspeicher,UGS Enschede - Epe (Eneco)
2022-12-21 17:00:00,2022-12-21 16:09:27,2022-12-21 17:00:00,0.0,0.8,0.0,Maintenance of Compressor2,Confirmed,Unplanned,Germany,Eneco Gasspeicher,UGS Enschede - Epe (Eneco)
2022-12-21 13:52:46,2022-12-22 06:00:00,2023-01-20 15:00:00,0.0,54.1,0.0,"Possible restriction:
33% reduction of injection rate. Depending on all nominations, each customer has at least 67% of his firm capacity according to the characteristic curve.
",Confirmed,Planned,Germany,VNG Gasspeicher GmbH (6),"VGS Storage Hub (Bernburg, Bad Lauchstädt, Katharina)"
2022-12-16 13:41:15,2022-12-15 06:00:00,2022-12-16 13:40:00,0.0,122.0,217.0,Metering re-installation. Capacity restriction only affects German connection point.,Confirmed,Planned,Germany,EKB,UGS Etzel EKB
2022-12-16 13:03:15,2022-10-10 08:00:00,2022-12-16 13:00:00,0.0,140.0,0.0,Maintenance of compressor unit. Possible restriction: Reduction of injection rate by up to 33%,Estimate,Planned,Germany,Uniper Energy Storage,UGS Etzel ESE (Uniper Energy Storage)
2022-12-15 18:57:50,2022-12-13 22:00:00,2022-12-15 16:00:00,0.0,0.0,207.8,Gas leackage ADGS. Possible restriction: reduction of withdrawal rate up to 100%,Estimate,Unplanned,Germany,Equinor Storage Deutschland,UGS Etzel EGL (Equinor Storage Deutschland)
2022-12-15 18:15:04,2022-12-13 22:00:00,2022-12-15 16:00:00,0.0,0.0,207.9,Gas leackage ADGS. Possible restriction: Reduction of withdrawal rate up to 100%,Estimate,Unplanned,Germany,Uniper Energy Storage,UGS Etzel Erdgas Lager EGL
2022-12-15 13:00:00,2022-12-15 12:00:00,2022-12-15 13:00:00,0.621,0.0,1.2,Maintenance of S82,Confirmed,Planned,Germany,Eneco Gasspeicher,UGS Enschede - Epe (Eneco)
2022-12-14 23:55:59,2022-12-14 23:49:16,2022-12-14 23:55:59,0.0,0.1,0.0,Maintenance of Compressor1,Confirmed,Unplanned,Germany,Eneco Gasspeicher,UGS Enschede - Epe (Eneco)
2022-12-14 23:29:19,2022-12-14 23:29:19,2022-12-15 00:00:00,0.0,0.5,0.0,Maintenance of Compressor1,Estimate,Unplanned,Germany,Eneco Gasspeicher,UGS Enschede - Epe (Eneco)
2022-12-12 14:43:04,2022-12-12 14:43:04,2022-12-12 15:00:00,0.0,0.3,0.0,Maintenance of Compressor1,Estimate,Unplanned,Germany,Eneco Gasspeicher,UGS Enschede - Epe (Eneco)
2022-12-12 11:41:51,2022-12-13 06:00:00,2022-12-13 06:01:00,0.0,122.0,217.0,Cancellation - Metering re-installation. Capacity restriction only affects GTS-connection point.,Confirmed,Planned,Germany,EKB,UGS Etzel EKB
2022-12-08 16:55:19,2023-05-08 06:00:00,2023-05-13 06:00:00,0.911,7.1,35.3,safety test / maintenance work Nüttermoor,Estimate,Planned,Germany,EWE Gasspeicher,UGS EWE-Zone L
2022-12-05 15:38:38,2022-12-06 06:00:00,2022-12-08 16:00:00,0.0,0.0,49.5,Maintenance of heating system.,Estimate,Planned,Germany,MET Speicher,UGS Reckrod
2022-12-04 15:37:31,2022-12-04 15:37:09,2022-12-04 15:37:31,0.0,0.0,0.0,Maintenance of RS2,Confirmed,Unplanned,Germany,Eneco Gasspeicher,UGS Enschede - Epe (Eneco)
2022-12-04 13:38:15,2022-12-04 13:37:38,2022-12-04 13:38:15,0.0,0.0,0.0,Maintenance of RS2,Confirmed,Unplanned,Germany,Eneco Gasspeicher,UGS Enschede - Epe (Eneco)
2022-12-04 10:15:02,2022-12-04 10:15:02,2022-12-04 11:00:00,0.0,0.0,1.5,Maintenance of RS2,Estimate,Unplanned,Germany,Eneco Gasspeicher,UGS Enschede - Epe (Eneco)
2022-12-04 09:43:40,2022-12-04 09:41:43,2022-12-04 09:43:40,0.0,0.0,0.0,Maintenance of Compressor2,Confirmed,Unplanned,Germany,Eneco Gasspeicher,UGS Enschede - Epe (Eneco)
2022-12-02 07:59:26,2022-12-01 08:00:00,2022-12-01 13:00:00,0.0,30.0,0.0,Maintenance of compressor unit. Possible restriction: Reduction of injection rate by up to 11%,Estimate,Planned,Germany,Uniper Energy Storage,UGS Bierwang
2022-12-01 20:03:13,2022-12-01 20:00:00,2022-12-01 20:03:13,0.0,0.0,0.1,Maintenance of RS2,Confirmed,Unplanned,Germany,Eneco Gasspeicher,UGS Enschede - Epe (Eneco)
2022-12-01 20:00:00,2022-12-01 19:36:14,2022-12-01 20:00:00,0.0,0.0,0.8,Maintenance of RS2,Confirmed,Unplanned,Germany,Eneco Gasspeicher,UGS Enschede - Epe (Eneco)
2022-12-01 19:12:55,2022-12-01 19:00:00,2022-12-01 19:12:55,0.0,0.0,0.4,Maintenance of RS2,Confirmed,Unplanned,Germany,Eneco Gasspeicher,UGS Enschede - Epe (Eneco)
2022-12-01 19:00:00,2022-12-01 18:44:00,2022-12-01 19:00:00,0.0,0.0,0.5,Maintenance of RS2,Confirmed,Unplanned,Germany,Eneco Gasspeicher,UGS Enschede - Epe (Eneco)
2022-12-01 18:16:42,2022-12-01 18:15:21,2022-12-01 18:16:42,0.0,0.0,0.0,Maintenance of RS2,Confirmed,Unplanned,Germany,Eneco Gasspeicher,UGS Enschede - Epe (Eneco)
2022-12-01 18:09:06,2022-12-01 18:08:10,2022-12-01 18:09:06,0.0,0.0,0.0,Maintenance of RS2,Confirmed,Unplanned,Germany,Eneco Gasspeicher,UGS Enschede - Epe (Eneco)
2022-12-01 11:48:38,2023-02-10 08:00:00,2023-03-17 08:00:00,0.0,0.0,0.0,"Maintenance of cavern.
Possible restriction: Reduction of workinggas capacity by up to 5% that cannot be injected in the period. Reduction of withdrawal rate by up to 5,5% in case that the storage level falls below 25%.",Confirmed,Planned,Germany,VNG Gasspeicher GmbH (6),UGS Etzel ESE (VGS)
2022-12-01 11:48:38,2023-03-17 08:00:00,2023-04-04 16:00:00,0.141,0.0,3.0,"Maintenance of cavern.
Possible restriction: Reduction of workinggas capacity by up to 7,4% that cannot be injected in the period. Reduction of withdrawal rate by up to 10% in case that the storage level falls below 25%.
",Confirmed,Planned,Germany,VNG Gasspeicher GmbH (6),UGS Etzel ESE (VGS)
2022-12-01 11:48:38,2023-04-04 16:00:00,2023-05-09 16:00:00,0.066,0.0,1.3,"Maintenance of cavern.
Possible restriction: Reduction of workinggas capacity by up to 3,5% that cannot be injected in the period. Reduction of withdrawal rate by up to 4,5% in case that the storage level falls below 25%.
",Confirmed,Planned,Germany,VNG Gasspeicher GmbH (6),UGS Etzel ESE (VGS)
2022-12-01 08:35:49,2022-11-21 04:00:00,2022-11-21 10:00:00,0.0,67.0,87.0,Test of safety equipment . Possible restriction: Entire storage facility n/a,Estimate,Planned,Germany,Uniper Energy Storage,UGS Bierwang
2022-12-01 08:35:10,2022-11-30 07:00:00,2022-11-30 16:00:00,0.0,236.0,0.0,Maintenance of compressor units. Possible restriction: Reduction of injection rate by up to 88%,Estimate,Planned,Germany,Uniper Energy Storage,UGS Bierwang
2022-11-30 11:54:38,2023-10-10 06:00:00,2023-10-10 08:00:00,0.0,43.0,59.4,New flange instalation,Estimate,Planned,Germany,NAFTA Speicher Inzenham,UGS Inzenham-West
2022-11-30 11:50:34,2023-10-11 08:00:00,2023-10-11 16:00:00,0.0,43.0,59.4,Planned miantenance 2023/10/11 termin 2,Confirmed,Planned,Germany,NAFTA Speicher Inzenham,UGS Inzenham-West
2022-11-30 11:48:58,2023-10-10 08:00:00,2023-10-10 16:00:00,0.0,43.0,59.4,Planned miantenance 2023/10/10 termin 2,Confirmed,Planned,Germany,NAFTA Speicher Inzenham,UGS Inzenham-West
2022-11-30 11:47:05,2023-04-19 08:00:00,2023-04-19 16:00:00,0.0,43.0,59.4,Planned miantenance 2023/4/19 termin 1,Confirmed,Planned,Germany,NAFTA Speicher Inzenham,UGS Inzenham-West
2022-11-30 11:45:24,2023-04-18 08:00:00,2023-04-18 16:00:00,0.0,43.0,59.4,Planned miantenance 2023/4/18 termin 1,Confirmed,Planned,Germany,NAFTA Speicher Inzenham,UGS Inzenham-West
2022-11-30 08:10:17,2022-11-29 12:00:00,2022-11-29 16:00:00,0.0,12.6,0.0,Maintenancce of compressor. Possible restriction: Reduction of injection rate by up to 50%,Estimate,Planned,Germany,Uniper Energy Storage,UGS Breitbrunn
2022-11-30 08:09:59,2022-11-29 07:00:00,2022-11-29 12:00:00,0.0,12.6,0.0,Maintenancce of compressor. Possible restriction: Reduction of injection rate by up to 50%,Estimate,Planned,Germany,Uniper Energy Storage,UGS Breitbrunn
2022-11-29 18:06:02,2022-11-29 18:02:47,2022-11-29 18:06:02,0.0,0.0,0.1,Maintenance of RS2,Confirmed,Unplanned,Germany,Eneco Gasspeicher,UGS Enschede - Epe (Eneco)
2022-11-29 14:37:33,2022-11-02 08:00:00,2022-11-29 16:00:00,0.0,131.0,0.0,Maintenance of compressor unit. Possible restriction: Reduction of injection rate by up to 40%,Estimate,Planned,Germany,Uniper Energy Storage,UGS Epe Uniper H-Gas
2022-11-28 13:00:00,2022-11-28 10:00:00,2022-11-28 13:00:00,0.814,0.0,5.2,Maintenance of S81,Confirmed,Planned,Germany,Eneco Gasspeicher,UGS Enschede - Epe (Eneco)
2022-11-28 09:47:15,2023-04-03 08:00:00,2023-04-03 16:00:00,0.0,0.0,26.9,Maintenance,Confirmed,Planned,Germany,Erdgasspeicher Peissen,UGS Katharina (historical data prior to 01/04/2026)
2022-11-28 09:47:15,2023-03-31 08:00:00,2023-03-31 16:00:00,0.0,44.9,89.6,Maintenance,Confirmed,Planned,Germany,Erdgasspeicher Peissen,UGS Katharina (historical data prior to 01/04/2026)
2022-11-28 09:47:15,2023-10-16 06:00:00,2023-10-24 06:00:00,0.0,0.0,89.6,Maintenance,Confirmed,Planned,Germany,Erdgasspeicher Peissen,UGS Katharina (historical data prior to 01/04/2026)
2022-11-28 09:47:15,2023-10-09 06:00:00,2023-10-16 06:00:00,0.0,134.6,269.2,Maintenance,Estimate,Planned,Germany,Erdgasspeicher Peissen,UGS Katharina (historical data prior to 01/04/2026)
2022-11-28 09:47:15,2023-04-03 06:00:00,2023-08-12 06:00:00,0.0,0.0,89.6,Maintenance,Confirmed,Planned,Germany,Erdgasspeicher Peissen,UGS Katharina (historical data prior to 01/04/2026)
2022-11-27 11:11:48,2022-11-28 06:00:00,2022-11-30 06:00:00,0.0,0.0,49.5,Maintenance of heating facility,Estimate,Planned,Germany,MET Speicher,UGS Reckrod
2022-11-25 23:18:48,2022-11-25 23:11:26,2022-11-25 23:18:48,0.0,0.0,0.2,Maintenance of RS2,Confirmed,Unplanned,Germany,Eneco Gasspeicher,UGS Enschede - Epe (Eneco)
2022-11-25 07:28:37,2022-11-22 08:45:00,2022-11-23 16:00:00,0.0,42.0,0.0,"Technical defect compressor . Possible restriction: Reduction of injection rate by up to 50%, but not affecting the delivery oft he SCB-Product of Netconnect Germany",Estimate,Unplanned,Germany,Uniper Energy Storage,UGS Epe Uniper L-Gas
2022-11-24 08:36:34,2022-11-22 10:00:00,2022-11-22 12:00:00,0.0,5.6,11.6,Maintenance of C02 extinguishing system. Possible restriction: Entire storage facility n/a ,Estimate,Planned,Germany,Uniper Energy Storage,UGS Breitbrunn
2022-11-21 09:04:31,2022-11-16 07:00:00,2022-11-16 16:00:00,0.0,12.6,0.0,Maintenancce of compressor. Possible restriction: Reduction of injection rate of up to 50%,Estimate,Planned,Germany,Uniper Energy Storage,UGS Breitbrunn
2022-11-21 09:04:07,2022-11-15 07:00:00,2022-11-15 16:00:00,0.0,12.6,0.0,Maintenance of compressor unit. Possible restriction: Reduction of injection rate by up to 50%,Estimate,Planned,Germany,Uniper Energy Storage,UGS Breitbrunn
2022-11-20 20:12:50,2022-11-20 20:07:51,2022-11-20 20:12:50,0.0,0.0,0.2,Maintenance of RS2,Confirmed,Unplanned,Germany,Eneco Gasspeicher,UGS Enschede - Epe (Eneco)
2022-11-20 13:27:10,2022-11-20 13:00:00,2022-11-20 13:27:10,0.0,0.0,0.7,Maintenance of RS2,Confirmed,Unplanned,Germany,Eneco Gasspeicher,UGS Enschede - Epe (Eneco)
2022-11-20 13:00:00,2022-11-20 12:26:53,2022-11-20 13:00:00,0.0,0.0,1.1,Maintenance of RS2,Confirmed,Unplanned,Germany,Eneco Gasspeicher,UGS Enschede - Epe (Eneco)
2022-11-20 12:16:17,2022-11-20 12:12:37,2022-11-20 12:16:17,0.0,0.0,0.1,Maintenance of RS2,Confirmed,Unplanned,Germany,Eneco Gasspeicher,UGS Enschede - Epe (Eneco)
2022-11-19 21:42:12,2022-11-19 21:38:26,2022-11-19 21:42:12,0.0,0.0,0.1,Maintenance of RS2,Confirmed,Unplanned,Germany,Eneco Gasspeicher,UGS Enschede - Epe (Eneco)
2022-11-19 21:20:53,2022-11-19 21:17:45,2022-11-19 21:20:53,0.0,0.0,0.1,Maintenance of RS2,Confirmed,Unplanned,Germany,Eneco Gasspeicher,UGS Enschede - Epe (Eneco)
2022-11-16 17:46:47,2023-04-04 16:00:00,2023-05-09 16:00:00,0.015,0.0,0.1,"Maintenance of cavern

Possible restriction: Reduction of workinggas capacity by up to 1%, 
Reduction of withdrawal rate by up to 4%",Estimate,Planned,Germany,MET Speicher,UGS Etzel ESE (MET)
2022-11-16 17:46:07,2023-03-17 08:00:00,2023-04-04 16:00:00,0.032,0.0,0.2,"Maintenance of cavern
Possible restriction: Reduction of workinggas capacity by up to 2%, 
Reduction of withdrawal rate by up to 8%",Estimate,Planned,Germany,MET Speicher,UGS Etzel ESE (MET)
2022-11-16 17:45:25,2023-02-10 08:00:00,2023-03-17 08:00:00,0.017,0.0,0.1,"Maintenance of cavern.
Possible restriction: Reduction of workinggas capacity by up to 1%, 
Reduction of withdrawal rate by up to 4%",Estimate,Planned,Germany,MET Speicher,UGS Etzel ESE (MET)
2022-11-16 10:00:00,2022-11-16 09:00:00,2022-11-16 10:00:00,0.621,0.0,1.2,Maintenance of S82,Confirmed,Planned,Germany,Eneco Gasspeicher,UGS Enschede - Epe (Eneco)
2022-11-14 19:02:41,2022-11-14 19:00:00,2022-11-14 19:02:41,0.0,0.0,0.1,Maintenance of RS2,Confirmed,Unplanned,Germany,Eneco Gasspeicher,UGS Enschede - Epe (Eneco)
2022-11-14 19:00:00,2022-11-14 18:50:53,2022-11-14 19:00:00,0.0,0.0,0.3,Maintenance of RS2,Confirmed,Unplanned,Germany,Eneco Gasspeicher,UGS Enschede - Epe (Eneco)
2022-11-14 18:06:43,2022-11-14 18:06:05,2022-11-14 18:06:43,0.0,0.0,0.0,Maintenance of RS2,Confirmed,Unplanned,Germany,Eneco Gasspeicher,UGS Enschede - Epe (Eneco)
2022-11-14 18:02:34,2022-11-14 18:02:34,2022-11-14 19:00:00,0.0,0.0,1.9,Maintenance of RS2,Estimate,Unplanned,Germany,Eneco Gasspeicher,UGS Enschede - Epe (Eneco)
2022-11-11 17:22:30,2023-09-20 08:00:00,2023-09-20 18:00:00,0.0,0.0,0.0,"Maintenance BEP Pipeline

Connection to GTS System n/a",Estimate,Planned,Germany,MET Speicher,UGS Etzel ESE (MET)
2022-11-10 23:04:39,2022-11-10 07:00:00,2022-11-10 16:00:00,0.0,268.8,349.4,Test of safety equipment. Possible restriction: Entire storage facility n/a,Estimate,Planned,Germany,Uniper Energy Storage,UGS Bierwang
2022-11-10 07:59:24,2022-11-09 07:00:00,2022-11-09 16:00:00,0.0,84.0,288.0,"Test of safety equipment. Possible restriction: Entire storage facility n/a, but not affecting the delivery oft he SCB-Product of THE",Estimate,Planned,Germany,Uniper Energy Storage,UGS Epe Uniper L-Gas
2022-11-10 07:59:15,2022-11-09 07:00:00,2022-11-09 16:00:00,0.0,328.0,465.0,Test of safety equipment. Possible restriction: Entire storage facility n/a,Estimate,Planned,Germany,Uniper Energy Storage,UGS Epe Uniper H-Gas
2022-11-10 07:59:04,2022-11-09 07:00:00,2022-11-09 16:00:00,0.0,268.8,349.4,Test of safety equipment. Possible restriction: Entire storage facility n/a,Estimate,Planned,Germany,Uniper Energy Storage,UGS Bierwang
2022-11-08 09:41:01,2022-10-19 09:30:00,2022-11-07 15:00:00,0.0,0.0,86.4,Defect Preheater. Possible restriction: Reduction of withdrawal rate by up to 30%,Estimate,Unplanned,Germany,Uniper Energy Storage,UGS Epe Uniper L-Gas
2022-11-07 12:58:58,2022-10-10 07:00:00,2022-11-07 13:00:00,0.0,0.0,43.0,Maintenance of caverns. Possible restriction: Reduction of withdrawal rate by up to 15%,Estimate,Planned,Germany,Uniper Energy Storage,UGS Epe Uniper L-Gas
2022-11-04 16:00:00,2022-11-03 09:00:00,2022-11-04 16:00:00,0.814,0.0,61.2,Maintenance of S81,Confirmed,Planned,Germany,Eneco Gasspeicher,UGS Enschede - Epe (Eneco)
2022-11-04 15:03:29,2022-09-14 10:00:00,2022-11-04 15:00:00,0.0,0.0,115.0,Maintenance field piping. Possible restriction: Reduction of withdrawal rate by up to 33%,Estimate,Planned,Germany,Uniper Energy Storage,UGS Bierwang
2022-11-04 12:38:22,2022-11-03 06:00:00,2022-11-04 13:00:00,0.0,122.0,217.0,Metering re-installation. Capacity restriction only affects GTS-connection point.,Confirmed,Planned,Germany,EKB,UGS Etzel EKB
2022-11-04 09:20:47,2022-11-02 07:00:00,2022-11-04 09:00:00,0.0,0.0,0.0,Maintenance was cancelled. None,Estimate,Planned,Germany,Uniper Energy Storage,UGS Epe Uniper H-Gas
2022-11-03 19:16:59,2022-10-18 06:00:00,2022-11-04 06:00:00,1.461,24.7,49.5,"Annual storage facility maintenance. Possible restrictions: No operations possible (no injection, no withdrawal).",Confirmed,Planned,Germany,MET Speicher,UGS Reckrod
2022-11-03 07:55:37,2022-10-30 13:00:00,2022-11-02 16:00:00,0.0,33.6,0.0,ME2 n.a. - defective controller. Possible restriction: Reduction of injection rate by up to 50%,Estimate,Unplanned,Germany,Uniper Energy Storage,UGS Breitbrunn
2022-11-02 16:18:33,2022-11-01 06:00:00,2022-11-02 18:00:00,0.0,122.0,217.0,Metering re-installation. Capacity restriction only affects German connection point.,Confirmed,Planned,Germany,EKB,UGS Etzel EKB
2022-11-02 15:00:00,2022-11-02 14:00:00,2022-11-02 15:00:00,0.621,0.0,1.2,Maintenance of S82,Confirmed,Planned,Germany,Eneco Gasspeicher,UGS Enschede - Epe (Eneco)
2022-10-31 08:21:31,2022-10-24 07:00:00,2022-10-28 16:00:00,0.0,0.0,0.0,Maintenance was cancelled. None,Estimate,Planned,Germany,Uniper Energy Storage,UGS Bierwang
2022-10-30 14:47:09,2022-10-30 13:00:00,2022-10-31 16:00:00,0.0,22.0,0.0,ME2 n.a. - defective controller ,Estimate,Unplanned,Germany,Uniper Energy Storage,UGS Breitbrunn
2022-10-28 14:05:40,2022-10-22 06:00:00,2022-10-28 14:00:00,2.156,82.2,164.4,Maintenance,Confirmed,Planned,Germany,Trianel Gasspeicher Epe,UGS Epe Trianel
2022-10-28 11:18:38,2022-10-27 10:30:00,2022-10-28 11:00:00,0.0,0.0,349.0,Defect gas chromatograph. Possible Restriction: Reduction of withdrawal rate by up to 100%,Estimate,Unplanned,Germany,Uniper Energy Storage,UGS Bierwang
2022-10-27 09:49:34,2022-10-27 09:49:15,2022-10-27 09:49:34,0.0,0.0,0.0,Maintenance of Compressor2,Confirmed,Unplanned,Germany,Eneco Gasspeicher,UGS Enschede - Epe (Eneco)
2022-10-25 16:34:15,2022-10-24 07:00:00,2022-10-25 16:00:00,0.0,197.0,0.0,Maintenance of compressor unit. Possible restriction: Reduction of injection rate by up to 60%,Estimate,Planned,Germany,Uniper Energy Storage,UGS Epe Uniper H-Gas
2022-10-23 17:10:48,2022-10-23 17:01:56,2022-10-23 17:10:48,0.0,0.0,0.3,Maintenance of RS2,Confirmed,Unplanned,Germany,Eneco Gasspeicher,UGS Enschede - Epe (Eneco)
2022-10-21 07:59:56,2022-10-20 08:00:00,2022-10-20 17:00:00,0.0,32.0,108.0,"Test of safety equipment. Possible restriction: Entire storage facility n/a, but not affecting the delivery oft he SCB-Product of THE",Estimate,Planned,Germany,Uniper Energy Storage,UGS Epe Uniper L-Gas
2022-10-21 07:59:47,2022-10-20 08:00:00,2022-10-20 17:00:00,0.0,123.0,174.0,Test of safety equipment. Possible restriction: Entire storage facility n/a,Estimate,Planned,Germany,Uniper Energy Storage,UGS Epe Uniper H-Gas
2022-10-20 14:03:28,2022-10-20 14:02:03,2022-10-20 14:03:28,0.0,0.0,0.0,Maintenance of RS1,Confirmed,Unplanned,Germany,Eneco Gasspeicher,UGS Enschede - Epe (Eneco)
2022-10-20 08:04:21,2022-10-19 10:00:00,2022-10-19 12:00:00,0.0,0.0,29.1,Maintenance C02 extinguishing system. Possible restriction: Reduction of withdrawal rate by up to 100%,Estimate,Planned,Germany,Uniper Energy Storage,UGS Bierwang
2022-10-19 07:58:15,2022-10-18 06:00:00,2022-10-18 17:00:00,0.0,30.8,64.0,Test of safety equipment . Possible restriction: Entire storage facility n/a,Estimate,Planned,Germany,Uniper Energy Storage,UGS Breitbrunn
2022-10-18 06:45:36,2022-10-17 06:00:00,2022-10-17 17:00:00,0.0,30.8,64.0,Test of safety equipment . Possible restriction: Entire storage facility n/a,Estimate,Planned,Germany,Uniper Energy Storage,UGS Breitbrunn
2022-10-18 06:45:27,2022-09-27 06:00:00,2022-10-17 18:00:00,0.0,198.0,198.0,Maintenance of metering station. Possible restriction: 50% of GTS (Netherlands) flange n/a ,Confirmed,Planned,Germany,Uniper Energy Storage,UGS Etzel ESE (Uniper Energy Storage)
2022-10-17 11:35:23,2022-10-10 06:00:00,2022-10-15 18:00:00,0.0,67.2,139.8,Exchange of safety controller. Possible restriction: Entire storage facility n/a,Estimate,Planned,Germany,Uniper Energy Storage,UGS Breitbrunn
2022-10-15 13:06:35,2022-10-09 06:00:00,2022-10-15 06:00:00,0.0,425.6,396.7,Test of safety equipment. Possible restriction: Entire storage facility n/a,Estimate,Planned,Germany,Uniper Energy Storage,UGS Etzel ESE (Uniper Energy Storage)
2022-10-14 15:27:05,2022-10-09 04:00:00,2022-10-15 04:00:00,0.0,873.0,0.0,Maintenance of the Etzel ESE Station,Confirmed,Planned,Germany,OMV Gas Storage Germany,UGS Etzel ESE (OMV)
2022-10-12 10:21:27,2022-09-16 16:09:00,2022-09-26 00:00:00,0.0,0.0,94.4,Maintenance of withdrawal lines,Confirmed,Unplanned,Germany,NUON Epe Gasspeicher,UGS Enschede - Epe (Nuon)
2022-10-12 09:57:24,2022-09-16 13:09:00,2022-09-16 18:00:00,0.0,35.4,0.0,Outage of one Turbo compressor,Confirmed,Unplanned,Germany,NUON Epe Gasspeicher,UGS Enschede - Epe (Nuon)
2022-10-11 13:24:26,2022-10-11 07:00:00,2022-10-11 16:00:00,0.0,0.0,0.0,Maintenance was cancelt. None restriction,Estimate,Planned,Germany,Uniper Energy Storage,UGS Bierwang
2022-10-10 13:00:00,2022-10-10 12:00:00,2022-10-10 13:00:00,0.621,0.0,1.2,Maintenance of S82,Confirmed,Planned,Germany,Eneco Gasspeicher,UGS Enschede - Epe (Eneco)
2022-10-07 12:07:41,2022-10-06 06:00:00,2022-10-07 13:00:00,0.0,122.0,217.0,Metering re-installation. Capacity restriction only affects GTS-connection point.,Confirmed,Planned,Germany,EKB,UGS Etzel EKB
2022-10-06 15:13:28,2022-10-18 06:00:00,2022-10-18 18:00:00,0.0,0.0,0.0,"Due to IT-maintenance work, our Nomination-System will be not available. Messages will not be buffered or processed.",Estimate,Planned,Germany,Storengy Deutschland,UGS Schmidhausen
2022-10-06 15:13:28,2022-10-18 06:00:00,2022-10-18 18:00:00,0.0,0.0,0.0,"Due to IT-maintenance work, our Nomination-System will be not available. Messages will not be buffered or processed.",Estimate,Planned,Germany,Storengy Deutschland,UGS Lesum
2022-10-06 15:13:28,2022-10-18 06:00:00,2022-10-18 18:00:00,0.0,0.0,0.0,"Due to IT-maintenance work, our Nomination-System will be not available. Messages will not be buffered or processed.",Estimate,Planned,Germany,Storengy Deutschland,UGS Peckensen
2022-10-06 15:13:28,2022-10-18 06:00:00,2022-10-18 18:00:00,0.0,0.0,0.0,"Due to IT-maintenance work, our Nomination-System will be not available. Messages will not be buffered or processed.",Estimate,Planned,Germany,Storengy Deutschland,UGS Uelsen
2022-10-06 15:13:28,2022-10-18 06:00:00,2022-10-18 18:00:00,0.0,0.0,0.0,"Due to IT-maintenance work, our Nomination-System will be not available. Messages will not be buffered or processed.",Estimate,Planned,Germany,Storengy Deutschland,UGS Harsefeld
2022-10-06 14:44:19,2022-10-18 06:00:00,2022-10-18 18:00:00,0.0,0.0,0.0,"Due to IT-maintenance work, our Nomination-System will be not available. Messages will not be buffered or processed.",Estimate,Planned,Germany,Storengy Deutschland,UGS Fronhofen (decommissioned)
2022-10-05 15:06:57,2022-10-07 16:00:00,2022-10-12 16:00:00,0.0,110.9,0.0,"Reduction of the injection rate by up to 50% depending on all nominations and up to a storage level of 99%. If the storage level exceeds 99%, the reduction of the injection rate is up to 100%.",Confirmed,Planned,Germany,VNG Gasspeicher GmbH (6),"VGS Storage Hub (Bernburg, Bad Lauchstädt, Katharina)"
2022-10-05 14:59:51,2022-10-04 06:00:00,2022-10-05 16:00:00,0.0,122.0,217.0,Metering re-installation. Capacity restriction only affects German connection point.,Confirmed,Planned,Germany,EKB,UGS Etzel EKB
2022-10-04 16:58:48,2022-09-29 07:00:00,2022-09-29 16:00:00,0.0,30.2,0.0,Inspection of Compressor. Possible restriction: Reduction of injection rate by up to 30% ,Estimate,Planned,Germany,Uniper Energy Storage,UGS Bierwang
2022-10-04 16:58:37,2022-09-28 07:00:00,2022-09-28 16:00:00,0.0,40.3,0.0,Inspection of Compressor. Possible restriction: Reduction of injection rate by up to 40%,Estimate,Planned,Germany,Uniper Energy Storage,UGS Bierwang
2022-10-04 15:44:27,2022-10-04 15:43:25,2022-10-04 15:44:27,0.0,0.0,0.0,Maintenance of Compressor1,Confirmed,Unplanned,Germany,Eneco Gasspeicher,UGS Enschede - Epe (Eneco)
2022-10-04 08:12:44,2022-09-26 08:00:00,2022-09-30 16:00:00,0.0,0.0,0.0,Maintenance was cancelled. None,Estimate,Planned,Germany,Uniper Energy Storage,UGS Bierwang
2022-10-04 08:12:34,2022-09-26 07:00:00,2022-09-30 16:00:00,0.0,201.6,238.0,"Maintenance field piping. Possible restriction: Reduction of injection rate by up to 15%, reduction of withdrawal rate by up to 15%",Estimate,Planned,Germany,Uniper Energy Storage,UGS Bierwang
2022-09-30 08:48:45,2022-09-30 08:47:24,2022-09-30 08:48:45,0.0,0.0,0.0,Maintenance of Compressor1,Confirmed,Unplanned,Germany,Eneco Gasspeicher,UGS Enschede - Epe (Eneco)
2022-09-28 14:41:21,2022-09-02 07:00:00,2022-09-23 16:00:00,0.0,0.0,72.0,Maintenance of caverns. Possible restriction: Reduction of withdrawal rate by up to 25%,Estimate,Planned,Germany,Uniper Energy Storage,UGS Epe Uniper L-Gas
2022-09-27 08:13:37,2022-09-26 07:00:00,2022-09-26 12:00:00,0.0,192.0,0.0,Installation of pressure sensors compressor unit 6. Possible restriction: Reduction of injection rate by up to 60% ,Confirmed,Planned,Germany,Uniper Energy Storage,UGS Epe Uniper H-Gas
2022-09-26 07:39:04,2022-09-09 06:00:00,2022-09-23 18:00:00,0.0,155.7,271.7,Test of safety equipment. Entire storage facility n/a,Estimate,Planned,Germany,Uniper Energy Storage,UGS Etzel Erdgas Lager EGL
2022-09-23 16:42:03,2022-09-27 06:00:00,2022-09-28 18:00:00,0.0,0.0,0.0,Metering re-installation. Capacity restriction only affects German connection point. ,Estimate,Planned,Germany,EKB,UGS Etzel EKB
2022-09-23 16:41:38,2022-09-29 06:00:00,2022-09-30 18:00:00,0.0,0.0,0.0,Metering re-installation. Capacity restriction only affects GTS-connection point. ,Estimate,Planned,Germany,EKB,UGS Etzel EKB
2022-09-23 12:34:06,2023-09-04 06:00:00,2023-09-22 16:00:00,0.0,137.3,211.1,The limitation of injection- and withdrawal rate amount to 100%.,Confirmed,Planned,Germany,SEFE Storage (Germany),UGS Jemgum H (SEFE Storage)
2022-09-23 11:39:58,2022-10-09 06:00:00,2022-10-15 18:00:00,1.442,54.2,46.0,Maintenance of safety installations. Possible restrictions: Storage operations not possible.,Estimate,Planned,Germany,MET Speicher,UGS Etzel ESE (MET)
2022-09-23 10:03:33,2022-09-21 08:00:00,2022-09-21 18:00:00,0.0,177.0,165.0,Maintenance BEP Pipeline. Connection to GTS System n/a,Estimate,Planned,Germany,Uniper Energy Storage,UGS Etzel ESE (Uniper Energy Storage)
2022-09-22 13:41:03,2023-05-01 06:00:00,2023-05-13 15:00:00,0.0,352.6,542.4,The limitation of injection- and withdrawal rate amount to 100%.,Confirmed,Planned,Germany,SEFE Storage (Germany),UGS Rehden
2022-09-16 16:07:11,2022-08-28 12:00:00,2022-09-16 16:30:00,3.012,85.0,141.6,Revision complete plant,Confirmed,Planned,Germany,NUON Epe Gasspeicher,UGS Enschede - Epe (Nuon)
2022-09-13 13:00:00,2022-09-12 17:00:00,2022-09-13 13:00:00,0.0,19.6,0.0,Maintenance of Compressor1,Confirmed,Planned,Germany,Eneco Gasspeicher,UGS Enschede - Epe (Eneco)
2022-09-12 17:19:14,2022-07-01 06:00:00,2022-09-13 06:00:00,0.0,0.0,67.9,bolt exchange at withdrawal trains,Confirmed,Planned,Germany,EKB,UGS Etzel EKB
2022-09-12 17:00:00,2022-09-07 19:00:00,2022-09-12 17:00:00,0.0,115.8,0.0,Maintenance of Compressor1,Confirmed,Planned,Germany,Eneco Gasspeicher,UGS Enschede - Epe (Eneco)
2022-09-07 19:00:00,2022-08-30 20:00:00,2022-09-07 19:00:00,0.0,189.4,0.0,Maintenance of Compressor1,Confirmed,Planned,Germany,Eneco Gasspeicher,UGS Enschede - Epe (Eneco)
2022-09-06 09:03:42,2022-10-09 04:00:00,2022-10-15 16:00:00,0.0,0.0,,Maintenane of the Etzel ESE Station,Confirmed,Planned,Germany,OMV Gas Storage Germany,UGS Etzel ESE (OMV)
2022-09-06 09:02:19,2022-10-09 04:00:00,2022-10-15 16:00:00,0.0,873.0,0.0,Maintenance of the Etzel ESE Station,Confirmed,Planned,Germany,OMV Gas Storage Germany,UGS Etzel ESE (OMV)
2022-09-06 08:45:21,2022-08-15 07:00:00,2022-09-05 17:00:00,0.0,0.0,72.0,Maintenance of drying unit. Possible restriction: Reduction of withdrawal rate by up to 25%,Estimate,Planned,Germany,Uniper Energy Storage,UGS Epe Uniper L-Gas
2022-09-06 08:44:22,2022-08-15 07:00:00,2022-09-05 17:00:00,0.0,0.0,93.0,Maintenance of drying unit. Possible restriction: Reduction of withdrawal rate by up to 20%,Estimate,Planned,Germany,Uniper Energy Storage,UGS Epe Uniper H-Gas
2022-09-01 15:35:26,2022-09-21 08:00:00,2022-09-21 18:00:00,0.0,122.0,217.0,Maintenance Works on BEP-Pipeline. Capacity restriction only affects GTS-connection point.,Estimate,Planned,Germany,EKB,UGS Etzel EKB
2022-09-01 13:45:22,2022-06-09 06:00:00,2022-09-02 06:00:00,0.0,16.5,0.0,Compressor failure,Confirmed,Unplanned,Germany,EWE Gasspeicher,UGS EWE-Zone L
2022-08-31 14:39:27,2022-08-08 08:00:00,2022-08-26 15:00:00,0.0,0.0,93.0,Maintenance of heater. Possible restriction: Reduction of withdrawal rate by up to 20%,Estimate,Planned,Germany,Uniper Energy Storage,UGS Epe Uniper H-Gas
2022-08-31 14:39:16,2022-08-08 08:00:00,2022-08-26 15:00:00,0.0,0.0,72.0,Maintenance of heater. Possible restriction: Reduction of withdrawal rate by up to 25%,Estimate,Planned,Germany,Uniper Energy Storage,UGS Epe Uniper L-Gas
2022-08-30 19:34:37,2022-08-30 19:00:00,2022-08-30 19:34:37,0.0,0.3,0.0,Maintenance of Compressor1,Confirmed,Unplanned,Germany,Eneco Gasspeicher,UGS Enschede - Epe (Eneco)
2022-08-30 19:00:00,2022-08-30 18:21:23,2022-08-30 19:00:00,0.0,0.6,0.0,Maintenance of Compressor1,Confirmed,Unplanned,Germany,Eneco Gasspeicher,UGS Enschede - Epe (Eneco)
2022-08-30 18:00:00,2022-08-29 06:00:00,2022-08-30 18:00:00,0.0,35.8,0.0,Maintenance of Compressor2,Confirmed,Planned,Germany,Eneco Gasspeicher,UGS Enschede - Epe (Eneco)
2022-08-26 12:50:27,2023-11-06 06:00:00,2023-11-20 06:00:00,0.0,81.0,107.6,During this time neither injection nor withdrawal is possible.,Confirmed,Planned,Germany,Storengy Deutschland,UGS Uelsen
2022-08-26 12:50:27,2023-11-20 06:00:00,2024-01-01 06:00:00,0.0,40.5,0.0,During this time the injection rate is decreased by 50%.,Confirmed,Planned,Germany,Storengy Deutschland,UGS Uelsen
2022-08-26 12:50:27,2023-01-01 06:00:00,2023-04-01 06:00:00,0.0,40.5,0.0,During this time the injection rate is decreased by 50%.,Confirmed,Planned,Germany,Storengy Deutschland,UGS Uelsen
2022-08-26 12:50:27,2023-04-17 06:00:00,2023-05-01 06:00:00,0.0,81.0,107.6,During this time neither injection nor withdrawal is possible.,Confirmed,Planned,Germany,Storengy Deutschland,UGS Uelsen
2022-08-26 12:50:27,2023-11-01 06:00:00,2023-11-06 06:00:00,0.0,40.5,0.0,During this time the injection rate is decreased by 50%.,Confirmed,Planned,Germany,Storengy Deutschland,UGS Uelsen
2022-08-26 12:50:27,2023-04-01 06:00:00,2023-04-17 06:00:00,0.0,0.0,53.8,During this time the withdrawal rate is decreased by 50%.,Confirmed,Planned,Germany,Storengy Deutschland,UGS Uelsen
2022-08-26 12:50:27,2023-05-01 06:00:00,2023-10-01 06:00:00,0.0,0.0,53.8,During this time the withdrawal rate is decreased by 50%.,Confirmed,Planned,Germany,Storengy Deutschland,UGS Uelsen
2022-08-26 11:30:36,2023-03-13 06:00:00,2023-03-18 06:00:00,0.0,14.2,0.0,During this time the injection rate is decreased by 50%.,Confirmed,Planned,Germany,Storengy Deutschland,UGS Lesum
2022-08-26 11:30:36,2023-03-20 06:00:00,2023-03-25 06:00:00,0.0,14.2,0.0,During this time the injection rate is decreased by 50%.,Confirmed,Planned,Germany,Storengy Deutschland,UGS Lesum
2022-08-26 11:30:36,2023-10-02 06:00:00,2023-10-17 06:00:00,0.0,28.5,58.5,During this time neither injection nor withdrawal is possible.,Confirmed,Planned,Germany,Storengy Deutschland,UGS Lesum
2022-08-26 11:30:36,2023-09-04 06:00:00,2023-09-30 06:00:00,0.0,84.7,232.0,During this time neither injection nor withdrawal is possible.,Confirmed,Planned,Germany,Storengy Deutschland,UGS Peckensen
2022-08-26 11:30:36,2023-06-12 06:00:00,2023-06-30 06:00:00,0.0,10.8,40.3,During this time neither injection nor withdrawal is possible.,Confirmed,Planned,Germany,Storengy Deutschland,UGS Schmidhausen
2022-08-26 11:30:36,2023-10-17 06:00:00,2023-10-19 06:00:00,0.0,28.5,58.5,During this time neither injection nor withdrawal is possible.,Confirmed,Planned,Germany,Storengy Deutschland,UGS Lesum
2022-08-26 10:47:28,2023-08-21 06:00:00,2023-08-27 06:00:00,0.0,24.7,81.7,During this time neither injection nor withdrawal is possible.,Confirmed,Planned,Germany,Storengy Deutschland,UGS Harsefeld
2022-08-26 10:41:51,2023-06-05 06:00:00,2023-06-24 06:00:00,0.0,0.0,8.0,During this time the withdrawal rate is decreased by 100%.,Confirmed,Planned,Germany,Storengy Deutschland,UGS Fronhofen (decommissioned)
2022-08-26 07:40:44,2022-08-15 08:00:00,2022-08-25 16:00:00,0.0,0.0,131.0,Maintenance of drying unit. Possible restriction: Reduction of withdrawal rate by up to 33%,Estimate,Planned,Germany,Uniper Energy Storage,UGS Etzel ESE (Uniper Energy Storage)
2022-08-26 07:37:46,2022-08-24 22:00:00,2022-08-25 15:00:00,0.0,28.0,0.0,"Inspection of Compressor. Possible restriction: Reduction of injection rate by up to 100%, but not affecting the delivery oft he SCB-Product of THE",Estimate,Planned,Germany,Uniper Energy Storage,UGS Epe Uniper L-Gas
2022-08-25 18:09:09,2022-08-25 18:01:55,2022-08-25 18:09:09,0.0,0.1,0.0,Maintenance of Compressor2,Confirmed,Unplanned,Germany,Eneco Gasspeicher,UGS Enschede - Epe (Eneco)
2022-08-25 08:04:41,2022-08-24 03:00:00,2022-08-24 15:00:00,0.0,17.0,0.0,Maintenance of compressor. Possible restriction: Reduction of injection rate by up to 50% ,Estimate,Planned,Germany,Uniper Energy Storage,UGS Breitbrunn
2022-08-22 14:00:00,2022-08-22 10:00:00,2022-08-22 14:00:00,0.621,0.0,7.2,Maintenance of S82,Confirmed,Planned,Germany,Eneco Gasspeicher,UGS Enschede - Epe (Eneco)
2022-08-18 07:59:49,2022-08-17 03:00:00,2022-08-17 16:00:00,0.0,33.6,0.0, replacement of a defect valve ME2. possible restriction: reduction of the enjection capacitiy up to 50%,Estimate,Unplanned,Germany,Uniper Energy Storage,UGS Breitbrunn
2022-08-17 15:49:26,2022-06-17 06:00:00,2022-08-17 17:00:00,0.698,0.0,0.0,Cavern Repair Works,Confirmed,Planned,Germany,EKB,UGS Etzel EKB
2022-08-15 07:58:35,2022-08-02 16:00:00,2022-08-12 16:00:00,0.0,0.0,131.0,Maintenance of drying unit. Possible restriction: Reduction of withdrawal rate by up to 33%,Estimate,Planned,Germany,Uniper Energy Storage,UGS Etzel ESE (Uniper Energy Storage)
2022-08-08 08:00:02,2022-08-05 08:00:00,2022-08-05 13:00:00,0.0,0.0,60.0,Maintenance of preheater. Possible restriction: Reduction of withdrawal rate by up to 100%,Estimate,Planned,Germany,Uniper Energy Storage,UGS Epe Uniper L-Gas
2022-08-08 08:00:02,2022-08-05 08:00:00,2022-08-05 13:00:00,0.0,0.0,97.0,Maintenance of preheater. Possible restriction: Reduction of withdrawal rate by up to 100%,Estimate,Planned,Germany,Uniper Energy Storage,UGS Epe Uniper H-Gas
2022-08-05 10:23:50,2022-09-05 06:00:00,2022-09-10 06:00:00,0.0,0.0,0.0,Planned maintenance 9/2022 -01,Confirmed,Planned,Germany,NAFTA Speicher Inzenham,UGS Inzenham-West
2022-08-04 07:57:29,2022-08-03 09:00:00,2022-08-03 16:00:00,0.0,57.0,0.0,Maintenance. Possible restriction: Reduction of injection rate by up to 60%,Estimate,Planned,Germany,Uniper Energy Storage,UGS Epe Uniper H-Gas
2022-08-03 07:57:28,2022-07-20 08:00:00,2022-08-02 16:00:00,0.0,0.0,131.0,Maintenance of drying unit. Possible restriction: Reduction of withdrawal rate by up to 33%,Estimate,Planned,Germany,Uniper Energy Storage,UGS Etzel ESE (Uniper Energy Storage)
2022-07-29 07:46:31,2022-07-28 08:00:00,2022-07-28 17:00:00,0.0,32.0,108.0,"Test of safety equipment. Possible restriction: Entire storage facility n/a, but not affecting the delivery oft he SCB-Product of THE",Estimate,Planned,Germany,Uniper Energy Storage,UGS Epe Uniper L-Gas
2022-07-29 07:46:20,2022-07-28 08:00:00,2022-07-28 17:00:00,0.0,123.0,174.0,Test of safety equipment. Possible restriction: Entire storage facility n/a,Estimate,Planned,Germany,Uniper Energy Storage,UGS Epe Uniper H-Gas
2022-07-27 16:04:53,2022-07-25 06:00:00,2022-07-27 18:00:00,0.0,0.0,0.0,"Maintenance on valves drives in piping. Possible restrictions: unavailability of injection capacity by up to 50%; unavailability of withdrawal capacity by up to 50%.
- 
The activity has been completed.",Confirmed,Planned,Germany,MET Speicher,UGS Reckrod
2022-07-27 07:59:46,2022-07-25 16:00:00,2022-07-26 16:15:00,0.0,34.0,0.0,ME1 n.a. fan demage. Possible restriction: Reduction of injection rate down to 50%,Estimate,Unplanned,Germany,Uniper Energy Storage,UGS Breitbrunn
2022-07-26 16:13:59,2022-07-26 08:00:00,2022-07-26 16:15:00,0.0,140.0,0.0,Maintenance of compressor unit. Possible restriction: Reduction of injection rate by up to 33%,Estimate,Planned,Germany,Uniper Energy Storage,UGS Etzel ESE (Uniper Energy Storage)
2022-07-25 19:09:19,2022-07-25 19:02:11,2022-07-25 19:09:19,0.0,0.1,0.0,Maintenance of Compressor2,Confirmed,Unplanned,Germany,Eneco Gasspeicher,UGS Enschede - Epe (Eneco)
2022-07-25 13:23:40,2022-07-26 08:00:00,2022-07-27 17:00:00,0.0,0.8,0.0,"Maintenance of compressor unit
Possible restriction: Reduction of injection rate by up to 33%",Confirmed,Planned,Germany,VNG Gasspeicher GmbH (6),UGS Etzel ESE (VGS)
2022-07-22 09:17:28,2022-07-04 08:00:00,2022-07-22 09:00:00,0.0,0.0,302.0,Maintenance of water separator. Possible restriction: Reduction of withdrawal rate by up to 65%,Estimate,Planned,Germany,Uniper Energy Storage,UGS Epe Uniper H-Gas
2022-07-21 10:20:35,2022-07-26 08:00:00,2022-07-27 17:00:00,0.0,17.9,0.0,"Maintenance on transformer.
Possible restriction: reduction of injection capacity by up to 33%",Estimate,Planned,Germany,MET Speicher,UGS Etzel ESE (MET)
2022-07-18 18:18:39,2022-05-26 06:00:00,2022-07-18 22:00:00,0.0,0.0,0.0,"Possible restrictions: 68.44 GWh of working gas cannot be injected in the period, 24.97 GWh of working gas cannot be withdrawn in the period:

The above mentioned restriction has been terminated.
",Confirmed,Planned,Germany,MET Speicher,UGS Etzel ESE (MET)
2022-07-18 17:06:32,2022-05-26 06:00:00,2022-07-18 17:00:00,0.54,0.0,0.0,"Maintenance of cavern. Possible restrictions: 541.42 GWh of working gas cannot be injected in the period, 197.52 GWh of working gas cannot be withdrawn in the period",Estimate,Planned,Germany,Uniper Energy Storage,UGS Etzel ESE (Uniper Energy Storage)
2022-07-15 08:53:24,2022-07-20 06:00:00,2022-08-25 14:00:00,0.0,0.0,33.8,Maintenance of drying unit,Confirmed,Unplanned,Germany,OMV Gas Storage Germany,UGS Etzel ESE (OMV)
2022-07-14 16:57:56,2022-08-15 08:00:00,2022-08-25 16:00:00,0.0,0.0,15.2,"Maintenance of drying unit
Possible restriction: Reduction of withdrawal rate by up to 33%",Estimate,Planned,Germany,MET Speicher,UGS Etzel ESE (MET)
2022-07-14 16:56:26,2022-08-02 16:00:00,2022-08-12 16:00:00,0.0,0.0,15.2,"Maintenance of drying unit
Possible restriction: Reduction of withdrawal rate by up to 33%",Estimate,Planned,Germany,MET Speicher,UGS Etzel ESE (MET)
2022-07-14 16:54:14,2022-07-20 08:00:00,2022-08-02 16:00:00,0.0,0.0,15.2,"Maintenance of drying unit
Possible restriction: Reduction of withdrawal rate by up to 33%",Estimate,Planned,Germany,MET Speicher,UGS Etzel ESE (MET)
2022-07-11 14:37:49,2022-06-22 06:00:00,2022-07-11 15:00:00,0.11,0.0,0.0,Cavern pressure alignment activities,Confirmed,Planned,Germany,EKB,UGS Etzel EKB
2022-07-11 14:37:06,2022-06-22 06:00:00,2022-07-05 06:00:00,0.0,40.7,0.0,Cavern pressure alignment activities,Confirmed,Planned,Germany,EKB,UGS Etzel EKB
2022-07-09 16:55:27,2022-07-04 06:00:00,2022-07-09 06:00:00,3.736,55.2,69.0,safety test / maintenance work,Confirmed,Planned,Germany,EWE Gasspeicher,UGS Jemgum H (EWE)
2022-07-08 08:27:57,2022-06-27 06:00:00,2022-07-08 08:00:00,0.0,0.0,139.8,Cleaning of gas process plant. Possible restriction: Reduction of withdrawal rate by up to 100%,Estimate,Planned,Germany,Uniper Energy Storage,UGS Breitbrunn
2022-07-07 11:12:28,2022-11-07 07:00:00,2022-11-18 14:00:00,0.0,0.0,0.0,Maintenance cancelled,Confirmed,Planned,Germany,RWE Gas Storage West,UGS Epe-DE-RWEGSWEST (Epe-L prior to 1 April 2026)
2022-07-06 08:18:18,2022-07-05 08:00:00,2022-07-05 12:00:00,0.0,47.0,0.0,Maintenance of compressor unit. Possible restriction: Reduction of injection rate by up to 66%,Estimate,Planned,Germany,Uniper Energy Storage,UGS Etzel ESE (Uniper Energy Storage)
2022-07-01 08:50:26,2022-06-13 07:00:00,2022-06-30 16:00:00,0.0,0.0,140.0,Maintenance of preheater. Possible restriction: Reduction of withdrawal rate by up to 30%,Estimate,Planned,Germany,Uniper Energy Storage,UGS Epe Uniper H-Gas
2022-07-01 07:41:09,2022-07-05 06:00:00,2022-07-05 10:00:00,0.0,17.0,0.0,Maintenance of NETRA Compressor Station,Confirmed,Planned,Germany,OMV Gas Storage Germany,UGS Etzel ESE (OMV)
2022-06-30 15:50:19,2022-06-20 07:00:00,2022-06-30 16:00:00,0.0,0.0,288.0,Installation of a valve. Possible restriction: Reduction of withdrawal rate by up to 100%,Estimate,Planned,Germany,Uniper Energy Storage,UGS Epe Uniper L-Gas
2022-06-30 15:50:09,2022-06-13 07:00:00,2022-06-30 16:00:00,0.0,0.0,115.0,Maintenance of preheater. Possible restriction: Reduction of withdrawal rate by up to 40%,Estimate,Planned,Germany,Uniper Energy Storage,UGS Epe Uniper L-Gas
2022-06-30 15:49:55,2022-03-22 17:00:00,2022-06-30 16:00:00,0.0,0.0,57.6,Repair of valve. Possible restriction: Reduction of withdrawal rate by up to 35%,Estimate,Planned,Germany,Uniper Energy Storage,UGS Epe Uniper L-Gas
2022-06-29 14:25:34,2022-06-28 18:00:00,2022-06-29 16:00:00,0.0,66.0,0.0,Maintenancce of compressor. Possible restriction: Reduction of injection rate by up to 40%,Estimate,Planned,Germany,Uniper Energy Storage,UGS Epe Uniper H-Gas
2022-06-29 12:59:40,2022-07-05 08:00:00,2022-07-05 12:00:00,0.0,38.0,0.0,"Maintenance of compressor unit.
Possible restriction: Reduction of injection rate by up to 66%",Estimate,Planned,Germany,MET Speicher,UGS Etzel ESE (MET)
2022-06-29 07:58:32,2022-06-27 18:00:00,2022-06-28 16:00:00,0.0,21.0,0.0,Maintenancce of compressor. Possible restriction: Reduction of injection rate by up to 50%,Estimate,Planned,Germany,Uniper Energy Storage,UGS Epe Uniper L-Gas
2022-06-28 13:09:53,2022-06-26 18:00:00,2022-06-27 16:00:00,0.0,21.0,0.0,Maintenancce of compressor. Possible restriction: Reduction of injection rate by up to 50%,Estimate,Planned,Germany,Uniper Energy Storage,UGS Epe Uniper L-Gas
2022-06-28 11:28:45,2022-09-26 08:00:00,2022-10-07 16:00:00,0.0,110.9,248.9,"Possible restriction: 50 % reduction of injection and withdrawal rate.
Depending on all nominations, each customer has at least 50 % of his firm capacity according to the characteristic curve.",Confirmed,Planned,Germany,VNG Gasspeicher GmbH (6),"VGS Storage Hub (Bernburg, Bad Lauchstädt, Katharina)"
2022-06-28 08:50:10,2022-06-27 11:00:00,2022-06-28 09:00:00,0.0,7.0,0.0,Piston Compressor,Confirmed,Planned,Germany,NUON Epe Gasspeicher,UGS Enschede - Epe (Nuon)
2022-06-28 06:20:42,2022-06-20 06:00:00,2022-06-28 06:00:00,2.518,41.0,82.1,safety test / maintenance work,Confirmed,Planned,Germany,EWE Gasspeicher,UGS Nüttermoor H-3
2022-06-23 15:35:23,2022-06-20 04:00:00,2022-06-23 15:30:00,0.0,131.3,0.0,Maintenance of compressor unit. Possible restriction: Reduction of injection rate by up to 40%,Estimate,Planned,Germany,Uniper Energy Storage,UGS Epe Uniper H-Gas
2022-06-23 15:34:37,2022-06-09 11:00:00,2022-06-23 16:00:00,0.0,12.6,0.0,M2 n.a. Exhaust gas temperature defective. Possible restriction: Reduction of injection rate by up to 50%,Estimate,Unplanned,Germany,Uniper Energy Storage,UGS Breitbrunn
2022-06-22 14:15:39,2022-06-13 06:00:00,2022-06-23 06:00:00,1.84,24.8,49.7,safety test / maintenance work,Confirmed,Planned,Germany,EWE Gasspeicher,UGS Nüttermoor H-2
2022-06-21 14:10:38,2022-06-13 06:00:00,2022-06-21 06:00:00,6.252,49.4,211.7,safety test / maintenance work,Confirmed,Planned,Germany,EWE Gasspeicher,UGS EWE-Zone L
2022-06-21 08:23:24,2022-06-18 20:20:00,2022-06-20 16:00:00,0.0,281.0,0.0,The inlet valve of the ME3 can no longer be moved for storage.. Possible restriction: Reduction of injection rate by up to 33% ,Estimate,Unplanned,Germany,Uniper Energy Storage,UGS Etzel ESE (Uniper Energy Storage)
2022-06-14 15:47:09,2022-10-10 08:00:00,2022-12-16 16:00:00,0.0,15.4,0.0,Maintenance of compressor unit. Possible restriction: reduction of injection rate by up to 33%.,Estimate,Planned,Germany,MET Speicher,UGS Etzel ESE (MET)
2022-06-14 15:33:45,2022-07-18 06:00:00,2022-07-22 16:00:00,0.0,0.0,24.8,Maintenance on wellheads. Possible restriction: unavailability of withdrawal capacity by up to 50%.,Estimate,Planned,Germany,MET Speicher,UGS Reckrod
2022-06-14 15:29:23,2022-07-18 06:00:00,2022-07-22 16:00:00,0.0,12.4,0.0,Maintenance on wellheads. Possible restriction: unavailability of injection capacity by up to 50%.,Estimate,Planned,Germany,MET Speicher,UGS Reckrod
2022-06-14 15:26:16,2022-07-11 06:00:00,2022-07-15 16:00:00,0.0,24.7,0.0,Maintenance on valves drives of compressors. Possible restriction: unavailability of injection capacity by up to 100%.,Estimate,Planned,Germany,MET Speicher,UGS Reckrod
2022-06-14 15:09:37,2022-09-21 08:00:00,2022-09-21 18:00:00,0.0,2.6,4.2,Possible restriction: Connection to BEP / GTS System n/a,Estimate,Planned,Germany,MET Speicher,UGS Etzel ESE (MET)
2022-06-13 08:14:37,2022-05-30 08:00:00,2022-06-10 16:00:00,0.0,0.0,72.0,Maintenance of drying unit. Possible restriction: Reduction of withdrawal rate by up to 25%,Estimate,Planned,Germany,Uniper Energy Storage,UGS Epe Uniper L-Gas
2022-06-13 08:14:22,2022-05-30 08:00:00,2022-06-10 16:00:00,0.0,0.0,93.0,Maintenance of drying unit. Possible restriction: Reduction of withdrawal rate by up to 20%,Estimate,Planned,Germany,Uniper Energy Storage,UGS Epe Uniper H-Gas
2022-06-08 16:21:31,2022-09-05 12:00:00,2022-09-12 06:00:00,0.0,0.0,530.4,The limitation of withdrawal rate amounts to 100%.,Estimate,Planned,Germany,SEFE Storage (Germany),UGS Rehden
2022-06-08 16:21:31,2022-06-20 06:00:00,2022-06-24 17:00:00,0.0,0.0,31.8, Limitation of withdrawal rate.,Estimate,Planned,Germany,SEFE Storage (Germany),UGS Rehden
2022-06-08 16:21:31,2022-06-10 06:00:00,2022-06-20 06:00:00,0.0,0.0,530.4,The limitation of withdrawal rate amounts to 100%.,Estimate,Planned,Germany,SEFE Storage (Germany),UGS Rehden
2022-06-08 16:21:31,2022-06-29 06:00:00,2022-07-05 17:00:00,0.0,0.0,530.4,The limitation of withdrawal rate amounts to 100%.,Estimate,Planned,Germany,SEFE Storage (Germany),UGS Rehden
2022-06-08 08:11:36,2022-06-03 16:00:00,2022-06-07 16:00:00,0.0,12.0,0.0,Compressor Outage. Possible restriction: Reduction of injection rate by up to 30%,Estimate,Unplanned,Germany,Uniper Energy Storage,UGS Breitbrunn
2022-06-07 11:48:35,2022-06-07 11:39:01,2022-06-07 11:48:35,0.0,0.0,0.3,Maintenance of RS2,Confirmed,Unplanned,Germany,Eneco Gasspeicher,UGS Enschede - Epe (Eneco)
2022-06-02 11:36:34,2022-06-01 08:00:00,2022-06-02 12:00:00,0.0,180.0,0.0,Maintenance of compressor unit. Possible restriction: Reduction of injection rate by up to 60%,Estimate,Planned,Germany,Uniper Energy Storage,UGS Epe Uniper H-Gas
2022-06-02 09:55:55,2022-06-01 10:00:00,2022-06-02 09:00:00,0.0,78.0,0.0,Outage Compressor C. Possible restriction: Reduction of injection rate by up to 50% ,Confirmed,Unplanned,Germany,Uniper Energy Storage,UGS Etzel Erdgas Lager EGL
2022-06-01 19:16:13,2022-05-31 13:00:00,2022-06-01 19:15:00,0.0,7.1,0.0,"One piston compressor has a defect.
01.06.22: Compressor available again.",Confirmed,Unplanned,Germany,NUON Epe Gasspeicher,UGS Enschede - Epe (Nuon)
2022-05-31 10:52:33,2022-10-09 04:00:00,2022-10-17 16:00:00,0.0,0.0,,Maintenane of the Etzel ESE Station,Confirmed,Planned,Germany,OMV Gas Storage Germany,UGS Etzel ESE (OMV)
2022-05-31 10:52:05,2022-10-09 04:00:00,2022-10-17 16:00:00,0.0,873.0,0.0,Maintenance of the Etzel ESE Station,Confirmed,Planned,Germany,OMV Gas Storage Germany,UGS Etzel ESE (OMV)
2022-05-31 10:51:40,2022-09-21 06:00:00,2022-09-21 16:00:00,0.0,0.0,703.0,BEP Maintenance,Confirmed,Planned,Germany,OMV Gas Storage Germany,UGS Etzel ESE (OMV)
2022-05-31 10:51:11,2022-09-21 06:00:00,2022-09-21 16:00:00,0.0,703.0,0.0,BEP Maintenance,Confirmed,Planned,Germany,OMV Gas Storage Germany,UGS Etzel ESE (OMV)
2022-05-25 20:54:20,2022-05-25 15:00:00,2022-05-27 15:00:00,0.0,73.9,147.8,Malfunction,Confirmed,Unplanned,Germany,Erdgasspeicher Peissen,UGS Katharina (historical data prior to 01/04/2026)
2022-05-25 12:27:45,2022-06-01 06:00:00,2022-06-02 10:00:00,0.0,24.0,27.0,"Maintenance of compressor unit

",Estimate,Planned,Germany,MET Epe Speicher,UGS Epe (MET Epe Speicher)
2022-05-25 09:53:19,2022-04-19 07:00:00,2022-05-24 16:00:00,0.0,27.0,35.0,"Maintenance field piping. Possible restriction: Reduction of injection rate by up to 10%, reduction of withdrawal rate by up to 10%",Estimate,Planned,Germany,Uniper Energy Storage,UGS Bierwang
2022-05-25 07:56:27,2022-05-23 14:00:00,2022-05-24 17:00:00,0.0,45.5,0.0,Maintenance compressor unit 3. Possible restriction: Reduction of injection rate by up to 50%,Estimate,Unplanned,Germany,Uniper Energy Storage,UGS Epe Uniper L-Gas
2022-05-23 10:16:34,2022-03-17 18:00:00,2022-05-20 16:00:00,0.092,0.0,20.0,"Maintenance of cavern. Possible restriction: Working gas that cannot be withdrawn of the current filling level by up to 92 GWh,
Reduction of withdrawal rate up to 5%",Estimate,Planned,Germany,Uniper Energy Storage,UGS Etzel ESE (Uniper Energy Storage)
2022-05-23 09:24:53,2022-05-02 06:00:00,2022-05-20 18:00:00,0.0,0.0,139.8,Cleaning of gas process plant. Possible restriction: Reduction of withdrawal rate by up to 100%,Estimate,Planned,Germany,Uniper Energy Storage,UGS Breitbrunn
2022-05-20 08:57:26,2022-05-17 06:00:00,2022-05-17 18:00:00,0.0,47.9,0.0,Outtake Compressor C . Possible restriction: Reduction of injection rate by up to 50% ,Estimate,Unplanned,Germany,Uniper Energy Storage,UGS Etzel Erdgas Lager EGL
2022-05-20 08:57:19,2022-05-16 06:00:00,2022-05-17 06:00:00,0.0,95.8,0.0,Outtake Compressor C . Possible restriction: Reduction of injection rate by up to 50% ,Estimate,Unplanned,Germany,Uniper Energy Storage,UGS Etzel Erdgas Lager EGL
2022-05-20 08:53:16,2022-05-16 01:00:00,2022-05-20 09:00:00,0.0,89.0,0.0,Maintenance of compressor unit 4. Possible restriction: Reduction of injection rate by up to 33%,Estimate,Planned,Germany,Uniper Energy Storage,UGS Bierwang
2022-05-20 08:47:59,2022-05-02 08:00:00,2022-05-20 09:00:00,0.0,0.0,47.0,Maintenance of preheater. Possible restriction: Reduction of withdrawal rate by up to 10%,Estimate,Planned,Germany,Uniper Energy Storage,UGS Epe Uniper H-Gas
2022-05-20 08:46:43,2022-05-13 10:00:00,2022-05-18 16:00:00,0.0,0.0,72.0,Maintenance of heater . Possible restriction: Reduction of withdrawal rate by up to 25% ,Estimate,Unplanned,Germany,Uniper Energy Storage,UGS Epe Uniper L-Gas
2022-05-20 08:46:06,2022-05-18 18:00:00,2022-05-19 13:00:00,0.0,71.1,0.0,Maintenance of compressor unit 5. Possible restriction: Reduction of injection rate by up to 40%,Estimate,Planned,Germany,Uniper Energy Storage,UGS Epe Uniper H-Gas
2022-05-20 08:45:23,2022-05-13 10:00:00,2022-05-18 16:00:00,0.0,0.0,65.7,Maintenance of heater . Possible restriction: Reduction of withdrawal rate by up to 20% ,Estimate,Unplanned,Germany,Uniper Energy Storage,UGS Epe Uniper H-Gas
2022-05-20 08:45:07,2022-05-02 00:00:00,2022-05-20 00:00:00,0.0,0.0,86.0,Maintenance of preheater. Possible restriction: Reduction of withdrawal rate by up to 30%,Estimate,Planned,Germany,Uniper Energy Storage,UGS Epe Uniper L-Gas
2022-05-20 08:04:30,2022-06-20 06:00:00,2022-06-25 06:00:00,0.016,23.5,10.6,safety test / maintenance work,Estimate,Planned,Germany,EWE Gasspeicher,UGS EWE-Zone L
2022-05-19 15:04:31,2022-06-20 06:00:00,2022-06-25 06:00:00,0.0,0.0,0.0,safety test / maintenance work,Estimate,Planned,Germany,EWE Gasspeicher,UGS Nüttermoor L GUD
2022-05-18 13:48:08,2022-10-10 08:00:00,2022-12-16 16:00:00,0.0,9.6,0.0,"Maintenance of compressor unit
Possible restriction: Reduction of injection rate by up to 33%",Confirmed,Planned,Germany,VNG Gasspeicher GmbH (6),UGS Etzel ESE (VGS)
2022-05-18 08:05:40,2022-05-16 18:00:00,2022-05-17 13:00:00,0.0,45.5,0.0,"Maintenance of compressor unit 4. Possible restriction: Reduction of injection rate by up to 50%, but not affecting the delivery of the SCB-Product of Netconnect Germany",Estimate,Planned,Germany,Uniper Energy Storage,UGS Epe Uniper L-Gas
2022-05-17 17:24:52,2022-05-17 06:00:00,2022-05-17 18:00:00,0.0,47.9,0.0,Outtake Compressor C . Possible restriction: Reduction of injection rate by up to 50% ,Estimate,Unplanned,Germany,Equinor Storage Deutschland,UGS Etzel EGL (Equinor Storage Deutschland)
2022-05-16 15:22:28,2022-05-15 18:00:00,2022-05-16 13:00:00,0.0,45.5,0.0,"Maintenance compressor unit 3. Possible restriction: Reduction of injection rate by up to 50%, but not affecting the delivery of the SCB-Product of Netconnect Germany",Estimate,Planned,Germany,Uniper Energy Storage,UGS Epe Uniper L-Gas
2022-05-16 12:06:22,2022-06-07 06:00:00,2022-06-10 06:00:00,0.0,0.0,31.8,Reduction of Exit Capacity,Estimate,Planned,Germany,SEFE Storage (Germany),UGS Rehden
2022-05-16 10:11:18,2022-05-16 06:00:00,2022-05-17 06:00:00,0.0,95.8,0.0,Outtake Compressor C . Possible restriction: Reduction of injection rate by up to 50% ,Estimate,Unplanned,Germany,Equinor Storage Deutschland,UGS Etzel EGL (Equinor Storage Deutschland)
2022-05-16 09:09:20,2022-05-15 06:00:00,2022-05-16 06:00:00,0.0,95.8,0.0,Outtake Compressor C . Possible restriction: Reduction of injection rate by up to 50% ,Estimate,Unplanned,Germany,Uniper Energy Storage,UGS Etzel Erdgas Lager EGL
2022-05-16 09:09:12,2022-05-14 16:00:00,2022-05-15 06:00:00,0.0,55.9,0.0,Outtake Compressor C. Possible restriction: Reduction of injection rate by up to 50% ,Estimate,Unplanned,Germany,Uniper Energy Storage,UGS Etzel Erdgas Lager EGL
2022-05-16 08:36:57,2022-05-15 06:00:00,2022-05-16 06:00:00,0.0,95.8,0.0,Outtake Compressor C . Possible restriction: Reduction of injection rate by up to 50% ,Estimate,Unplanned,Germany,Equinor Storage Deutschland,UGS Etzel EGL (Equinor Storage Deutschland)
2022-05-16 08:35:48,2022-05-14 16:00:00,2022-05-15 06:00:00,0.0,55.9,0.0,Outtake Compressor C. Possible restriction: Reduction of injection rate by up to 50% ,Estimate,Unplanned,Germany,Equinor Storage Deutschland,UGS Etzel EGL (Equinor Storage Deutschland)
2022-05-14 05:35:43,2022-05-09 06:00:00,2022-05-14 06:00:00,0.743,13.8,27.6,safety test / maintenance work,Confirmed,Planned,Germany,EWE Gasspeicher,EWE H-Gas Zone
2022-05-14 05:00:39,2022-05-09 06:00:00,2022-05-14 06:00:00,2.381,23.5,70.6,safety test / maintenance work,Confirmed,Planned,Germany,EWE Gasspeicher,UGS EWE-Zone L
2022-05-13 10:01:42,2022-05-12 06:00:00,2022-05-12 18:00:00,0.0,46.7,0.0,Maintenance of compressor unit. Possible restriction: Reduction of injection rate by up to 60%,Estimate,Planned,Germany,Uniper Energy Storage,UGS Etzel Erdgas Lager EGL
2022-05-13 08:50:26,2022-04-04 08:00:00,2022-05-12 15:00:00,0.0,0.0,116.0,Maintenance of preheater. Possible restriction: Reduction of withdrawal rate by up to 25%,Estimate,Planned,Germany,Uniper Energy Storage,UGS Epe Uniper H-Gas
2022-05-10 14:46:52,2022-05-09 09:00:00,2022-05-09 16:00:00,0.0,38.3,0.0,Safety check compressor unit 5. Possible restriction: Reduction of injection rate by up to 40%,Estimate,Planned,Germany,Uniper Energy Storage,UGS Epe Uniper H-Gas
2022-05-10 08:52:49,2022-05-12 06:00:00,2022-05-12 18:00:00,0.0,63.2,0.0,Maintenance of compressor unit. Possible restriction: Reduction of injection rate by up to 60%,Estimate,Planned,Germany,Equinor Storage Deutschland,UGS Etzel EGL (Equinor Storage Deutschland)
2022-05-06 17:41:22,2022-05-06 15:00:00,2022-05-06 17:00:00,0.0,0.0,369.7,broken flange. Possible restriction: Withdrawal n/a,Confirmed,Unplanned,Germany,Uniper Energy Storage,UGS Etzel ESE (Uniper Energy Storage)
2022-05-06 08:43:45,2022-05-02 07:00:00,2022-05-05 16:00:00,0.0,268.8,349.4,Valve replacement. Possible restriction: Entire storage facility n/a ,Estimate,Planned,Germany,Uniper Energy Storage,UGS Bierwang
2022-04-29 10:34:02,2022-04-12 12:00:00,2022-04-29 10:00:00,0.0,29.0,0.0,Inspection of vessel compressor unit 4. Possible restriction: Reduction of injection rate by up to 50%,Estimate,Planned,Germany,Uniper Energy Storage,UGS Epe Uniper L-Gas
2022-04-29 10:31:40,2022-04-12 12:00:00,2022-04-29 10:00:00,0.0,42.0,0.0,Maintenance compressor unit 4. Possible restriction: Reduction of injection rate by up to 50%,Estimate,Planned,Germany,Uniper Energy Storage,UGS Epe Uniper L-Gas
2022-04-29 10:25:37,2022-04-25 06:00:00,2022-04-29 13:00:00,1.09,10.7,32.8,safety test / maintenance work,Confirmed,Planned,Germany,EWE Gasspeicher,UGS Rüdersdorf H
2022-04-29 08:32:34,2022-04-04 07:00:00,2022-04-29 08:00:00,0.0,66.0,93.0,"Inspection of caverns. Possible restriction: Reduction of injection rate by up to 20%, reduction of withdrawal rate by up to 20%",Estimate,Planned,Germany,Uniper Energy Storage,UGS Epe Uniper H-Gas
2022-04-29 08:32:05,2022-04-04 07:00:00,2022-04-29 08:00:00,0.0,66.0,93.0,"Maintenance of power supply. Possible restriction: Reduction of injection rate by up to 20%, reduction of withdrawal rate by up to 20%",Estimate,Planned,Germany,Uniper Energy Storage,UGS Epe Uniper H-Gas
2022-04-28 08:28:12,2022-04-27 06:00:00,2022-04-27 17:00:00,0.0,30.8,64.0,Test of safety equipment . Possible restriction: Entire storage facility n/a,Estimate,Planned,Germany,Uniper Energy Storage,UGS Breitbrunn
2022-04-27 07:58:08,2022-04-26 06:00:00,2022-04-26 17:00:00,0.0,30.8,64.0,Test of safety equipment . Possible restriction: Entire storage facility n/a,Estimate,Planned,Germany,Uniper Energy Storage,UGS Breitbrunn
2022-04-22 08:59:06,2022-04-21 07:00:00,2022-04-21 16:00:00,0.0,13.4,0.0,maintanance on inlet valves of compressor unit 5 . Possible restriction: Reduction of injection rate by up to 45%,Estimate,Planned,Germany,Uniper Energy Storage,UGS Bierwang
2022-04-21 07:59:51,2022-04-20 07:00:00,2022-04-20 16:00:00,0.0,13.4,0.0,maintanance on inlet valves of compressor unit 5 . Possible restriction: Reduction of injection rate by up to 45%,Estimate,Planned,Germany,Uniper Energy Storage,UGS Bierwang
2022-04-19 07:47:39,2022-04-04 07:00:00,2022-04-14 15:00:00,0.0,17.0,58.0,"Maintenance of power supply. Possible restriction: Reduction of injection rate by up to 20%, reduction of withdrawal rate by up to 20%",Estimate,Planned,Germany,Uniper Energy Storage,UGS Epe Uniper L-Gas
2022-04-19 07:47:09,2022-04-04 07:00:00,2022-04-14 15:00:00,0.0,11.0,57.0,Inspection 10KV Unit. Possible restriction: Reduction of injection and withdrawal rate by up to 20%,Estimate,Planned,Germany,Uniper Energy Storage,UGS Epe Uniper L-Gas
2022-04-14 13:11:19,2021-04-19 07:00:00,2021-04-19 16:00:00,0.0,13.4,0.0,maintanance on inlet valves of compressor unit 5 . Possible restriction: Reduction of injection rate by up to 45%,Confirmed,Planned,Germany,Uniper Energy Storage,UGS Bierwang
2022-04-12 08:58:10,2022-04-12 08:00:00,2022-04-12 09:00:00,0.0,74.0,0.0,Maintenance compressor unit 6. Possible restriction: Reduction of injection rate by up to 60%,Estimate,Planned,Germany,Uniper Energy Storage,UGS Epe Uniper H-Gas
2022-04-12 08:57:58,2022-04-12 07:00:00,2022-04-12 08:00:00,0.0,82.0,0.0,Maintenance of compressor unit 6. Possible restriction: Reduction of injection rate by up to 60%,Estimate,Planned,Germany,Uniper Energy Storage,UGS Epe Uniper H-Gas
2022-04-12 08:00:28,2022-04-11 08:00:00,2022-04-11 17:00:00,0.0,32.0,108.0,"Test of safety equipment. Possible restriction: Entire storage facility n/a, but not affecting the delivery oft he SCB-Product of THE",Estimate,Planned,Germany,Uniper Energy Storage,UGS Epe Uniper L-Gas
2022-04-12 08:00:07,2022-04-11 07:00:00,2022-04-11 16:00:00,0.0,0.0,0.0,Maintenance was replaced. None,Estimate,Planned,Germany,Uniper Energy Storage,UGS Epe Uniper L-Gas
2022-04-12 07:53:26,2022-04-11 08:00:00,2022-04-11 17:00:00,0.0,74.0,0.0,Maintenance compressor unit 6. Possible restriction: Reduction of injection rate by up to 60%,Estimate,Planned,Germany,Uniper Energy Storage,UGS Epe Uniper H-Gas
2022-04-12 07:52:50,2022-04-11 08:00:00,2022-04-11 17:00:00,0.0,123.0,174.0,Test of safety equipment. Possible restriction: Entire storage facility n/a,Estimate,Planned,Germany,Uniper Energy Storage,UGS Epe Uniper H-Gas
2022-04-12 07:52:28,2022-04-11 07:00:00,2022-04-11 17:00:00,0.0,82.0,0.0,Maintenance of compressor unit 6. Possible restriction: Reduction of injection rate by up to 60%,Estimate,Planned,Germany,Uniper Energy Storage,UGS Epe Uniper H-Gas
2022-04-12 07:51:13,2022-04-11 07:00:00,2022-04-11 16:00:00,0.0,0.0,0.0,Maintanance was replaced. None,Estimate,Planned,Germany,Uniper Energy Storage,UGS Epe Uniper H-Gas
2022-04-11 14:19:38,2022-06-01 06:00:00,2022-06-30 06:00:00,0.0,0.0,8.0,During this time withdrawal is reduced by 100%.,Confirmed,Planned,Germany,Storengy Deutschland,UGS Fronhofen (decommissioned)
2022-04-11 14:09:36,2022-05-16 06:00:00,2022-05-31 06:00:00,0.0,5.4,0.0,During this time the injection rate is decreased by 100%.,Confirmed,Planned,Germany,Storengy Deutschland,UGS Fronhofen (decommissioned)
2022-04-08 07:57:15,2022-04-07 07:00:00,2022-04-07 16:00:00,0.0,101.0,131.0,Test of safety equipment. Possible restriction: Entire storage facility n/a ,Estimate,Planned,Germany,Uniper Energy Storage,UGS Bierwang
2022-04-07 07:58:22,2022-04-06 07:00:00,2022-04-06 16:00:00,0.0,101.0,131.0,Test of safety equipment. Possible restriction: Entire storage facility n/a ,Estimate,Planned,Germany,Uniper Energy Storage,UGS Bierwang
2022-04-06 08:06:47,2022-04-05 07:00:00,2022-04-05 16:00:00,0.0,101.0,131.0,Test of safety equipment. Possible restriction: Entire storage facility n/a ,Estimate,Planned,Germany,Uniper Energy Storage,UGS Bierwang
2022-04-04 13:17:42,2022-04-04 13:14:16,2022-04-04 13:17:42,0.0,0.0,0.1,Maintenance of RS2,Confirmed,Unplanned,Germany,Eneco Gasspeicher,UGS Enschede - Epe (Eneco)
2022-04-01 09:09:57,2022-01-17 08:00:00,2022-03-31 16:00:00,0.0,140.0,131.0,"Maintenance of compressor unit. Possible restriction: Reduction of injection rate by up to 33%, reduction of withdrawal rate by up to 33%",Estimate,Planned,Germany,Uniper Energy Storage,UGS Etzel ESE (Uniper Energy Storage)
2022-03-24 07:55:23,2022-03-22 07:00:00,2022-03-23 17:00:00,0.0,0.0,288.0,Removal of valve. Possible restriction: Reduction of withdrawal rate by up to 100%,Estimate,Planned,Germany,Uniper Energy Storage,UGS Epe Uniper L-Gas
2022-03-17 22:26:58,2022-03-17 21:00:00,2022-03-17 23:00:00,0.0,40.7,0.0,LP compressor valve issues,Confirmed,Planned,Germany,EKB,UGS Etzel EKB
2022-03-17 11:10:59,2021-11-22 06:00:00,2022-03-16 16:00:00,0.0,54.0,0.0,Maintenance of compressor unit 1. Possible restriction: Reduction of injection rate by up to 20%,Estimate,Planned,Germany,Uniper Energy Storage,UGS Bierwang
2022-03-16 14:36:30,2022-05-26 06:00:00,2022-07-19 12:00:00,0.006,0.0,0.0,"Maintenance of cavern
Possible restriction: Reduction of workinggas capacity by up to 4% (72.73 GWh) that cannot be injected in the period.",Confirmed,Planned,Germany,VNG Gasspeicher GmbH (6),UGS Etzel ESE (VGS)
2022-03-16 09:30:37,2021-11-15 06:00:00,2021-12-06 06:00:00,2.107,23.5,70.6,Maintenance,Confirmed,Planned,Germany,EWE Gasspeicher,UGS EWE-Zone L
2022-03-16 09:30:37,2021-11-15 06:00:00,2021-12-06 06:00:00,0.743,13.8,27.6,Maintenance,Confirmed,Planned,Germany,EWE Gasspeicher,EWE H-Gas Zone
2022-03-15 10:09:45,2022-03-15 10:00:00,2022-03-15 10:09:45,0.0,0.1,0.0,Maintenance of Compressor1,Confirmed,Unplanned,Germany,Eneco Gasspeicher,UGS Enschede - Epe (Eneco)
2022-03-15 10:00:00,2022-03-15 09:40:03,2022-03-15 10:00:00,0.0,0.3,0.0,Maintenance of Compressor1,Confirmed,Unplanned,Germany,Eneco Gasspeicher,UGS Enschede - Epe (Eneco)
2022-02-23 14:14:25,2022-02-23 14:13:56,2022-02-23 14:14:25,0.0,0.0,0.0,"Maintenance of Absorber2, RS2",Confirmed,Unplanned,Germany,Eneco Gasspeicher,UGS Enschede - Epe (Eneco)
2022-02-16 15:26:46,2022-01-17 06:00:00,2022-02-16 16:00:00,0.0,61.0,0.0,LP compressor integration into new PCS,Confirmed,Planned,Germany,EKB,UGS Etzel EKB
2022-02-10 15:41:31,2022-04-04 09:00:00,2022-05-12 17:00:00,0.0,32.8,87.6,"Inspection of caverns.
Possible restriction: Reduction of injection rate by up to 20%, reduction of withdrawal rate by up to 20%",Estimate,Planned,Germany,MET Epe Speicher,UGS Epe (MET Epe Speicher)
2022-02-10 15:40:10,2022-04-04 09:00:00,2022-05-12 17:00:00,0.0,32.8,87.6,"Maintenance of power supply.
Possible restriction: Reduction of injection rate by up to 20%, reduction of withdrawal rate by up to 20%",Estimate,Planned,Germany,MET Epe Speicher,UGS Epe (MET Epe Speicher)
2022-02-10 15:38:40,2022-04-04 10:00:00,2022-04-29 17:00:00,0.0,0.0,82.1,"Maintenance of preheater.
Possible restriction: Reduction of withdrawal rate by up to 25%",Estimate,Planned,Germany,MET Epe Speicher,UGS Epe (MET Epe Speicher)
2022-02-10 15:37:23,2022-04-11 09:00:00,2022-04-11 19:00:00,0.0,16.4,0.0,"Maintenance of compressor unit 6.
Possible restriction: Reduction of injection rate by up to 60%",Estimate,Planned,Germany,MET Epe Speicher,UGS Epe (MET Epe Speicher)
2022-02-10 15:36:11,2022-04-11 09:00:00,2022-04-11 19:00:00,0.0,41.0,109.4,"Test of safety equipment.
Possible restriction: Entire storage facility n/a",Estimate,Planned,Germany,MET Epe Speicher,UGS Epe (MET Epe Speicher)
2022-02-10 15:35:03,2022-04-12 09:00:00,2022-04-12 19:00:00,0.0,16.4,0.0,"Maintenance of compressor unit 6.
Possible restriction: Reduction of injection rate by up to 60%",Estimate,Planned,Germany,MET Epe Speicher,UGS Epe (MET Epe Speicher)
2022-02-10 15:33:32,2022-05-02 10:00:00,2022-05-20 17:00:00,0.0,0.0,98.5,"Maintenance of preheater.
Possible restriction: Reduction of withdrawal rate by up to 10%",Estimate,Planned,Germany,MET Epe Speicher,UGS Epe (MET Epe Speicher)
2022-02-10 15:31:56,2022-07-04 10:00:00,2022-07-22 17:00:00,0.0,0.0,38.3,"Maintenance of water separator.
Possible restriction: Reduction of withdrawal rate by up to 65%",Estimate,Planned,Germany,MET Epe Speicher,UGS Epe (MET Epe Speicher)
2022-02-10 15:30:30,2022-07-28 10:00:00,2022-07-28 19:00:00,0.0,41.0,109.4,"Test of safety equipment.
Possible restriction: Entire storage facility n/a",Estimate,Planned,Germany,MET Epe Speicher,UGS Epe (MET Epe Speicher)
2022-02-10 15:29:27,2022-11-07 08:00:00,2022-11-25 18:00:00,0.0,14.4,38.3,"Installation of a valve.
Possible restriction: Reduction of injection rate by up to 65%, reduction of withdrawal rate by up to 65%",Estimate,Planned,Germany,MET Epe Speicher,UGS Epe (MET Epe Speicher)
2022-02-10 15:28:42,2022-08-08 10:00:00,2022-08-26 17:00:00,0.0,0.0,87.6,"Maintenance of heater.
Possible restriction: Reduction of withdrawal rate by up to 20%",Estimate,Planned,Germany,MET Epe Speicher,UGS Epe (MET Epe Speicher)
2022-02-10 15:28:05,2022-08-01 10:00:00,2022-12-05 18:00:00,0.0,32.8,87.6,"Maintenance of field piping.
Possible restriction: Reduction of injection rate by up to 20%, reduction of withdrawal rate by up to 20%",Estimate,Planned,Germany,MET Epe Speicher,UGS Epe (MET Epe Speicher)
2022-02-10 15:23:03,2022-10-20 10:00:00,2022-10-20 19:00:00,0.0,41.0,109.4,"Test of safety equipment.
Possible restriction: Entire storage facility n/a",Estimate,Planned,Germany,MET Epe Speicher,UGS Epe (MET Epe Speicher)
2022-02-10 15:17:49,2023-01-12 09:00:00,2023-01-12 18:00:00,0.0,41.0,109.4,"Test of safety equipment.
Possible restriction: Entire storage facility n/a",Estimate,Planned,Germany,MET Epe Speicher,UGS Epe (MET Epe Speicher)
2022-02-10 15:15:26,2023-04-13 10:00:00,2023-04-13 19:00:00,0.0,41.0,109.4,"Test of safety equipment.
Possible restriction: Entire storage facility n/a
",Estimate,Planned,Germany,MET Epe Speicher,UGS Epe (MET Epe Speicher)
2022-02-08 12:00:00,2022-02-08 11:00:00,2022-02-08 12:00:00,0.621,0.0,1.2,Maintenance of S82,Confirmed,Planned,Germany,Eneco Gasspeicher,UGS Enschede - Epe (Eneco)
2022-02-08 11:00:00,2022-02-08 09:00:00,2022-02-08 11:00:00,0.621,0.0,3.2,Maintenance of S82,Confirmed,Planned,Germany,Eneco Gasspeicher,UGS Enschede - Epe (Eneco)
2022-02-07 14:00:00,2022-02-07 13:00:00,2022-02-07 14:00:00,0.621,0.0,2.0,Maintenance of S82,Confirmed,Planned,Germany,Eneco Gasspeicher,UGS Enschede - Epe (Eneco)
2022-02-07 08:33:33,2022-04-04 07:00:00,2022-04-04 16:00:00,0.0,101.0,131.0,Test of safety equipment. Possible restriction: Entire storage facility n/a ,Estimate,Planned,Germany,Uniper Energy Storage,UGS Bierwang
2022-02-05 14:00:00,2022-02-05 13:00:00,2022-02-05 14:00:00,0.621,0.0,2.0,Maintenance of S82,Confirmed,Planned,Germany,Eneco Gasspeicher,UGS Enschede - Epe (Eneco)
2022-02-01 18:00:00,2022-02-01 17:00:00,2022-02-01 18:00:00,0.621,0.0,2.0,Maintenance of S82,Confirmed,Planned,Germany,Eneco Gasspeicher,UGS Enschede - Epe (Eneco)
2022-01-28 12:32:27,2022-01-26 12:00:00,2022-01-28 12:00:00,0.0,131.0,0.0,Maintenance of compressor unit. Possible restriction: Reduction of injection rate by up to 40%,Estimate,Planned,Germany,Uniper Energy Storage,UGS Epe Uniper H-Gas
2022-01-21 10:00:00,2022-01-21 09:00:00,2022-01-21 10:00:00,0.621,0.0,2.0,Maintenance of S82,Confirmed,Planned,Germany,Eneco Gasspeicher,UGS Enschede - Epe (Eneco)
2022-01-17 10:14:50,2022-01-03 08:00:00,2022-01-16 16:00:00,0.0,140.0,0.0,Maintenance of compressor unit. Possible restriction: Reduction of injection rate by up to 33%,Estimate,Planned,Germany,Uniper Energy Storage,UGS Etzel ESE (Uniper Energy Storage)
2022-01-16 18:00:00,2022-01-16 17:00:00,2022-01-16 18:00:00,0.621,0.0,2.0,Maintenance of S82,Confirmed,Planned,Germany,Eneco Gasspeicher,UGS Enschede - Epe (Eneco)
2022-01-14 09:56:47,2022-01-11 10:00:00,2022-01-11 12:00:00,0.0,0.0,29.0,Maintenance CO2 extinguishing system. Possible restriction: Reduction of withdrawal rate by up to 100%,Estimate,Planned,Germany,Uniper Energy Storage,UGS Bierwang
2022-01-03 17:45:34,2022-04-25 07:00:00,2022-04-29 15:00:00,0.0,134.4,241.9,"Possible restriction:
50 % reduction of injection and withdrawal rate. Depending on all nominations, each customer has at least 50 % of his firm capacity according to the characteristic curve.",Confirmed,Planned,Germany,VNG Gasspeicher GmbH (6),"VGS Storage Hub (Bernburg, Bad Lauchstädt, Katharina)"
2022-01-03 17:45:34,2022-11-07 07:00:00,2022-11-18 16:00:00,0.0,80.6,0.0,"Possible restriction:
25 % reduction of injection rate. Depending on all nominations, each customer has at least 75 % of his firm capacity according to the characteristic curve.",Confirmed,Planned,Germany,VNG Gasspeicher GmbH (6),"VGS Storage Hub (Bernburg, Bad Lauchstädt, Katharina)"
2022-01-03 17:45:34,2009-12-31 07:00:00,2009-12-31 15:00:00,0.0,0.0,0.0,"Possible restriction:
",Confirmed,Planned,Germany,VNG Gasspeicher GmbH (6),"VGS Storage Hub (Bernburg, Bad Lauchstädt, Katharina)"
2022-01-03 17:45:34,2022-11-21 07:00:00,2022-12-02 16:00:00,0.0,80.6,0.0,"Possible restriction:
25 % reduction of injection rate. Depending on all nominations, each customer has at least 75 % of his firm capacity according to the characteristic curve.",Confirmed,Planned,Germany,VNG Gasspeicher GmbH (6),"VGS Storage Hub (Bernburg, Bad Lauchstädt, Katharina)"
2021-12-27 11:07:38,2022-09-09 06:00:00,2022-09-23 18:00:00,0.0,155.0,271.0,Test of safety equipment. Possible restriction: Entire storage facility n/a,Estimate,Planned,Germany,Equinor Storage Deutschland,UGS Etzel EGL (Equinor Storage Deutschland)
2021-12-27 09:06:43,2022-10-09 06:00:00,2022-10-15 06:00:00,0.0,2.5,4.1,"Test of safety equipment
Restriction: Entire storage facility not available ",Confirmed,Planned,Germany,VNG Gasspeicher GmbH (6),UGS Etzel ESE (VGS)
2021-12-20 11:00:31,2021-10-27 06:00:00,2021-12-17 06:00:00,0.0,16.5,0.0,Compressor failure,Confirmed,Unplanned,Germany,EWE Gasspeicher,UGS EWE-Zone L
2021-12-20 08:01:29,2021-10-16 18:00:00,2021-12-17 16:00:00,0.0,140.0,0.0,Maintenance of compressor unit. Possible restriction: Reduction of injection rate by up to 33%,Estimate,Planned,Germany,Uniper Energy Storage,UGS Etzel ESE (Uniper Energy Storage)
2021-12-17 11:15:20,2022-03-17 18:00:00,2022-05-13 16:00:00,0.0,0.0,2.3,"Maintenance of cavern
Possible restriction: Reduction of withdrawal rate up to 5%",Confirmed,Planned,Germany,VNG Gasspeicher GmbH (6),UGS Etzel ESE (VGS)
2021-12-16 08:20:50,2021-11-22 07:00:00,2021-12-15 16:00:00,0.0,29.0,0.0,"Inspection of vessel compressor unit 3. Possible restriction: Reduction of injection rate by up to 50%, but not affecting the delivery oft he SCB-Product of Netconnect Germany",Estimate,Planned,Germany,Uniper Energy Storage,UGS Epe Uniper L-Gas
2021-12-10 09:15:39,2021-10-27 06:00:00,2021-12-17 06:00:00,0.0,16.5,0.0,Compressor failure,Estimate,Unplanned,Germany,EWE Gasspeicher,UGS EWE-Zone L
2021-12-09 08:23:47,2021-11-19 15:00:00,2021-12-08 15:00:00,0.0,0.0,77.0,Possible restriction: Reduction of withdrawal rate by up to 22%. Technical defect of one drying unit,Estimate,Unplanned,Germany,Uniper Energy Storage,UGS Bierwang
2021-12-08 15:00:55,2021-12-08 15:00:00,2021-12-08 15:00:55,0.0,0.0,0.0,Maintenance of RS1,Confirmed,Unplanned,Germany,Eneco Gasspeicher,UGS Enschede - Epe (Eneco)
2021-12-08 15:00:00,2021-12-08 14:06:21,2021-12-08 15:00:00,0.0,0.0,1.4,Maintenance of RS1,Confirmed,Unplanned,Germany,Eneco Gasspeicher,UGS Enschede - Epe (Eneco)
2021-12-03 11:31:12,2021-12-02 16:00:00,2021-12-03 16:00:00,0.0,0.0,52.5,Possible restriction: Reduction of withdrawal rate by up to 15% . Technical defect of one drying unit,Estimate,Unplanned,Germany,Uniper Energy Storage,UGS Bierwang
2021-12-03 10:23:23,2022-04-08 06:00:00,2022-06-17 06:00:00,1.039,0.0,0.0,Cavern Repair Works,Estimate,Planned,Germany,EKB,UGS Etzel EKB
2021-12-02 16:51:54,2021-12-02 16:12:00,2021-12-03 16:00:00,0.0,0.0,52.5,"Technical defect of one drying unit. Possible restriction: Reduction of withdrawal rate by up to 15%
",Estimate,Unplanned,Germany,Uniper Energy Storage,UGS Bierwang
2021-12-02 16:31:07,2021-11-19 15:00:00,2021-12-08 15:00:00,0.0,0.0,77.0," 
Technical defect of one drying unit. Possible restriction: Reduction of withdrawal rate by up to 22%
",Estimate,Unplanned,Germany,Uniper Energy Storage,UGS Bierwang
2021-12-02 10:41:16,2022-10-05 08:00:00,2022-10-05 16:00:00,0.0,44.9,84.2,Planned maintenance - 2022/10 -2 ,Confirmed,Planned,Germany,NAFTA Speicher Inzenham,UGS Inzenham-West
2021-12-02 10:41:10,2022-10-04 08:00:00,2022-10-04 16:00:00,0.0,44.9,84.2,Planned maintenance - 2022/10 -1 ,Confirmed,Planned,Germany,NAFTA Speicher Inzenham,UGS Inzenham-West
2021-12-02 10:40:58,2022-04-13 08:00:00,2022-04-13 16:00:00,0.0,44.9,84.2,Planned maintenance 4/2022 -02 ,Confirmed,Planned,Germany,NAFTA Speicher Inzenham,UGS Inzenham-West
2021-12-02 10:40:52,2022-04-12 08:00:00,2022-04-12 16:00:00,0.0,44.9,84.2,Planned maintenance 4/2022 -01 ,Confirmed,Planned,Germany,NAFTA Speicher Inzenham,UGS Inzenham-West
2021-12-02 05:23:36,2021-12-01 00:00:00,2021-12-01 18:00:00,0.0,77.0,0.0,failure Cooling Unit FU ITRC. Possible restriction: Reduction of injection rate by up to 50% ,Estimate,Unplanned,Germany,Uniper Energy Storage,UGS Etzel Erdgas Lager EGL
2021-12-01 16:31:03,2021-12-01 00:00:00,2021-12-01 18:00:00,0.0,77.0,0.0,failure Cooling Unit FU ITRC,Estimate,Unplanned,Germany,Equinor Storage Deutschland,UGS Etzel EGL (Equinor Storage Deutschland)
2021-12-01 16:29:23,2021-12-01 00:00:00,2021-12-01 18:00:00,0.0,77.0,0.0,failure Cooling Unit FU ITRC,Estimate,Unplanned,Germany,Uniper Energy Storage,UGS Etzel Erdgas Lager EGL
2021-11-30 15:31:36,2022-04-12 08:00:00,2022-04-12 16:00:00,0.0,45.7,91.4,Maintenance,Confirmed,Planned,Germany,Erdgasspeicher Peissen,UGS Katharina (historical data prior to 01/04/2026)
2021-11-30 15:31:36,2006-12-01 08:00:00,2006-12-01 09:00:00,0.0,0.0,0.0,Maintenance,Confirmed,Planned,Germany,Erdgasspeicher Peissen,UGS Katharina (historical data prior to 01/04/2026)
2021-11-30 15:31:36,2022-04-04 08:00:00,2022-04-07 08:00:00,0.0,0.0,88.7,Maintenance,Confirmed,Planned,Germany,Erdgasspeicher Peissen,UGS Katharina (historical data prior to 01/04/2026)
2021-11-30 15:31:36,2022-04-18 16:00:00,2022-04-22 16:00:00,0.0,0.0,91.4,Maintenance,Confirmed,Planned,Germany,Erdgasspeicher Peissen,UGS Katharina (historical data prior to 01/04/2026)
2021-11-30 15:31:36,2022-04-25 08:00:00,2022-04-26 16:00:00,0.0,12.1,24.2,Maintenance,Confirmed,Planned,Germany,Erdgasspeicher Peissen,UGS Katharina (historical data prior to 01/04/2026)
2021-11-30 15:31:36,2022-04-07 08:00:00,2022-04-18 16:00:00,0.0,0.0,177.4,Maintenance,Confirmed,Planned,Germany,Erdgasspeicher Peissen,UGS Katharina (historical data prior to 01/04/2026)
2021-11-30 15:31:36,2022-10-10 08:00:00,2022-10-21 16:00:00,0.0,134.4,268.8,Maintenance,Confirmed,Planned,Germany,Erdgasspeicher Peissen,UGS Katharina (historical data prior to 01/04/2026)
2021-11-29 10:12:31,2021-10-20 08:00:00,2021-11-26 16:00:00,0.0,0.0,186.0,Maintenance field piping. Possible restriction: Reduction of withdrawal rate by up to 40%,Estimate,Planned,Germany,Uniper Energy Storage,UGS Epe Uniper H-Gas
2021-11-27 18:06:12,2021-11-27 18:00:14,2021-11-27 18:06:12,0.0,0.0,0.2,Maintenance of RS2,Confirmed,Unplanned,Germany,Eneco Gasspeicher,UGS Enschede - Epe (Eneco)
2021-11-26 10:45:30,2021-11-24 07:00:00,2021-11-25 16:00:00,0.0,0.0,0.0,"Inspection of Compressor. Possible restriction: None, maintenance has already been completed",Estimate,Planned,Germany,Uniper Energy Storage,UGS Breitbrunn
2021-11-26 10:45:08,2021-11-22 07:00:00,2021-11-23 16:00:00,0.0,0.0,0.0,"Inspection of Compressor. Possible restriction: None, maintenance has already been completed",Estimate,Planned,Germany,Uniper Energy Storage,UGS Breitbrunn
2021-11-24 09:26:31,2022-05-16 06:00:00,2022-05-21 06:00:00,0.911,7.1,35.3,safety test / maintenance work,Estimate,Planned,Germany,EWE Gasspeicher,UGS EWE-Zone L
2021-11-21 16:55:20,2021-11-21 16:21:39,2021-11-21 16:55:20,0.0,0.1,0.0,Maintenance of Compressor2,Confirmed,Unplanned,Germany,Eneco Gasspeicher,UGS Enschede - Epe (Eneco)
2021-11-19 08:17:51,2021-11-10 11:45:00,2021-11-12 15:00:00,0.0,42.0,0.0,"Technical fault compressor unit . Possible restriction: Reduction of injection rate by up to 50%, but not affecting the delivery oft he SCB-Product of Netconnect Germany",Estimate,Unplanned,Germany,Uniper Energy Storage,UGS Epe Uniper L-Gas
2021-11-18 11:07:42,2021-11-18 11:07:07,2021-11-18 11:07:42,0.0,0.0,0.0,Maintenance of Compressor1,Confirmed,Unplanned,Germany,Eneco Gasspeicher,UGS Enschede - Epe (Eneco)
2021-11-18 07:56:17,2021-10-28 13:00:00,2021-11-16 16:00:00,0.0,0.0,21.0,Maintenance of water separator. Possible restriction: Reduction of withdrawal rate by up to 25% ,Estimate,Unplanned,Germany,Uniper Energy Storage,UGS Epe Uniper L-Gas
2021-11-16 07:52:31,2021-11-16 07:21:46,2021-11-16 07:52:31,0.0,0.5,0.0,Maintenance of Compressor1,Confirmed,Unplanned,Germany,Eneco Gasspeicher,UGS Enschede - Epe (Eneco)
2021-11-09 18:56:59,2021-11-02 13:24:00,2021-11-09 16:00:00,0.0,42.0,0.0,"Technical defect compressor . Possible restriction: Reduction of injection rate by up to 50%, but not affecting the delivery oft he SCB-Product of Netconnect Germany",Estimate,Unplanned,Germany,Uniper Energy Storage,UGS Epe Uniper L-Gas
2021-11-09 16:00:00,2021-11-09 15:00:00,2021-11-09 16:00:00,0.814,0.0,2.0,Maintenance of S81,Confirmed,Unplanned,Germany,Eneco Gasspeicher,UGS Enschede - Epe (Eneco)
2021-11-09 11:56:27,2021-11-10 07:00:00,2021-11-10 16:00:00,0.0,0.0,0.0,"Test of safety equipment . Possible restriction: None, maintenance has already been completed",Estimate,Planned,Germany,Uniper Energy Storage,UGS Bierwang
2021-11-09 11:47:13,2021-11-09 07:00:00,2021-11-09 11:45:00,0.0,101.0,131.0,Test of safety equipment. Possible restriction: Entire storage facility n/a,Estimate,Planned,Germany,Uniper Energy Storage,UGS Bierwang
2021-11-05 10:30:00,2021-10-20 10:00:00,2021-11-26 15:00:00,0.0,0.0,43.8,"Maintenance field piping
Possible restriction: Reduction of withdrawal rate by up to 40 %",Estimate,Planned,Germany,MET Epe Speicher,UGS Epe (MET Epe Speicher)
2021-11-05 07:58:36,2021-11-02 10:00:00,2021-11-04 16:00:00,0.0,11.2,0.0,Verdichterinspektion. Possible restriction: Reduction of injection rate by up to 100%,Estimate,Planned,Germany,Uniper Energy Storage,UGS Breitbrunn
2021-11-04 13:00:00,2021-11-04 10:00:00,2021-11-04 13:00:00,0.814,0.0,5.2,Maintenance of S81,Confirmed,Planned,Germany,Eneco Gasspeicher,UGS Enschede - Epe (Eneco)
2021-11-04 09:53:37,2022-10-10 06:00:00,2022-10-22 18:00:00,0.0,27.2,41.9,The limitation of injection- and withdrawal rate amount to 100%.,Confirmed,Planned,Germany,VNG Gasspeicher GmbH (6),UGS Jemgum H (VGS) (historical data prior to 1 April 2025)
2021-11-03 15:00:01,2022-10-10 06:00:00,2022-10-21 17:00:00,0.0,136.1,209.3,The limitation of injection- and withdrawal rate amount to 100%.,Confirmed,Planned,Germany,SEFE Storage (Germany),UGS Jemgum H (SEFE Storage)
2021-11-03 14:39:59,2011-04-14 00:00:00,2011-04-19 00:00:00,0.0,0.0,0.0,Maintenance,Confirmed,Planned,Germany,Erdgasspeicher Peissen,UGS Katharina (historical data prior to 01/04/2026)
2021-11-03 14:39:59,2011-04-20 08:00:00,2011-04-20 16:00:00,0.0,0.0,0.0,Maintenance,Confirmed,Planned,Germany,Erdgasspeicher Peissen,UGS Katharina (historical data prior to 01/04/2026)
2021-11-03 14:39:59,2011-04-01 00:00:00,2011-04-04 00:00:00,0.0,0.0,0.0,Maintenance,Confirmed,Planned,Germany,Erdgasspeicher Peissen,UGS Katharina (historical data prior to 01/04/2026)
2021-11-03 14:39:59,2011-04-04 08:00:00,2011-04-11 00:00:00,0.0,0.0,0.0,Maintenance,Confirmed,Planned,Germany,Erdgasspeicher Peissen,UGS Katharina (historical data prior to 01/04/2026)
2021-11-03 14:39:59,2011-04-12 08:00:00,2011-04-12 16:00:00,0.0,0.0,0.0,Maintenance,Confirmed,Planned,Germany,Erdgasspeicher Peissen,UGS Katharina (historical data prior to 01/04/2026)
2021-11-03 14:39:59,2011-04-12 00:00:00,2011-04-13 00:00:00,0.0,0.0,0.0,Maintenance,Confirmed,Planned,Germany,Erdgasspeicher Peissen,UGS Katharina (historical data prior to 01/04/2026)
2021-11-03 14:39:59,2011-04-13 08:00:00,2011-04-13 16:00:00,0.0,0.0,0.0,Maintenance,Confirmed,Planned,Germany,Erdgasspeicher Peissen,UGS Katharina (historical data prior to 01/04/2026)
2021-11-03 08:04:23,2021-11-02 07:00:00,2021-11-02 16:00:00,0.0,21.0,107.0,"Test of safety equipment. Possible restriction: Entire storage facility n/a, but not affecting the delivery oft he SCB-Product of Netconnect Germany",Estimate,Planned,Germany,Uniper Energy Storage,UGS Epe Uniper L-Gas
2021-11-03 08:04:14,2021-11-02 07:00:00,2021-11-02 16:00:00,0.0,125.0,177.0,Test of safety equipment. Possible restriction: Entire storage facility n/a,Estimate,Planned,Germany,Uniper Energy Storage,UGS Epe Uniper H-Gas
2021-11-02 12:00:09,2021-10-09 06:00:00,2021-11-03 06:00:00,0.0,40.7,0.0,Cavern pressure alignment activities,Confirmed,Planned,Germany,EKB,UGS Etzel EKB
2021-11-02 11:15:05,2021-10-26 09:00:00,2021-10-29 18:00:00,0.0,0.0,131.0,exchange control valve. possible reduction: reduction withdrawal rate up to 33%,Estimate,Unplanned,Germany,Uniper Energy Storage,UGS Etzel ESE (Uniper Energy Storage)
2021-10-29 07:58:50,2021-10-28 06:00:00,2021-10-28 17:00:00,0.0,31.0,64.0,Test of safety equipment. Possible restriction: Entire storage facility n/a,Estimate,Planned,Germany,Uniper Energy Storage,UGS Breitbrunn
2021-10-28 14:20:35,2021-06-14 06:00:00,2021-06-22 06:00:00,6.654,68.2,188.6,Maintenance,Confirmed,Planned,Germany,EWE Gasspeicher,UGS EWE-Zone L
2021-10-28 14:20:35,2021-05-17 06:00:00,2021-05-22 06:00:00,3.009,35.3,105.8,safety test / maintenance work Huntorf,Confirmed,Planned,Germany,EWE Gasspeicher,UGS EWE-Zone L
2021-10-28 14:20:35,2021-06-14 06:00:00,2021-06-24 06:00:00,1.955,24.8,49.7,safety test / maintenance work,Confirmed,Planned,Germany,EWE Gasspeicher,UGS Nüttermoor H-2
2021-10-28 14:20:35,2021-06-21 06:00:00,2021-06-29 06:00:00,2.69,41.0,82.1,safety test / maintenance work,Confirmed,Planned,Germany,EWE Gasspeicher,UGS Nüttermoor H-3
2021-10-28 14:20:35,2021-06-21 06:00:00,2021-06-26 06:00:00,0.43,10.6,23.5,safety test / maintenance work,Confirmed,Planned,Germany,EWE Gasspeicher,UGS Nüttermoor L GUD
2021-10-28 14:20:35,2021-07-05 06:00:00,2021-07-10 06:00:00,3.5,55.2,69.0,safety test / maintenance work,Confirmed,Planned,Germany,EWE Gasspeicher,UGS Jemgum H (EWE)
2021-10-28 09:22:41,2021-10-28 10:00:00,2021-10-28 11:00:00,0.0,11.8,0.0,Verdichterausfall,Confirmed,Unplanned,Germany,EWE Gasspeicher,UGS EWE-Zone L
2021-10-28 07:58:35,2021-10-27 06:00:00,2021-10-27 17:00:00,0.0,31.0,64.0,Test of safety equipment. Possible restriction: Entire storage facility n/a,Estimate,Planned,Germany,Uniper Energy Storage,UGS Breitbrunn
2021-10-26 16:33:26,2021-10-26 08:00:00,2021-10-26 16:00:00,0.0,11.2,0.0,Inspection of Compressor. Possible restriction: Reduction of injection rate by up to 50%,Estimate,Planned,Germany,Uniper Energy Storage,UGS Breitbrunn
2021-10-26 10:59:16,2021-10-26 09:00:00,2021-10-29 18:00:00,0.0,0.0,15.2,"exchange control valve
possible reduction: reduction withdrawal rate up to 33%",Confirmed,Unplanned,Germany,VNG Gasspeicher GmbH (6),UGS Etzel ESE (VGS)
2021-10-26 09:51:05,2021-10-25 08:00:00,2021-10-25 16:00:00,0.0,11.2,0.0,Inspection of Compressor. Possible restriction: Reduction of injection rate by up to 50%,Estimate,Planned,Germany,Uniper Energy Storage,UGS Breitbrunn
2021-10-22 13:14:30,2021-09-06 07:00:00,2021-10-22 15:00:00,0.0,0.0,114.0,Inspection of vessel. Possible restriction: Reduction of withdrawal rate up to 40 %,Estimate,Planned,Germany,Uniper Energy Storage,UGS Epe Uniper L-Gas
2021-10-22 08:02:35,2021-10-21 07:00:00,2021-10-21 16:00:00,0.0,101.0,131.0,Test of safety equipment. Possible restriction: Entire storage facility n/a,Estimate,Planned,Germany,Uniper Energy Storage,UGS Bierwang
2021-10-20 16:17:20,2021-10-20 07:00:00,2021-10-20 16:00:00,0.0,101.0,131.0,Test of safety equipment. Possible restriction: Entire storage facility n/a,Estimate,Planned,Germany,Uniper Energy Storage,UGS Bierwang
2021-10-20 08:08:59,2021-10-19 07:00:00,2021-10-19 16:00:00,0.0,101.0,131.0,Test of safety equipment. Possible restriction: Entire storage facility n/a,Estimate,Planned,Germany,Uniper Energy Storage,UGS Bierwang
2021-10-18 10:23:13,2021-10-10 06:00:00,2021-10-16 18:00:00,0.0,425.6,396.7,Test of safety equipment. Possible restriction: Entire storage facility n/a,Estimate,Planned,Germany,Uniper Energy Storage,UGS Etzel ESE (Uniper Energy Storage)
2021-10-15 15:03:54,2021-10-14 07:00:00,2021-10-15 15:00:00,0.0,40.0,0.0,"Maintenance of compressor unit. Possible restriction: Reduction of injection rate by up to 50%, but not affecting the delivery oft he SCB-Product of Netconnect Germany",Estimate,Planned,Germany,Uniper Energy Storage,UGS Epe Uniper L-Gas
2021-10-15 13:55:39,2021-09-20 08:00:00,2021-10-15 11:00:00,0.0,0.0,110.0,Replacement of drying unit. Possible restriction: Reduction of withdrawal rate by up to 33%,Estimate,Planned,Germany,Uniper Energy Storage,UGS Bierwang
2021-10-11 16:55:15,2021-10-12 06:00:00,2099-12-31 06:00:00,0.0,0.0,0.0,Working gas level-dependent restriction of withdrawal capacities at UGS Rehden. Further details can be found in the adapted storage specification shortly.,Confirmed,Unplanned,Germany,SEFE Storage (Germany),UGS Rehden
2021-10-11 09:33:15,2021-10-08 07:00:00,2021-10-08 16:00:00,0.0,25.0,0.0,Maintenance CO2 extinguishing system. Possible restriction: Reduction of injection rate by up to 100%,Estimate,Planned,Germany,Uniper Energy Storage,UGS Breitbrunn
2021-10-11 09:32:56,2021-10-07 08:00:00,2021-10-09 16:00:00,0.0,268.0,0.0,Maintenance on reservoir wells. Possible restriction: Reduction of injection rate by up to 100%,Estimate,Planned,Germany,Uniper Energy Storage,UGS Bierwang
2021-10-08 15:09:19,2021-10-08 15:00:00,2021-10-08 15:09:19,0.0,0.1,0.0,Maintenance of Compressor2,Confirmed,Unplanned,Germany,Eneco Gasspeicher,UGS Enschede - Epe (Eneco)
2021-10-08 15:00:00,2021-10-08 14:48:25,2021-10-08 15:00:00,1.435,0.3,0.8,"Maintenance of Absorber1, Absorber2, Compressor_Bypass, Header1, Header2, ME1, ME2, RS1, RS2, S81, S82",Confirmed,Unplanned,Germany,Eneco Gasspeicher,UGS Enschede - Epe (Eneco)
2021-10-08 14:47:28,2021-10-08 14:27:21,2021-10-08 14:47:28,0.0,0.1,0.0,Maintenance of Compressor2,Confirmed,Unplanned,Germany,Eneco Gasspeicher,UGS Enschede - Epe (Eneco)
2021-10-07 08:40:56,2021-10-06 06:00:00,2021-10-06 18:00:00,0.0,19.5,0.0,Test of safety equipment . Possible restriction: Reduction of injection rate down to 300 tm³/h ,Estimate,Planned,Germany,Equinor Storage Deutschland,UGS Etzel EGL (Equinor Storage Deutschland)
2021-10-07 08:40:31,2021-10-06 06:00:00,2021-10-06 18:00:00,0.0,19.5,0.0,Test of safety equipment . Possible restriction: Reduction of injection rate down to 300 tm³/h ,Estimate,Planned,Germany,Uniper Energy Storage,UGS Etzel Erdgas Lager EGL
2021-10-06 08:09:39,2021-10-05 06:00:00,2021-10-06 06:00:00,0.0,39.0,0.0,Test of safety equipment . Possible restriction: Reduction of injection rate down to 300 tm³/h ,Estimate,Planned,Germany,Equinor Storage Deutschland,UGS Etzel EGL (Equinor Storage Deutschland)
2021-10-06 08:09:27,2021-10-05 06:00:00,2021-10-06 06:00:00,0.0,39.0,0.0,Test of safety equipment . Possible restriction: Reduction of injection rate down to 300 tm³/h ,Estimate,Planned,Germany,Uniper Energy Storage,UGS Etzel Erdgas Lager EGL
2021-10-06 08:09:07,2021-10-04 18:00:00,2021-10-05 12:00:00,0.0,21.0,0.0,"Maintenance of compressor unit. Possible restriction: Reduction of injection rate by up to 50%, but not affecting the delivery oft he SCB-Product of Netconnect Germany",Estimate,Planned,Germany,Uniper Energy Storage,UGS Epe Uniper L-Gas
2021-10-05 12:44:09,2021-11-01 10:00:00,2021-11-04 06:00:00,0.0,134.6,0.0,"Unplanned Maintenance
The limitation of injection capacity amounts to 100%.",Confirmed,Unplanned,Germany,Erdgasspeicher Peissen,UGS Katharina (historical data prior to 01/04/2026)
2021-10-05 12:22:05,2021-10-04 18:00:00,2021-10-05 06:00:00,0.0,19.5,0.0,Test of safety equipment . Possible restriction: Reduction of injection rate down to 300 tm³/h ,Estimate,Planned,Germany,Equinor Storage Deutschland,UGS Etzel EGL (Equinor Storage Deutschland)
2021-10-05 12:21:51,2021-10-04 18:00:00,2021-10-05 06:00:00,0.0,19.5,0.0,Test of safety equipment . Possible restriction: Reduction of injection rate down to 300 tm³/h,Estimate,Planned,Germany,Uniper Energy Storage,UGS Etzel Erdgas Lager EGL
2021-10-05 12:21:28,2021-10-04 06:00:00,2021-10-04 18:00:00,0.0,58.5,0.0,Test of safety equipment . Possible restriction: Reduction of injection rate down to 140 tm³/h ,Estimate,Planned,Germany,Equinor Storage Deutschland,UGS Etzel EGL (Equinor Storage Deutschland)
2021-10-05 12:21:16,2021-10-04 06:00:00,2021-10-04 18:00:00,0.0,58.5,0.0,Test of safety equipment . Possible restriction: Reduction of injection rate down to 140 tm³/h ,Estimate,Planned,Germany,Uniper Energy Storage,UGS Etzel Erdgas Lager EGL
2021-10-04 10:04:07,2021-10-03 06:00:00,2021-10-04 06:00:00,0.0,117.0,0.0,Test of safety equipment . Possible restriction: Reduction of injection rate down to 140 tm³/h ,Estimate,Planned,Germany,Equinor Storage Deutschland,UGS Etzel EGL (Equinor Storage Deutschland)
2021-10-04 10:03:56,2021-10-03 06:00:00,2021-10-04 06:00:00,0.0,117.0,0.0,Test of safety equipment . Possible restriction: Reduction of injection rate down to 140 tm³/h ,Estimate,Planned,Germany,Uniper Energy Storage,UGS Etzel Erdgas Lager EGL
2021-10-04 10:03:43,2021-10-02 18:00:00,2021-10-03 06:00:00,0.0,58.5,0.0,Test of safety equipment . Possible restriction: Reduction of injection rate down to 140 tm³/h,Estimate,Planned,Germany,Equinor Storage Deutschland,UGS Etzel EGL (Equinor Storage Deutschland)
2021-10-04 10:03:32,2021-10-02 18:00:00,2021-10-03 06:00:00,0.0,58.5,0.0,Test of safety equipment . Possible restriction: Reduction of injection rate down to 140 tm³/h ,Estimate,Planned,Germany,Uniper Energy Storage,UGS Etzel Erdgas Lager EGL
2021-10-04 10:03:17,2021-10-02 06:00:00,2021-10-02 18:00:00,0.0,77.5,135.5,Test of safety equipment. Possible restriction: Entire storage facility n/a,Estimate,Planned,Germany,Equinor Storage Deutschland,UGS Etzel EGL (Equinor Storage Deutschland)
2021-10-04 10:03:04,2021-10-02 06:00:00,2021-10-02 18:00:00,0.0,77.8,135.8,Test of safety equipment. Possible restiction: Entire storage facility n/a,Estimate,Planned,Germany,Uniper Energy Storage,UGS Etzel Erdgas Lager EGL
2021-10-04 10:02:54,2021-09-27 06:00:00,2021-10-02 06:00:00,266.0,155.0,271.0,Test of safety equipment. Possible restriction: Entire storage facility n/a,Estimate,Planned,Germany,Equinor Storage Deutschland,UGS Etzel EGL (Equinor Storage Deutschland)
2021-10-04 10:02:43,2021-09-27 06:00:00,2021-10-02 06:00:00,0.0,155.7,271.7,Test of safety equipment. Possible restriction: Entire storage facility n/a,Estimate,Planned,Germany,Uniper Energy Storage,UGS Etzel Erdgas Lager EGL
2021-10-04 10:02:31,2021-09-24 08:00:00,2021-10-03 16:00:00,0.0,0.0,349.0,Maintenance on reservoir wells. Possible restriction: Reduction of withdrawal rate by up to 100%,Estimate,Planned,Germany,Uniper Energy Storage,UGS Bierwang
2021-10-03 10:27:35,2021-10-03 10:22:50,2021-10-03 10:27:35,0.0,0.1,0.0,Maintenance of Compressor2,Confirmed,Unplanned,Germany,Eneco Gasspeicher,UGS Enschede - Epe (Eneco)
2021-10-01 10:53:46,2022-09-12 06:00:00,2022-09-24 18:00:00,0.0,344.8,530.4,The limitation of injection- and withdrawal rate amount to 100%.,Estimate,Planned,Germany,SEFE Storage (Germany),UGS Rehden
2021-10-01 09:35:40,2021-09-30 07:00:00,2021-09-30 08:00:00,0.0,101.0,131.0,Test of safety equipment. Possible restriction: Entire storage facility n/a,Estimate,Planned,Germany,Uniper Energy Storage,UGS Bierwang
2021-09-29 15:00:00,2021-09-22 14:00:00,2021-09-29 15:00:00,1.435,336.8,673.1,"Maintenance of Absorber1, Absorber2, Compressor_Bypass, Compressor1, Compressor2, Freeflow, Header1, Header2, ME1, ME2, Pipeline, RS1, RS2, S81, S82",Confirmed,Planned,Germany,Eneco Gasspeicher,UGS Enschede - Epe (Eneco)
2021-09-27 17:17:33,2021-07-15 06:00:00,2021-09-27 18:00:00,0.977,0.0,0.0,Cavern Repair Works,Confirmed,Planned,Germany,EKB,UGS Etzel EKB
2021-09-23 12:30:43,2022-01-17 08:00:00,2022-04-01 16:00:00,0.0,9.5,15.2,"Maintenance of compressor unit
Possible restriction: Reduction of injection rate by up to 33%, reduction of withdrawal rate by up to 33%",Confirmed,Planned,Germany,VNG Gasspeicher GmbH (6),UGS Etzel ESE (VGS)
2021-09-23 12:30:43,2022-01-03 08:00:00,2022-01-16 16:00:00,0.0,9.5,0.0,"Maintenance of compressor unit
Possible restriction: Reduction of injection rate by up to 33%",Confirmed,Planned,Germany,VNG Gasspeicher GmbH (6),UGS Etzel ESE (VGS)
2021-09-23 08:43:30,2021-09-22 07:00:00,2021-09-22 08:00:00,0.0,269.0,349.0,Test of safety equipment. Possible restriction: Entire storage facility n/a,Estimate,Planned,Germany,Uniper Energy Storage,UGS Bierwang
2021-09-23 08:13:14,2021-09-22 08:00:00,2021-09-22 18:00:00,0.0,177.0,165.0,Maintenance BEP Pipeline. Possible restriction: Connection to GTS System n/a,Estimate,Planned,Germany,Uniper Energy Storage,UGS Etzel ESE (Uniper Energy Storage)
2021-09-22 17:47:42,2021-09-22 08:00:00,2021-09-22 18:00:00,0.0,122.0,217.0,Maintenance Works on BEP-Pipeline. Capacity restriction only affects GTS-connection point.,Confirmed,Planned,Germany,EKB,UGS Etzel EKB
2021-09-22 14:00:00,2021-09-22 13:00:00,2021-09-22 14:00:00,0.0,1.8,3.2,"Maintenance of Absorber1, Absorber2, Compressor_Bypass, Compressor1, Compressor2, Header1, Header2, ME1, ME2, RS1, RS2",Confirmed,Unplanned,Germany,Eneco Gasspeicher,UGS Enschede - Epe (Eneco)
2021-09-22 13:23:05,2021-09-18 06:00:00,2021-09-22 13:00:00,0.0,14.2,0.0,Two Piston Compressors not available,Confirmed,Unplanned,Germany,NUON Epe Gasspeicher,UGS Enschede - Epe (Nuon)
2021-09-22 13:00:00,2021-09-22 12:00:00,2021-09-22 13:00:00,0.0,0.2,0.4,"Maintenance of Absorber1, Absorber2, Compressor_Bypass, Compressor1, Compressor2, Header1, Header2, ME1, ME2, RS1, RS2",Confirmed,Unplanned,Germany,Eneco Gasspeicher,UGS Enschede - Epe (Eneco)
2021-09-22 12:00:00,2021-09-22 11:00:00,2021-09-22 12:00:00,1.435,1.8,3.2,"Maintenance of Absorber1, Absorber2, Compressor_Bypass, Compressor1, Compressor2, Header1, Header2, ME1, ME2, RS1, RS2, S81, S82",Confirmed,Unplanned,Germany,Eneco Gasspeicher,UGS Enschede - Epe (Eneco)
2021-09-22 11:00:00,2021-09-22 10:00:00,2021-09-22 11:00:00,1.435,1.8,3.2,"Maintenance of Absorber1, Absorber2, Compressor_Bypass, Compressor1, Compressor2, Header1, Header2, ME1, ME2, RS1, RS2, S81, S82",Confirmed,Unplanned,Germany,Eneco Gasspeicher,UGS Enschede - Epe (Eneco)
2021-09-22 10:00:00,2021-09-22 09:00:00,2021-09-22 10:00:00,1.435,1.8,3.2,"Maintenance of Absorber1, Absorber2, Compressor_Bypass, Compressor1, Compressor2, Header1, Header2, ME1, ME2, RS1, RS2, S81, S82",Confirmed,Unplanned,Germany,Eneco Gasspeicher,UGS Enschede - Epe (Eneco)
2021-09-22 09:00:00,2021-09-22 08:00:00,2021-09-22 09:00:00,1.435,1.8,3.2,"Maintenance of Absorber1, Absorber2, Compressor_Bypass, Compressor1, Compressor2, Header1, Header2, ME1, ME2, RS1, RS2, S81, S82",Confirmed,Unplanned,Germany,Eneco Gasspeicher,UGS Enschede - Epe (Eneco)
2021-09-22 08:00:00,2021-09-22 07:00:00,2021-09-22 08:00:00,1.435,1.8,3.2,"Maintenance of Absorber1, Absorber2, Compressor_Bypass, Compressor1, Compressor2, Header1, Header2, ME1, ME2, RS1, RS2, S81, S82",Confirmed,Unplanned,Germany,Eneco Gasspeicher,UGS Enschede - Epe (Eneco)
2021-09-22 06:00:00,2021-09-22 05:00:00,2021-09-22 06:00:00,1.435,1.8,3.2,"Maintenance of Absorber1, Absorber2, Compressor_Bypass, Compressor1, Compressor2, Header1, Header2, ME1, ME2, RS1, RS2, S81, S82",Confirmed,Unplanned,Germany,Eneco Gasspeicher,UGS Enschede - Epe (Eneco)
2021-09-22 06:00:00,2021-09-22 06:00:00,2021-09-22 07:00:00,1.435,1.8,3.2,"Maintenance of Absorber1, Absorber2, Compressor_Bypass, Compressor1, Compressor2, Header1, Header2, ME1, ME2, RS1, RS2, S81, S82",Estimate,Unplanned,Germany,Eneco Gasspeicher,UGS Enschede - Epe (Eneco)
2021-09-22 05:00:00,2021-09-22 04:00:00,2021-09-22 05:00:00,1.435,1.8,3.2,"Maintenance of Absorber1, Absorber2, Compressor_Bypass, Compressor1, Compressor2, Header1, Header2, ME1, ME2, RS1, RS2, S81, S82",Confirmed,Unplanned,Germany,Eneco Gasspeicher,UGS Enschede - Epe (Eneco)
2021-09-22 04:00:00,2021-09-22 03:00:00,2021-09-22 04:00:00,1.435,1.8,3.2,"Maintenance of Absorber1, Absorber2, Compressor_Bypass, Compressor1, Compressor2, Header1, Header2, ME1, ME2, RS1, RS2, S81, S82",Confirmed,Unplanned,Germany,Eneco Gasspeicher,UGS Enschede - Epe (Eneco)
2021-09-22 03:00:00,2021-09-22 02:00:00,2021-09-22 03:00:00,1.435,0.1,0.2,"Maintenance of Absorber1, Absorber2, Compressor_Bypass, Compressor1, Compressor2, Header1, Header2, ME1, ME2, RS1, RS2, S81, S82",Confirmed,Unplanned,Germany,Eneco Gasspeicher,UGS Enschede - Epe (Eneco)
2021-09-22 02:00:00,2021-09-22 01:00:00,2021-09-22 02:00:00,1.435,1.8,3.2,"Maintenance of Absorber1, Absorber2, Compressor_Bypass, Compressor1, Compressor2, Header1, Header2, ME1, ME2, RS1, RS2, S81, S82",Confirmed,Unplanned,Germany,Eneco Gasspeicher,UGS Enschede - Epe (Eneco)
2021-09-22 01:00:00,2021-09-22 00:00:00,2021-09-22 01:00:00,1.435,1.8,3.2,"Maintenance of Absorber1, Absorber2, Compressor_Bypass, Compressor1, Compressor2, Header1, Header2, ME1, ME2, RS1, RS2, S81, S82",Confirmed,Unplanned,Germany,Eneco Gasspeicher,UGS Enschede - Epe (Eneco)
2021-09-22 00:00:00,2021-09-21 23:00:00,2021-09-22 00:00:00,1.435,1.8,3.2,"Maintenance of Absorber1, Absorber2, Compressor_Bypass, Compressor1, Compressor2, Header1, Header2, ME1, ME2, RS1, RS2, S81, S82",Confirmed,Unplanned,Germany,Eneco Gasspeicher,UGS Enschede - Epe (Eneco)
2021-09-21 23:00:00,2021-09-21 22:00:00,2021-09-21 23:00:00,1.435,1.8,3.2,"Maintenance of Absorber1, Absorber2, Compressor_Bypass, Compressor1, Compressor2, Header1, Header2, ME1, ME2, RS1, RS2, S81, S82",Confirmed,Unplanned,Germany,Eneco Gasspeicher,UGS Enschede - Epe (Eneco)
2021-09-21 22:00:00,2021-09-21 21:00:00,2021-09-21 22:00:00,1.435,0.1,0.1,"Maintenance of Absorber1, Absorber2, Compressor_Bypass, Compressor1, Compressor2, Header1, Header2, ME1, ME2, RS1, RS2, S81, S82",Confirmed,Unplanned,Germany,Eneco Gasspeicher,UGS Enschede - Epe (Eneco)
2021-09-21 21:00:00,2021-09-21 20:00:00,2021-09-21 21:00:00,1.435,1.8,3.2,"Maintenance of Absorber1, Absorber2, Compressor_Bypass, Compressor1, Compressor2, Header1, Header2, ME1, ME2, RS1, RS2, S81, S82",Confirmed,Unplanned,Germany,Eneco Gasspeicher,UGS Enschede - Epe (Eneco)
2021-09-21 20:00:00,2021-09-21 19:00:00,2021-09-21 20:00:00,1.435,1.8,3.2,"Maintenance of Absorber1, Absorber2, Compressor_Bypass, Compressor1, Compressor2, Header1, Header2, ME1, ME2, RS1, RS2, S81, S82",Confirmed,Unplanned,Germany,Eneco Gasspeicher,UGS Enschede - Epe (Eneco)
2021-09-21 19:00:00,2021-09-21 18:00:00,2021-09-21 19:00:00,1.435,1.8,3.2,"Maintenance of Absorber1, Absorber2, Compressor_Bypass, Compressor1, Compressor2, Header1, Header2, ME1, ME2, RS1, RS2, S81, S82",Confirmed,Unplanned,Germany,Eneco Gasspeicher,UGS Enschede - Epe (Eneco)
2021-09-21 18:00:00,2021-09-21 17:00:00,2021-09-21 18:00:00,1.435,1.8,3.2,"Maintenance of Absorber1, Absorber2, Compressor_Bypass, Compressor1, Compressor2, Header1, Header2, ME1, ME2, RS1, RS2, S81, S82",Confirmed,Unplanned,Germany,Eneco Gasspeicher,UGS Enschede - Epe (Eneco)
2021-09-21 17:00:00,2021-09-21 16:00:00,2021-09-21 17:00:00,1.435,1.8,3.2,"Maintenance of Compressor_Bypass, Compressor1, Compressor2, Header1, Header2, ME1, ME2, RS1, RS2, S81, S82",Confirmed,Unplanned,Germany,Eneco Gasspeicher,UGS Enschede - Epe (Eneco)
2021-09-21 16:00:00,2021-09-21 15:00:00,2021-09-21 16:00:00,1.435,1.8,3.2,"Maintenance of Compressor_Bypass, Compressor1, Compressor2, Header1, Header2, ME1, ME2, RS1, RS2, S81, S82",Confirmed,Unplanned,Germany,Eneco Gasspeicher,UGS Enschede - Epe (Eneco)
2021-09-21 15:00:00,2021-09-21 14:00:00,2021-09-21 15:00:00,1.435,1.8,3.2,"Maintenance of Compressor_Bypass, Compressor1, Compressor2, Header1, Header2, ME1, ME2, RS1, RS2, S81, S82",Confirmed,Unplanned,Germany,Eneco Gasspeicher,UGS Enschede - Epe (Eneco)
2021-09-21 14:54:28,2021-09-18 06:00:00,2021-09-20 17:00:00,0.0,35.4,0.0,One Turbo Compressor not available.,Confirmed,Unplanned,Germany,NUON Epe Gasspeicher,UGS Enschede - Epe (Nuon)
2021-09-21 14:00:00,2021-09-21 13:00:00,2021-09-21 14:00:00,1.435,1.8,3.2,"Maintenance of Compressor_Bypass, Compressor1, Compressor2, Header1, Header2, ME1, ME2, RS1, RS2, S81, S82",Confirmed,Unplanned,Germany,Eneco Gasspeicher,UGS Enschede - Epe (Eneco)
2021-09-21 13:00:00,2021-09-21 12:00:00,2021-09-21 13:00:00,1.435,1.8,3.2,"Maintenance of Compressor_Bypass, Compressor1, Compressor2, Header1, Header2, ME1, ME2, RS1, RS2, S81, S82",Confirmed,Unplanned,Germany,Eneco Gasspeicher,UGS Enschede - Epe (Eneco)
2021-09-21 12:00:00,2021-09-21 11:00:00,2021-09-21 12:00:00,1.435,0.0,0.1,"Maintenance of Compressor_Bypass, Compressor1, Compressor2, Header1, Header2, ME1, ME2, RS1, RS2, S81, S82",Confirmed,Unplanned,Germany,Eneco Gasspeicher,UGS Enschede - Epe (Eneco)
2021-09-21 11:00:00,2021-09-21 10:00:00,2021-09-21 11:00:00,1.435,1.8,3.2,"Maintenance of Compressor_Bypass, Compressor1, Compressor2, Header1, Header2, ME1, ME2, RS1, RS2, S81, S82",Confirmed,Unplanned,Germany,Eneco Gasspeicher,UGS Enschede - Epe (Eneco)
2021-09-21 10:00:00,2021-09-21 09:00:00,2021-09-21 10:00:00,1.435,1.8,3.2,"Maintenance of Compressor_Bypass, Compressor1, Compressor2, Header1, Header2, ME1, ME2, RS1, RS2, S81, S82",Confirmed,Unplanned,Germany,Eneco Gasspeicher,UGS Enschede - Epe (Eneco)
2021-09-21 09:00:00,2021-09-21 08:00:00,2021-09-21 09:00:00,1.435,1.8,3.2,"Maintenance of Compressor_Bypass, Compressor1, Compressor2, Header1, Header2, ME1, ME2, RS1, RS2, S81, S82",Confirmed,Unplanned,Germany,Eneco Gasspeicher,UGS Enschede - Epe (Eneco)
2021-09-21 08:00:00,2021-09-21 07:00:00,2021-09-21 08:00:00,1.435,1.8,3.2,"Maintenance of Absorber1, Absorber2, Compressor_Bypass, Compressor1, Compressor2, Header1, Header2, ME1, ME2, RS1, RS2, S81, S82",Confirmed,Unplanned,Germany,Eneco Gasspeicher,UGS Enschede - Epe (Eneco)
2021-09-21 06:00:00,2021-09-21 05:00:00,2021-09-21 06:00:00,1.435,0.0,0.1,"Maintenance of Absorber1, Absorber2, Compressor_Bypass, Compressor1, Compressor2, Header1, Header2, ME1, ME2, RS1, RS2, S81, S82",Confirmed,Unplanned,Germany,Eneco Gasspeicher,UGS Enschede - Epe (Eneco)
2021-09-21 06:00:00,2021-09-21 06:00:00,2021-09-21 07:00:00,1.435,1.8,3.2,"Maintenance of Absorber1, Absorber2, Compressor_Bypass, Compressor1, Compressor2, Header1, Header2, ME1, ME2, RS1, RS2, S81, S82",Estimate,Unplanned,Germany,Eneco Gasspeicher,UGS Enschede - Epe (Eneco)
2021-09-21 05:00:00,2021-09-21 04:00:00,2021-09-21 05:00:00,1.435,1.8,3.2,"Maintenance of Absorber1, Absorber2, Compressor_Bypass, Compressor1, Compressor2, Header1, Header2, ME1, ME2, RS1, RS2, S81, S82",Confirmed,Unplanned,Germany,Eneco Gasspeicher,UGS Enschede - Epe (Eneco)
2021-09-21 04:00:00,2021-09-21 03:00:00,2021-09-21 04:00:00,1.435,1.8,3.2,"Maintenance of Absorber1, Absorber2, Compressor_Bypass, Compressor1, Compressor2, Header1, Header2, ME1, ME2, RS1, RS2, S81, S82",Confirmed,Unplanned,Germany,Eneco Gasspeicher,UGS Enschede - Epe (Eneco)
2021-09-21 03:00:00,2021-09-21 02:00:00,2021-09-21 03:00:00,1.435,1.8,3.2,"Maintenance of Absorber1, Absorber2, Compressor_Bypass, Compressor1, Compressor2, Header1, Header2, ME1, ME2, RS1, RS2, S81, S82",Confirmed,Unplanned,Germany,Eneco Gasspeicher,UGS Enschede - Epe (Eneco)
2021-09-21 02:00:00,2021-09-21 01:00:00,2021-09-21 02:00:00,1.435,1.8,3.2,"Maintenance of Absorber1, Absorber2, Compressor_Bypass, Compressor1, Compressor2, Header1, Header2, ME1, ME2, RS1, RS2, S81, S82",Confirmed,Unplanned,Germany,Eneco Gasspeicher,UGS Enschede - Epe (Eneco)
2021-09-21 01:00:00,2021-09-21 00:00:00,2021-09-21 01:00:00,1.435,1.8,3.2,"Maintenance of Absorber1, Absorber2, Compressor_Bypass, Compressor1, Compressor2, Header1, Header2, ME1, ME2, RS1, RS2, S81, S82",Confirmed,Unplanned,Germany,Eneco Gasspeicher,UGS Enschede - Epe (Eneco)
2021-09-21 00:00:00,2021-09-20 23:00:00,2021-09-21 00:00:00,1.435,1.8,3.2,"Maintenance of Absorber1, Absorber2, Compressor_Bypass, Compressor1, Compressor2, Header1, Header2, ME1, ME2, RS1, RS2, S81, S82",Confirmed,Unplanned,Germany,Eneco Gasspeicher,UGS Enschede - Epe (Eneco)
2021-09-20 23:00:00,2021-09-20 22:00:00,2021-09-20 23:00:00,1.435,1.8,3.2,"Maintenance of Absorber1, Absorber2, Compressor_Bypass, Compressor1, Compressor2, Header1, Header2, ME1, ME2, RS1, RS2, S81, S82",Confirmed,Unplanned,Germany,Eneco Gasspeicher,UGS Enschede - Epe (Eneco)
2021-09-20 22:00:00,2021-09-20 21:00:00,2021-09-20 22:00:00,1.435,1.8,3.2,"Maintenance of Absorber1, Absorber2, Compressor_Bypass, Compressor1, Compressor2, Header1, Header2, ME1, ME2, RS1, RS2, S81, S82",Confirmed,Unplanned,Germany,Eneco Gasspeicher,UGS Enschede - Epe (Eneco)
2021-09-20 21:00:00,2021-09-20 20:00:00,2021-09-20 21:00:00,1.435,1.8,3.2,"Maintenance of Absorber1, Absorber2, Compressor_Bypass, Compressor1, Compressor2, Header1, Header2, ME1, ME2, RS1, RS2, S81, S82",Confirmed,Unplanned,Germany,Eneco Gasspeicher,UGS Enschede - Epe (Eneco)
2021-09-20 20:00:00,2021-09-20 19:00:00,2021-09-20 20:00:00,1.435,1.8,3.2,"Maintenance of Absorber1, Absorber2, Compressor_Bypass, Compressor1, Compressor2, Header1, Header2, ME1, ME2, RS1, RS2, S81, S82",Confirmed,Unplanned,Germany,Eneco Gasspeicher,UGS Enschede - Epe (Eneco)
2021-09-20 19:00:00,2021-09-20 18:00:00,2021-09-20 19:00:00,1.435,1.8,3.2,"Maintenance of Absorber1, Absorber2, Compressor_Bypass, Compressor1, Compressor2, Header1, Header2, ME1, ME2, RS1, RS2, S81, S82",Confirmed,Unplanned,Germany,Eneco Gasspeicher,UGS Enschede - Epe (Eneco)
2021-09-20 18:00:00,2021-09-20 17:00:00,2021-09-20 18:00:00,1.435,1.8,3.2,"Maintenance of Absorber1, Absorber2, Compressor_Bypass, Compressor1, Compressor2, Header1, Header2, ME1, ME2, RS1, RS2, S81, S82",Confirmed,Unplanned,Germany,Eneco Gasspeicher,UGS Enschede - Epe (Eneco)
2021-09-20 17:00:00,2021-09-20 16:00:00,2021-09-20 17:00:00,1.435,1.8,3.2,"Maintenance of Absorber1, Absorber2, Compressor_Bypass, Compressor1, Compressor2, Header1, Header2, ME1, ME2, RS1, RS2, S81, S82",Confirmed,Unplanned,Germany,Eneco Gasspeicher,UGS Enschede - Epe (Eneco)
2021-09-20 16:00:00,2021-09-20 15:00:00,2021-09-20 16:00:00,1.435,1.8,3.2,"Maintenance of Compressor_Bypass, Compressor1, Compressor2, Header1, Header2, ME1, ME2, RS1, RS2, S81, S82",Confirmed,Unplanned,Germany,Eneco Gasspeicher,UGS Enschede - Epe (Eneco)
2021-09-20 15:00:00,2021-09-20 14:00:00,2021-09-20 15:00:00,1.435,1.8,3.2,"Maintenance of Absorber1, Compressor_Bypass, Compressor1, Compressor2, Header1, Header2, ME1, ME2, RS1, RS2, S81, S82",Confirmed,Unplanned,Germany,Eneco Gasspeicher,UGS Enschede - Epe (Eneco)
2021-09-20 14:00:00,2021-09-20 13:00:00,2021-09-20 14:00:00,1.435,1.8,3.2,"Maintenance of Absorber1, Absorber2, Compressor_Bypass, Compressor1, Compressor2, Header1, Header2, ME1, ME2, RS1, RS2, S81, S82",Confirmed,Unplanned,Germany,Eneco Gasspeicher,UGS Enschede - Epe (Eneco)
2021-09-20 13:00:00,2021-09-20 12:00:00,2021-09-20 13:00:00,1.435,1.8,3.2,"Maintenance of Compressor_Bypass, Compressor1, Compressor2, Header1, Header2, ME1, ME2, RS1, RS2, S81, S82",Confirmed,Unplanned,Germany,Eneco Gasspeicher,UGS Enschede - Epe (Eneco)
2021-09-20 12:00:00,2021-09-20 11:00:00,2021-09-20 12:00:00,1.435,1.8,3.2,"Maintenance of Compressor_Bypass, Compressor1, Compressor2, Header1, Header2, ME1, ME2, RS1, RS2, S81, S82",Confirmed,Unplanned,Germany,Eneco Gasspeicher,UGS Enschede - Epe (Eneco)
2021-09-20 11:00:00,2021-09-20 10:00:00,2021-09-20 11:00:00,1.435,1.8,3.2,"Maintenance of Compressor_Bypass, Compressor1, Compressor2, Header1, Header2, ME1, ME2, RS1, RS2, S81, S82",Confirmed,Unplanned,Germany,Eneco Gasspeicher,UGS Enschede - Epe (Eneco)
2021-09-20 10:00:00,2021-09-20 09:00:00,2021-09-20 10:00:00,1.435,1.8,3.2,"Maintenance of Absorber1, Absorber2, Compressor_Bypass, Compressor1, Compressor2, Header1, Header2, ME1, ME2, RS1, RS2, S81, S82",Confirmed,Unplanned,Germany,Eneco Gasspeicher,UGS Enschede - Epe (Eneco)
2021-09-20 09:00:00,2021-09-20 08:00:00,2021-09-20 09:00:00,1.435,1.8,3.2,"Maintenance of Absorber1, Absorber2, Compressor_Bypass, Compressor1, Compressor2, Header1, Header2, ME1, ME2, RS1, RS2, S81, S82",Confirmed,Unplanned,Germany,Eneco Gasspeicher,UGS Enschede - Epe (Eneco)
2021-09-20 08:49:21,2021-07-02 10:00:00,2021-09-17 16:00:00,0.0,0.0,105.0,Dryer 1+3 n.a. - absorber pressure-vessel testing. Possible restriction: Reduction of withdrawal rate by up to 30%,Estimate,Planned,Germany,Uniper Energy Storage,UGS Bierwang
2021-09-20 08:03:51,2021-07-05 08:00:00,2021-09-17 16:00:00,0.0,0.0,110.0,Replacement of drying unit. Possible restriction: Reduction of withdrawal rate by up to 33%,Estimate,Planned,Germany,Uniper Energy Storage,UGS Bierwang
2021-09-20 08:00:00,2021-09-20 07:00:00,2021-09-20 08:00:00,1.435,1.8,3.2,"Maintenance of Absorber1, Absorber2, Compressor_Bypass, Compressor1, Compressor2, Header1, Header2, ME1, ME2, RS1, RS2, S81, S82",Confirmed,Unplanned,Germany,Eneco Gasspeicher,UGS Enschede - Epe (Eneco)
2021-09-20 06:00:00,2021-09-20 05:00:00,2021-09-20 06:00:00,1.435,1.8,3.2,"Maintenance of Absorber1, Absorber2, Compressor_Bypass, Compressor1, Compressor2, Header1, Header2, ME1, ME2, RS1, RS2, S81, S82",Confirmed,Unplanned,Germany,Eneco Gasspeicher,UGS Enschede - Epe (Eneco)
2021-09-20 06:00:00,2021-09-20 06:00:00,2021-09-20 07:00:00,1.435,1.8,3.2,"Maintenance of Absorber1, Absorber2, Compressor_Bypass, Compressor1, Compressor2, Header1, Header2, ME1, ME2, RS1, RS2, S81, S82",Estimate,Unplanned,Germany,Eneco Gasspeicher,UGS Enschede - Epe (Eneco)
2021-09-20 05:00:00,2021-09-20 04:00:00,2021-09-20 05:00:00,1.435,1.8,3.2,"Maintenance of Absorber1, Absorber2, Compressor_Bypass, Compressor1, Compressor2, Header1, Header2, ME1, ME2, RS1, RS2, S81, S82",Confirmed,Unplanned,Germany,Eneco Gasspeicher,UGS Enschede - Epe (Eneco)
2021-09-20 04:00:00,2021-09-20 03:00:00,2021-09-20 04:00:00,1.435,1.8,3.2,"Maintenance of Absorber1, Absorber2, Compressor_Bypass, Compressor1, Compressor2, Header1, Header2, ME1, ME2, RS1, RS2, S81, S82",Confirmed,Unplanned,Germany,Eneco Gasspeicher,UGS Enschede - Epe (Eneco)
2021-09-20 03:00:00,2021-09-20 02:00:00,2021-09-20 03:00:00,1.435,0.1,0.1,"Maintenance of Absorber1, Absorber2, Compressor_Bypass, Compressor1, Compressor2, Header1, Header2, ME1, ME2, RS1, RS2, S81, S82",Confirmed,Unplanned,Germany,Eneco Gasspeicher,UGS Enschede - Epe (Eneco)
2021-09-20 02:00:00,2021-09-20 01:00:00,2021-09-20 02:00:00,1.435,1.8,3.2,"Maintenance of Absorber1, Absorber2, Compressor_Bypass, Compressor1, Compressor2, Header1, Header2, ME1, ME2, RS1, RS2, S81, S82",Confirmed,Unplanned,Germany,Eneco Gasspeicher,UGS Enschede - Epe (Eneco)
2021-09-20 01:00:00,2021-09-20 00:00:00,2021-09-20 01:00:00,1.435,1.8,3.2,"Maintenance of Absorber1, Absorber2, Compressor_Bypass, Compressor1, Compressor2, Header1, Header2, ME1, ME2, RS1, RS2, S81, S82",Confirmed,Unplanned,Germany,Eneco Gasspeicher,UGS Enschede - Epe (Eneco)
2021-09-20 00:00:00,2021-09-19 23:00:00,2021-09-20 00:00:00,1.435,0.1,0.1,"Maintenance of Absorber1, Absorber2, Compressor_Bypass, Compressor1, Compressor2, Header1, Header2, ME1, ME2, RS1, RS2, S81, S82",Confirmed,Unplanned,Germany,Eneco Gasspeicher,UGS Enschede - Epe (Eneco)
2021-09-19 23:00:00,2021-09-19 22:00:00,2021-09-19 23:00:00,1.435,1.8,3.2,"Maintenance of Absorber1, Absorber2, Compressor_Bypass, Compressor1, Compressor2, Header1, Header2, ME1, ME2, RS1, RS2, S81, S82",Confirmed,Unplanned,Germany,Eneco Gasspeicher,UGS Enschede - Epe (Eneco)
2021-09-19 22:00:00,2021-09-19 21:00:00,2021-09-19 22:00:00,1.435,1.8,3.2,"Maintenance of Absorber1, Absorber2, Compressor_Bypass, Compressor1, Compressor2, Header1, Header2, ME1, ME2, RS1, RS2, S81, S82",Confirmed,Unplanned,Germany,Eneco Gasspeicher,UGS Enschede - Epe (Eneco)
2021-09-19 21:00:00,2021-09-19 20:00:00,2021-09-19 21:00:00,1.435,1.8,3.2,"Maintenance of Absorber1, Absorber2, Compressor_Bypass, Compressor1, Compressor2, Header1, Header2, ME1, ME2, RS1, RS2, S81, S82",Confirmed,Unplanned,Germany,Eneco Gasspeicher,UGS Enschede - Epe (Eneco)
2021-09-19 20:00:00,2021-09-19 19:00:00,2021-09-19 20:00:00,1.435,1.8,3.2,"Maintenance of Absorber1, Absorber2, Compressor_Bypass, Compressor1, Compressor2, Header1, Header2, ME1, ME2, RS1, RS2, S81, S82",Confirmed,Unplanned,Germany,Eneco Gasspeicher,UGS Enschede - Epe (Eneco)
2021-09-19 19:00:00,2021-09-19 18:00:00,2021-09-19 19:00:00,1.435,1.8,3.2,"Maintenance of Absorber1, Absorber2, Compressor_Bypass, Compressor1, Compressor2, Header1, Header2, ME1, ME2, RS1, RS2, S81, S82",Confirmed,Unplanned,Germany,Eneco Gasspeicher,UGS Enschede - Epe (Eneco)
2021-09-19 18:00:00,2021-09-19 17:00:00,2021-09-19 18:00:00,1.435,1.8,3.2,"Maintenance of Absorber1, Absorber2, Compressor_Bypass, Compressor1, Compressor2, Header1, Header2, ME1, ME2, RS1, RS2, S81, S82",Confirmed,Unplanned,Germany,Eneco Gasspeicher,UGS Enschede - Epe (Eneco)
2021-09-19 17:00:00,2021-09-19 16:00:00,2021-09-19 17:00:00,1.435,1.8,3.2,"Maintenance of Absorber1, Absorber2, Compressor_Bypass, Compressor1, Compressor2, Header1, Header2, ME1, ME2, RS1, RS2, S81, S82",Confirmed,Unplanned,Germany,Eneco Gasspeicher,UGS Enschede - Epe (Eneco)
2021-09-19 16:00:00,2021-09-19 15:00:00,2021-09-19 16:00:00,1.435,1.8,3.2,"Maintenance of Absorber1, Absorber2, Compressor_Bypass, Compressor1, Compressor2, Header1, Header2, ME1, ME2, RS1, RS2, S81, S82",Confirmed,Unplanned,Germany,Eneco Gasspeicher,UGS Enschede - Epe (Eneco)
2021-09-19 15:00:00,2021-09-19 14:00:00,2021-09-19 15:00:00,1.435,1.8,3.2,"Maintenance of Absorber1, Absorber2, Compressor_Bypass, Compressor1, Compressor2, Header1, Header2, ME1, ME2, RS1, RS2, S81, S82",Confirmed,Unplanned,Germany,Eneco Gasspeicher,UGS Enschede - Epe (Eneco)
2021-09-19 14:00:00,2021-09-19 13:00:00,2021-09-19 14:00:00,1.435,1.8,3.2,"Maintenance of Absorber1, Absorber2, Compressor_Bypass, Compressor1, Compressor2, Header1, Header2, ME1, ME2, RS1, RS2, S81, S82",Confirmed,Unplanned,Germany,Eneco Gasspeicher,UGS Enschede - Epe (Eneco)
2021-09-19 13:00:00,2021-09-19 12:00:00,2021-09-19 13:00:00,1.435,1.8,3.2,"Maintenance of Absorber1, Absorber2, Compressor_Bypass, Compressor1, Compressor2, Header1, Header2, ME1, ME2, RS1, RS2, S81, S82",Confirmed,Unplanned,Germany,Eneco Gasspeicher,UGS Enschede - Epe (Eneco)
2021-09-19 12:00:00,2021-09-19 11:00:00,2021-09-19 12:00:00,1.435,1.8,3.2,"Maintenance of Absorber1, Absorber2, Compressor_Bypass, Compressor1, Compressor2, Header1, Header2, ME1, ME2, RS1, RS2, S81, S82",Confirmed,Unplanned,Germany,Eneco Gasspeicher,UGS Enschede - Epe (Eneco)
2021-09-19 11:00:00,2021-09-19 10:00:00,2021-09-19 11:00:00,1.435,1.8,3.2,"Maintenance of Absorber1, Absorber2, Compressor_Bypass, Compressor1, Compressor2, Header1, Header2, ME1, ME2, RS1, RS2, S81, S82",Confirmed,Unplanned,Germany,Eneco Gasspeicher,UGS Enschede - Epe (Eneco)
2021-09-19 10:00:00,2021-09-19 09:00:00,2021-09-19 10:00:00,1.435,1.8,3.2,"Maintenance of Absorber1, Absorber2, Compressor_Bypass, Compressor1, Compressor2, Header1, Header2, ME1, ME2, RS1, RS2, S81, S82",Confirmed,Unplanned,Germany,Eneco Gasspeicher,UGS Enschede - Epe (Eneco)
2021-09-19 09:00:00,2021-09-19 08:00:00,2021-09-19 09:00:00,1.435,1.8,3.2,"Maintenance of Absorber1, Absorber2, Compressor_Bypass, Compressor1, Compressor2, Header1, Header2, ME1, ME2, RS1, RS2, S81, S82",Confirmed,Unplanned,Germany,Eneco Gasspeicher,UGS Enschede - Epe (Eneco)
2021-09-19 08:00:00,2021-09-19 07:00:00,2021-09-19 08:00:00,1.435,1.8,3.2,"Maintenance of Absorber1, Absorber2, Compressor_Bypass, Compressor1, Compressor2, Header1, Header2, ME1, ME2, RS1, RS2, S81, S82",Confirmed,Unplanned,Germany,Eneco Gasspeicher,UGS Enschede - Epe (Eneco)
2021-09-19 06:00:00,2021-09-19 05:00:00,2021-09-19 06:00:00,1.435,1.8,3.2,"Maintenance of Absorber1, Absorber2, Compressor_Bypass, Compressor1, Compressor2, Header1, Header2, ME1, ME2, RS1, RS2, S81, S82",Confirmed,Unplanned,Germany,Eneco Gasspeicher,UGS Enschede - Epe (Eneco)
2021-09-19 06:00:00,2021-09-19 06:00:00,2021-09-19 07:00:00,1.435,1.8,3.2,"Maintenance of Absorber1, Absorber2, Compressor_Bypass, Compressor1, Compressor2, Header1, Header2, ME1, ME2, RS1, RS2, S81, S82",Estimate,Unplanned,Germany,Eneco Gasspeicher,UGS Enschede - Epe (Eneco)
2021-09-19 05:00:00,2021-09-19 04:00:00,2021-09-19 05:00:00,1.435,1.8,3.2,"Maintenance of Absorber1, Absorber2, Compressor_Bypass, Compressor1, Compressor2, Header1, Header2, ME1, ME2, RS1, RS2, S81, S82",Confirmed,Unplanned,Germany,Eneco Gasspeicher,UGS Enschede - Epe (Eneco)
2021-09-19 04:00:00,2021-09-19 03:00:00,2021-09-19 04:00:00,1.435,1.8,3.2,"Maintenance of Absorber1, Absorber2, Compressor_Bypass, Compressor1, Compressor2, Header1, Header2, ME1, ME2, RS1, RS2, S81, S82",Confirmed,Unplanned,Germany,Eneco Gasspeicher,UGS Enschede - Epe (Eneco)
2021-09-19 03:00:00,2021-09-19 02:00:00,2021-09-19 03:00:00,1.435,1.8,3.2,"Maintenance of Absorber1, Absorber2, Compressor_Bypass, Compressor1, Compressor2, Header1, Header2, ME1, ME2, RS1, RS2, S81, S82",Confirmed,Unplanned,Germany,Eneco Gasspeicher,UGS Enschede - Epe (Eneco)
2021-09-19 02:00:00,2021-09-19 01:00:00,2021-09-19 02:00:00,1.435,1.8,3.2,"Maintenance of Absorber1, Absorber2, Compressor_Bypass, Compressor1, Compressor2, Header1, Header2, ME1, ME2, RS1, RS2, S81, S82",Confirmed,Unplanned,Germany,Eneco Gasspeicher,UGS Enschede - Epe (Eneco)
2021-09-19 01:00:00,2021-09-19 00:00:00,2021-09-19 01:00:00,1.435,1.8,3.2,"Maintenance of Absorber1, Absorber2, Compressor_Bypass, Compressor1, Compressor2, Header1, Header2, ME1, ME2, RS1, RS2, S81, S82",Confirmed,Unplanned,Germany,Eneco Gasspeicher,UGS Enschede - Epe (Eneco)
2021-09-19 00:00:00,2021-09-18 23:00:00,2021-09-19 00:00:00,1.435,1.8,3.2,"Maintenance of Absorber1, Absorber2, Compressor_Bypass, Compressor1, Compressor2, Header1, Header2, ME1, ME2, RS1, RS2, S81, S82",Confirmed,Unplanned,Germany,Eneco Gasspeicher,UGS Enschede - Epe (Eneco)
2021-09-18 23:00:00,2021-09-18 22:00:00,2021-09-18 23:00:00,1.435,1.8,3.2,"Maintenance of Absorber1, Absorber2, Compressor_Bypass, Compressor1, Compressor2, Header1, Header2, ME1, ME2, RS1, RS2, S81, S82",Confirmed,Unplanned,Germany,Eneco Gasspeicher,UGS Enschede - Epe (Eneco)
2021-09-18 22:00:00,2021-09-18 21:00:00,2021-09-18 22:00:00,1.435,1.8,3.2,"Maintenance of Absorber1, Absorber2, Compressor_Bypass, Compressor1, Compressor2, Header1, Header2, ME1, ME2, RS1, RS2, S81, S82",Confirmed,Unplanned,Germany,Eneco Gasspeicher,UGS Enschede - Epe (Eneco)
2021-09-18 21:00:00,2021-09-18 20:00:00,2021-09-18 21:00:00,1.435,1.8,3.2,"Maintenance of Absorber1, Absorber2, Compressor_Bypass, Compressor1, Compressor2, Header1, Header2, ME1, ME2, RS1, RS2, S81, S82",Confirmed,Unplanned,Germany,Eneco Gasspeicher,UGS Enschede - Epe (Eneco)
2021-09-18 20:00:00,2021-09-18 19:00:00,2021-09-18 20:00:00,1.435,1.8,3.2,"Maintenance of Absorber1, Absorber2, Compressor_Bypass, Compressor1, Compressor2, Header1, Header2, ME1, ME2, RS1, RS2, S81, S82",Confirmed,Unplanned,Germany,Eneco Gasspeicher,UGS Enschede - Epe (Eneco)
2021-09-18 19:00:00,2021-09-18 18:00:00,2021-09-18 19:00:00,1.435,1.8,3.2,"Maintenance of Absorber1, Absorber2, Compressor_Bypass, Compressor1, Compressor2, Header1, Header2, ME1, ME2, RS1, RS2, S81, S82",Confirmed,Unplanned,Germany,Eneco Gasspeicher,UGS Enschede - Epe (Eneco)
2021-09-18 18:00:00,2021-09-18 17:00:00,2021-09-18 18:00:00,1.435,1.8,3.2,"Maintenance of Absorber1, Absorber2, Compressor_Bypass, Compressor1, Compressor2, Header1, Header2, ME1, ME2, RS1, RS2, S81, S82",Confirmed,Unplanned,Germany,Eneco Gasspeicher,UGS Enschede - Epe (Eneco)
2021-09-18 17:00:00,2021-09-18 16:00:00,2021-09-18 17:00:00,1.435,1.8,3.2,"Maintenance of Absorber1, Absorber2, Compressor_Bypass, Compressor1, Compressor2, Header1, Header2, ME1, ME2, RS1, RS2, S81, S82",Confirmed,Unplanned,Germany,Eneco Gasspeicher,UGS Enschede - Epe (Eneco)
2021-09-18 16:00:00,2021-09-18 15:00:00,2021-09-18 16:00:00,1.435,1.8,3.2,"Maintenance of Absorber1, Absorber2, Compressor_Bypass, Compressor1, Compressor2, Header1, Header2, ME1, ME2, RS1, RS2, S81, S82",Confirmed,Unplanned,Germany,Eneco Gasspeicher,UGS Enschede - Epe (Eneco)
2021-09-18 15:00:00,2021-09-18 14:00:00,2021-09-18 15:00:00,1.435,1.8,3.2,"Maintenance of Absorber1, Absorber2, Compressor_Bypass, Compressor1, Compressor2, Header1, Header2, ME1, ME2, RS1, RS2, S81, S82",Confirmed,Unplanned,Germany,Eneco Gasspeicher,UGS Enschede - Epe (Eneco)
2021-09-18 14:00:00,2021-09-18 13:00:00,2021-09-18 14:00:00,1.435,1.8,3.2,"Maintenance of Absorber1, Absorber2, Compressor_Bypass, Compressor1, Compressor2, Header1, Header2, ME1, ME2, RS1, RS2, S81, S82",Confirmed,Unplanned,Germany,Eneco Gasspeicher,UGS Enschede - Epe (Eneco)
2021-09-18 13:00:00,2021-09-18 12:00:00,2021-09-18 13:00:00,1.435,0.1,0.2,"Maintenance of Absorber1, Absorber2, Compressor_Bypass, Compressor1, Compressor2, Header1, Header2, ME1, ME2, RS1, RS2, S81, S82",Confirmed,Unplanned,Germany,Eneco Gasspeicher,UGS Enschede - Epe (Eneco)
2021-09-18 12:00:00,2021-09-18 11:00:00,2021-09-18 12:00:00,1.435,1.8,3.2,"Maintenance of Absorber1, Absorber2, Compressor_Bypass, Compressor1, Compressor2, Header1, Header2, ME1, ME2, RS1, RS2, S81, S82",Confirmed,Unplanned,Germany,Eneco Gasspeicher,UGS Enschede - Epe (Eneco)
2021-09-18 11:00:00,2021-09-18 10:00:00,2021-09-18 11:00:00,1.435,1.8,3.2,"Maintenance of Absorber1, Absorber2, Compressor_Bypass, Compressor1, Compressor2, Header1, Header2, ME1, ME2, RS1, RS2, S81, S82",Confirmed,Unplanned,Germany,Eneco Gasspeicher,UGS Enschede - Epe (Eneco)
2021-09-18 10:00:00,2021-09-18 09:00:00,2021-09-18 10:00:00,1.435,1.8,3.2,"Maintenance of Absorber1, Absorber2, Compressor_Bypass, Compressor1, Compressor2, Header1, Header2, ME1, ME2, RS1, RS2, S81, S82",Confirmed,Unplanned,Germany,Eneco Gasspeicher,UGS Enschede - Epe (Eneco)
2021-09-18 09:00:00,2021-09-18 08:00:00,2021-09-18 09:00:00,1.435,1.8,3.2,"Maintenance of Absorber1, Absorber2, Compressor_Bypass, Compressor1, Compressor2, Header1, Header2, ME1, ME2, RS1, RS2, S81, S82",Confirmed,Unplanned,Germany,Eneco Gasspeicher,UGS Enschede - Epe (Eneco)
2021-09-18 08:00:00,2021-09-18 07:00:00,2021-09-18 08:00:00,1.435,1.8,3.2,"Maintenance of Absorber1, Absorber2, Compressor_Bypass, Compressor1, Compressor2, Header1, Header2, ME1, ME2, RS1, RS2, S81, S82",Confirmed,Unplanned,Germany,Eneco Gasspeicher,UGS Enschede - Epe (Eneco)
2021-09-18 06:41:04,2021-08-16 00:00:00,2021-09-18 08:00:00,3.012,85.0,141.6,"Total Plant Revision 
--&amp;gt; Finished earlier (only available delivering gas)",Confirmed,Planned,Germany,NUON Epe Gasspeicher,UGS Enschede - Epe (Nuon)
2021-09-18 06:00:00,2021-09-18 05:00:00,2021-09-18 06:00:00,1.435,1.8,3.2,"Maintenance of Absorber1, Absorber2, Compressor_Bypass, Compressor1, Compressor2, Header1, Header2, ME1, ME2, RS1, RS2, S81, S82",Confirmed,Unplanned,Germany,Eneco Gasspeicher,UGS Enschede - Epe (Eneco)
2021-09-18 06:00:00,2021-09-18 06:00:00,2021-09-18 07:00:00,1.435,1.8,3.2,"Maintenance of Absorber1, Absorber2, Compressor_Bypass, Compressor1, Compressor2, Header1, Header2, ME1, ME2, RS1, RS2, S81, S82",Estimate,Unplanned,Germany,Eneco Gasspeicher,UGS Enschede - Epe (Eneco)
2021-09-18 05:00:00,2021-09-18 04:00:00,2021-09-18 05:00:00,1.435,1.8,3.2,"Maintenance of Absorber1, Absorber2, Compressor_Bypass, Compressor1, Compressor2, Header1, Header2, ME1, ME2, RS1, RS2, S81, S82",Confirmed,Unplanned,Germany,Eneco Gasspeicher,UGS Enschede - Epe (Eneco)
2021-09-18 04:00:00,2021-09-18 03:00:00,2021-09-18 04:00:00,1.435,1.8,3.2,"Maintenance of Absorber1, Absorber2, Compressor_Bypass, Compressor1, Compressor2, Header1, Header2, ME1, ME2, RS1, RS2, S81, S82",Confirmed,Unplanned,Germany,Eneco Gasspeicher,UGS Enschede - Epe (Eneco)
2021-09-18 03:00:00,2021-09-18 02:00:00,2021-09-18 03:00:00,1.435,1.8,3.2,"Maintenance of Absorber1, Absorber2, Compressor_Bypass, Compressor1, Compressor2, Header1, Header2, ME1, ME2, RS1, RS2, S81, S82",Confirmed,Unplanned,Germany,Eneco Gasspeicher,UGS Enschede - Epe (Eneco)
2021-09-18 02:00:00,2021-09-18 01:00:00,2021-09-18 02:00:00,1.435,1.8,3.2,"Maintenance of Absorber1, Absorber2, Compressor_Bypass, Compressor1, Compressor2, Header1, Header2, ME1, ME2, RS1, RS2, S81, S82",Confirmed,Unplanned,Germany,Eneco Gasspeicher,UGS Enschede - Epe (Eneco)
2021-09-18 01:00:00,2021-09-18 00:00:00,2021-09-18 01:00:00,1.435,1.8,3.2,"Maintenance of Absorber1, Absorber2, Compressor_Bypass, Compressor1, Compressor2, Header1, Header2, ME1, ME2, RS1, RS2, S81, S82",Confirmed,Unplanned,Germany,Eneco Gasspeicher,UGS Enschede - Epe (Eneco)
2021-09-18 00:00:00,2021-09-17 23:00:00,2021-09-18 00:00:00,1.435,1.8,3.2,"Maintenance of Absorber1, Absorber2, Compressor_Bypass, Compressor1, Compressor2, Header1, Header2, ME1, ME2, RS1, RS2, S81, S82",Confirmed,Unplanned,Germany,Eneco Gasspeicher,UGS Enschede - Epe (Eneco)
2021-09-17 23:00:00,2021-09-17 22:00:00,2021-09-17 23:00:00,1.435,1.8,3.2,"Maintenance of Absorber1, Absorber2, Compressor_Bypass, Compressor1, Compressor2, Header1, Header2, ME1, ME2, RS1, RS2, S81, S82",Confirmed,Unplanned,Germany,Eneco Gasspeicher,UGS Enschede - Epe (Eneco)
2021-09-17 22:00:00,2021-09-17 21:00:00,2021-09-17 22:00:00,1.435,1.8,3.2,"Maintenance of Absorber1, Absorber2, Compressor_Bypass, Compressor1, Compressor2, Header1, Header2, ME1, ME2, RS1, RS2, S81, S82",Confirmed,Unplanned,Germany,Eneco Gasspeicher,UGS Enschede - Epe (Eneco)
2021-09-17 21:00:00,2021-09-17 20:00:00,2021-09-17 21:00:00,1.435,1.8,3.2,"Maintenance of Absorber1, Absorber2, Compressor_Bypass, Compressor1, Compressor2, Header1, Header2, ME1, ME2, RS1, RS2, S81, S82",Confirmed,Unplanned,Germany,Eneco Gasspeicher,UGS Enschede - Epe (Eneco)
2021-09-17 20:00:00,2021-09-17 19:00:00,2021-09-17 20:00:00,1.435,1.8,3.2,"Maintenance of Absorber1, Absorber2, Compressor_Bypass, Compressor1, Compressor2, Header1, Header2, ME1, ME2, RS1, RS2, S81, S82",Confirmed,Unplanned,Germany,Eneco Gasspeicher,UGS Enschede - Epe (Eneco)
2021-09-17 19:00:00,2021-09-17 18:00:00,2021-09-17 19:00:00,1.435,1.8,3.2,"Maintenance of Absorber1, Absorber2, Compressor_Bypass, Compressor1, Compressor2, Header1, Header2, ME1, ME2, RS1, RS2, S81, S82",Confirmed,Unplanned,Germany,Eneco Gasspeicher,UGS Enschede - Epe (Eneco)
2021-09-17 18:00:00,2021-09-17 17:00:00,2021-09-17 18:00:00,1.435,1.8,3.2,"Maintenance of Absorber1, Absorber2, Compressor_Bypass, Compressor1, Compressor2, Header1, Header2, ME1, ME2, RS1, RS2, S81, S82",Confirmed,Unplanned,Germany,Eneco Gasspeicher,UGS Enschede - Epe (Eneco)
2021-09-17 17:00:00,2021-09-17 16:00:00,2021-09-17 17:00:00,1.435,1.8,3.2,"Maintenance of Absorber1, Absorber2, Compressor_Bypass, Compressor1, Compressor2, Header1, Header2, ME1, ME2, RS1, RS2, S81, S82",Confirmed,Unplanned,Germany,Eneco Gasspeicher,UGS Enschede - Epe (Eneco)
2021-09-16 17:56:25,2021-09-03 06:00:00,2021-09-16 19:00:00,0.0,0.0,217.0,tie-in works withdrawal train,Confirmed,Planned,Germany,EKB,UGS Etzel EKB
2021-09-16 08:06:56,2021-09-14 08:00:00,2021-09-15 18:00:00,0.0,27.4,109.0,Maintenance of metering station. Possible restriction: 50% of GTS flange n/a ,Estimate,Planned,Germany,Uniper Energy Storage,UGS Etzel ESE (Uniper Energy Storage)
2021-09-13 08:59:36,2021-05-03 08:00:00,2021-09-03 16:00:00,0.0,14.0,37.0,"Bore workover. Possible restriction: Reduction of injection rate by up to 5%, reduction of withdrawal rate by up to 10%",Estimate,Planned,Germany,Uniper Energy Storage,UGS Bierwang
2021-09-02 10:16:03,2021-11-02 08:00:00,2021-11-02 17:00:00,2.124,41.0,109.4,"Test of safety equipment.
Possible restriction: Entire storage facility n/a",Estimate,Planned,Germany,MET Epe Speicher,UGS Epe (MET Epe Speicher)
2021-08-30 06:07:49,2021-08-30 08:00:00,2021-09-17 16:00:00,1.435,879.2,,"Maintenance of Absorber1, Absorber2, Compressor_Bypass, Compressor1, Compressor2, Freeflow, Header1, Header2, ME1, ME2, Pipeline, RS1, RS2, S81, S82",Estimate,Planned,Germany,Eneco Gasspeicher,UGS Enschede - Epe (Eneco)
2021-08-26 08:04:27,2021-08-25 07:00:00,2021-08-25 13:00:00,0.0,20.0,0.0,Maintenance Gas Entry . Possible restriction: Reduction of injection rate up to 50% ,Estimate,Planned,Germany,Equinor Storage Deutschland,UGS Etzel EGL (Equinor Storage Deutschland)
2021-08-26 08:04:16,2021-08-25 07:00:00,2021-08-25 13:00:00,0.0,20.0,0.0,Maintenance Gas Entry. Possible restriction: Reduction of injection rate up to 50% ,Estimate,Planned,Germany,Uniper Energy Storage,UGS Etzel Erdgas Lager EGL
2021-08-25 08:05:17,2021-08-23 20:00:00,2021-08-24 14:00:00,0.0,28.0,0.0,"Maintenance of compressor unit. Possible restriction: Reduction of injection rate by up to 100%, but not affecting the delivery oft he SCB-Product of Netconnect Germany",Estimate,Planned,Germany,Uniper Energy Storage,UGS Epe Uniper L-Gas
2021-08-20 12:00:00,2021-08-20 11:15:00,2021-08-20 12:00:00,1.435,1.3,2.4,"Maintenance of S81, S82",Confirmed,Unplanned,Germany,Eneco Gasspeicher,UGS Enschede - Epe (Eneco)
2021-08-20 09:23:29,2021-08-18 07:00:00,2021-08-19 16:00:00,0.0,0.0,285.0,Maintenance. Possible restriction: Reduction of withdrawal rate by up to 100%,Estimate,Planned,Germany,Uniper Energy Storage,UGS Epe Uniper L-Gas
2021-08-19 12:27:42,2022-05-16 06:00:00,2022-10-01 06:00:00,0.0,0.0,53.8,During tis time the withdrawal rate is decreased by 50%.,Confirmed,Planned,Germany,Storengy Deutschland,UGS Uelsen
2021-08-19 12:27:42,2022-05-02 06:00:00,2022-05-16 06:00:00,0.0,81.0,107.6,During this time neither injection nor withdrawal is possible.,Confirmed,Planned,Germany,Storengy Deutschland,UGS Uelsen
2021-08-19 12:27:42,2022-04-01 06:00:00,2022-05-02 06:00:00,0.0,0.0,53.8,During tis time the withdrawal rate is decreased by 50%.,Confirmed,Planned,Germany,Storengy Deutschland,UGS Uelsen
2021-08-19 12:27:42,2022-11-01 12:00:00,2022-11-07 06:00:00,0.0,40.5,0.0,During this time the injection rate is decreased by 50%.,Confirmed,Planned,Germany,Storengy Deutschland,UGS Uelsen
2021-08-19 12:27:42,2022-11-21 06:00:00,2023-04-01 06:00:00,0.0,40.5,0.0,During this time the injection rate is decreased by 50%.,Confirmed,Planned,Germany,Storengy Deutschland,UGS Uelsen
2021-08-19 12:27:42,2022-01-01 06:00:00,2022-04-01 06:00:00,0.0,40.5,0.0,During this time the injection rate is decreased by 50%.,Confirmed,Planned,Germany,Storengy Deutschland,UGS Uelsen
2021-08-19 12:27:42,2022-11-07 06:00:00,2022-11-21 06:00:00,0.0,81.0,107.6,During this time neither injection nor withdrawal is possible.,Confirmed,Planned,Germany,Storengy Deutschland,UGS Uelsen
2021-08-19 12:27:42,2022-09-05 06:00:00,2022-10-01 06:00:00,0.0,84.7,232.0,During this time neither injection nor withdrawal is possible.,Confirmed,Planned,Germany,Storengy Deutschland,UGS Peckensen
2021-08-19 12:27:42,2022-10-10 06:00:00,2022-10-23 06:00:00,0.0,24.8,52.0,During this time neither injection nor withdrawal is possible.,Confirmed,Planned,Germany,Storengy Deutschland,UGS Lesum
2021-08-19 12:27:42,2022-03-14 06:00:00,2022-03-19 06:00:00,0.0,12.4,0.0,During this time the injection rate is decreased by 50%.,Confirmed,Planned,Germany,Storengy Deutschland,UGS Lesum
2021-08-19 12:27:42,2022-06-17 06:00:00,2022-06-20 06:00:00,0.0,5.4,0.0,During this time the injection rate is decreased by 50%.,Confirmed,Planned,Germany,Storengy Deutschland,UGS Schmidhausen
2021-08-19 12:27:42,2022-06-20 06:00:00,2022-07-01 06:00:00,0.0,10.8,40.3,During this time neither injection nor withdrawal is possible.,Confirmed,Planned,Germany,Storengy Deutschland,UGS Schmidhausen
2021-08-19 11:51:16,2022-08-15 06:00:00,2022-08-27 06:00:00,0.0,24.7,81.7,During this time neither injection nor withdrawal is possible.,Confirmed,Planned,Germany,Storengy Deutschland,UGS Harsefeld
2021-08-19 11:51:16,2022-03-07 06:00:00,2022-03-12 06:00:00,0.0,12.4,0.0,During this time the injection rate is decreased by 50%,Confirmed,Planned,Germany,Storengy Deutschland,UGS Lesum
2021-08-19 11:12:01,2021-08-19 07:00:00,2021-08-19 08:00:00,0.0,0.0,0.0,"Test of safety equipment. Possible restriction: Entire storage facility n/a, but not affecting the delivery oft he SCB-Product of Netconnect Germany",Estimate,Planned,Germany,Uniper Energy Storage,UGS Epe Uniper L-Gas
2021-08-19 11:11:33,2021-08-19 07:00:00,2021-08-19 08:00:00,0.0,0.0,0.0,Test of safety equipment. Possible restriction: Entire storage facility n/a,Estimate,Planned,Germany,Uniper Energy Storage,UGS Epe Uniper H-Gas
2021-08-19 10:08:01,2021-08-18 07:00:00,2021-08-19 16:00:00,0.0,0.0,0.0,Maintenance. Possible restriction: Reduction of injection rate up to 40 %,Estimate,Planned,Germany,Uniper Energy Storage,UGS Epe Uniper L-Gas
2021-08-17 20:15:50,2021-08-17 20:00:42,2021-08-17 20:15:50,0.0,0.2,0.0,Maintenance of Compressor2,Confirmed,Unplanned,Germany,Eneco Gasspeicher,UGS Enschede - Epe (Eneco)
2021-08-17 17:26:23,2021-08-19 09:00:00,2021-08-19 18:00:00,0.0,0.0,0.0,Maintenance measure canceled,Estimate,Planned,Germany,MET Epe Speicher,UGS Epe (MET Epe Speicher)
2021-08-05 10:50:10,2021-08-04 08:00:00,2021-08-05 12:00:00,0.0,24.6,0.0,ME 3: Valve replacement. ,Confirmed,Unplanned,Germany,Uniper Energy Storage,UGS Epe Uniper L-Gas
2021-08-02 07:54:35,2021-07-19 06:00:00,2021-07-30 18:00:00,0.0,0.0,140.0,Cleaning of gas process plant. Possible restriction: Reduction of withdrawal rate by up to 100%,Estimate,Planned,Germany,Uniper Energy Storage,UGS Breitbrunn
2021-07-30 08:43:18,2021-07-29 10:00:00,2021-07-29 12:00:00,0.0,7.0,24.0,"Maintenance control system. Possible restriction: Entire storage facility n/a, but not affecting the delivery oft he SCB-Product of Netconnect Germany",Estimate,Planned,Germany,Uniper Energy Storage,UGS Epe Uniper L-Gas
2021-07-30 08:43:07,2021-07-29 10:00:00,2021-07-29 12:00:00,0.0,27.0,39.0,Maintenance control system. Possible restriction: Entire storage facility n/a,Estimate,Planned,Germany,Uniper Energy Storage,UGS Epe Uniper H-Gas
2021-07-28 11:00:43,2021-07-28 11:00:00,2021-07-28 11:00:43,0.0,0.0,0.0,Maintenance of Compressor2,Confirmed,Unplanned,Germany,Eneco Gasspeicher,UGS Enschede - Epe (Eneco)
2021-07-28 11:00:00,2021-07-28 10:59:20,2021-07-28 11:00:00,0.0,0.0,0.0,Maintenance of Compressor2,Confirmed,Unplanned,Germany,Eneco Gasspeicher,UGS Enschede - Epe (Eneco)
2021-07-25 09:58:13,2021-07-25 09:00:00,2021-07-25 09:58:13,0.0,0.9,0.0,Maintenance of Compressor2,Confirmed,Unplanned,Germany,Eneco Gasspeicher,UGS Enschede - Epe (Eneco)
2021-07-25 09:00:00,2021-07-25 08:38:59,2021-07-25 09:00:00,0.0,0.3,0.0,Maintenance of Compressor2,Confirmed,Unplanned,Germany,Eneco Gasspeicher,UGS Enschede - Epe (Eneco)
2021-07-23 08:53:55,2021-04-26 16:00:00,2021-04-27 16:00:00,0.0,30.0,0.0,M2 n.a. SAV pressure side defective.. M2 n.a. SAV pressure side defective.,Estimate,Unplanned,Germany,Uniper Energy Storage,UGS Bierwang
2021-07-16 09:14:48,2021-05-18 08:00:00,2021-07-15 16:00:00,0.52,0.0,0.0,Maintenance of cavern. Possible restriction: Reduction of workinggas capacity by up to 4%,Estimate,Planned,Germany,Uniper Energy Storage,UGS Etzel ESE (Uniper Energy Storage)
2021-07-14 08:08:26,2021-07-13 08:00:00,2021-07-13 14:00:00,0.0,19.0,0.0,Maintenance of compressor units. Possible restriction: Reduction of injection rate by up to 50%,Estimate,Planned,Germany,Equinor Storage Deutschland,UGS Etzel EGL (Equinor Storage Deutschland)
2021-07-14 08:08:15,2021-07-13 08:00:00,2021-07-13 14:00:00,0.0,19.0,0.0,Maintenance of compressor units. Possible restriction: Reduction of injection rate by up to 50%,Estimate,Planned,Germany,Uniper Energy Storage,UGS Etzel Erdgas Lager EGL
2021-07-13 08:03:53,2021-07-12 12:00:00,2021-07-12 18:00:00,0.0,19.0,0.0,Maintenance of compressor units. Possible restriction: Reduction of injection rate by up to 50%,Estimate,Planned,Germany,Uniper Energy Storage,UGS Etzel Erdgas Lager EGL
2021-07-13 08:03:43,2021-07-12 12:00:00,2021-07-12 18:00:00,0.0,19.0,0.0,Maintenance of compressor units. Possible restriction: Reduction of injection rate by up to 50%,Estimate,Planned,Germany,Equinor Storage Deutschland,UGS Etzel EGL (Equinor Storage Deutschland)
2021-07-12 07:57:22,2021-06-21 06:00:00,2021-07-09 18:00:00,0.0,0.0,140.0,Cleaning of gas process plant. Possible restriction: Reduction of withdrawal rate by up to 100%,Estimate,Planned,Germany,Uniper Energy Storage,UGS Breitbrunn
2021-07-09 08:54:13,2021-05-24 07:00:00,2021-07-02 15:00:00,0.0,0.0,93.0,Maintenance of heater. Possible restriction: Reduction of withdrawal rate up to 20 %,Estimate,Planned,Germany,Uniper Energy Storage,UGS Epe Uniper H-Gas
2021-07-05 08:06:09,2021-06-23 06:00:00,2021-06-24 18:00:00,0.0,29.0,0.0,Maintenance of compressor unit . Possible restriction: Reduction of injection rate by up to 25% ,Estimate,Planned,Germany,Equinor Storage Deutschland,UGS Etzel EGL (Equinor Storage Deutschland)
2021-07-05 08:05:59,2021-06-21 08:00:00,2021-06-23 06:00:00,0.0,39.0,0.0,Maintenance of compressor unit. Possible restriction: Reduction of injection rate by up to 25%,Estimate,Planned,Germany,Equinor Storage Deutschland,UGS Etzel EGL (Equinor Storage Deutschland)
2021-06-30 11:57:27,2021-03-30 21:30:00,2021-07-01 18:00:00,0.0,140.0,0.0,Technical defect at compressor 3. Possible restriction: Injection of 33% n/a,Estimate,Unplanned,Germany,Uniper Energy Storage,UGS Etzel ESE (Uniper Energy Storage)
2021-06-30 11:50:00,2021-04-07 12:00:00,2021-07-01 16:00:00,0.0,16.4,0.0,Technical defect of one compressor,Estimate,Unplanned,Germany,OMV Gas Storage Germany,UGS Etzel ESE (OMV)
2021-06-29 06:48:32,2021-04-07 12:00:00,2021-06-30 16:00:00,0.0,16.4,0.0,Technical defect of one compressor,Estimate,Unplanned,Germany,OMV Gas Storage Germany,UGS Etzel ESE (OMV)
2021-06-28 09:41:39,2021-06-28 09:00:00,2021-07-02 12:00:00,0.0,78.4,0.0,"Unplanned maintenance compressor: 30 % reduction of injection rate. Depending on all nominations, each customer has at least 70 % of his firm capacity according to the characteristic curve.",Estimate,Planned,Germany,VNG Gasspeicher GmbH (6),"VGS Storage Hub (Bernburg, Bad Lauchstädt, Katharina)"
2021-06-26 19:07:42,2021-06-26 15:00:00,2021-06-26 21:00:00,0.0,84.7,0.0,"Due to a technical disturbance a
injection is currently not possible.",Confirmed,Unplanned,Germany,Storengy Deutschland,UGS Peckensen
2021-06-22 13:08:30,2021-06-21 08:00:00,2021-06-23 06:00:00,0.0,39.0,0.0,Maintenance of compressor unit. Possible restriction: Reduction of injection rate by up to 25%,Estimate,Planned,Germany,Uniper Energy Storage,UGS Etzel Erdgas Lager EGL
2021-06-22 13:08:17,2021-06-23 06:00:00,2021-06-24 18:00:00,0.0,29.0,0.0,Maintenance of compressor unit . Possible restriction: Reduction of injection rate by up to 25% ,Estimate,Planned,Germany,Uniper Energy Storage,UGS Etzel Erdgas Lager EGL
2021-06-21 09:45:50,2021-06-07 06:00:00,2021-06-18 18:00:00,0.0,0.0,139.8,Cleaning of gas process plant. Possible restriction: Reduction of withdrawal rate by up to 100%,Estimate,Planned,Germany,Uniper Energy Storage,UGS Breitbrunn
2021-06-11 10:06:34,2021-06-07 06:00:00,2021-06-12 06:00:00,0.971,7.1,35.3,safety test / maintenance work,Confirmed,Planned,Germany,EWE Gasspeicher,UGS EWE-Zone L
2021-06-11 09:51:45,2021-03-22 00:00:00,2021-06-09 08:00:00,0.0,0.0,105.0,Maintenance of heater unit. Possible restriction: Reduction of withdrawal rate by up to 30%,Estimate,Planned,Germany,Uniper Energy Storage,UGS Bierwang
2021-06-11 09:36:55,2021-06-09 08:00:00,2021-06-09 13:00:00,0.0,17.5,0.0,"Change of Fire Detector. Possible restriction: Entire storage facility n/a, but not affecting the delivery oft he SCB-Product of Netconnect Germany",Estimate,Planned,Germany,Uniper Energy Storage,UGS Epe Uniper L-Gas
2021-06-11 02:19:24,2021-05-28 06:00:00,2021-06-11 03:00:00,0.0,122.0,217.0,Annual Maintenance,Confirmed,Planned,Germany,EKB,UGS Etzel EKB
2021-06-10 08:03:31,2021-04-26 16:00:00,2021-06-09 15:00:00,0.0,30.0,0.0,Technical fault compressor unit . Possible Restriction : Reduction of injection rate by up to 11 %,Estimate,Unplanned,Germany,Uniper Energy Storage,UGS Bierwang
2021-06-09 10:09:26,2021-06-08 10:00:00,2021-06-08 14:00:00,0.0,13.0,0.0,Maintenance of compressor unit . Possible restriction: Reduction of injection rate by up to 50% ,Estimate,Planned,Germany,Equinor Storage Deutschland,UGS Etzel EGL (Equinor Storage Deutschland)
2021-06-09 10:09:14,2021-06-08 10:00:00,2021-06-08 14:00:00,0.0,13.0,0.0,Maintenance of compressor unit. Possible restriction: Reduction of injection rate by up to 50%,Estimate,Planned,Germany,Uniper Energy Storage,UGS Etzel Erdgas Lager EGL
2021-06-09 07:06:36,2021-05-26 06:00:00,2021-06-01 06:00:00,0.743,13.8,27.6,Unplanned maintenance,Confirmed,Unplanned,Germany,EWE Gasspeicher,EWE H-Gas Zone
2021-05-27 07:55:13,2017-04-01 06:00:00,2021-04-01 07:00:00,0.0,18.0,54.0,"With effect of 01.04.2017 Uniper Energy Storage GmbH stops further marketing of its Krummhoern storage site, capacities cannot be booked anymore.. Possible restriction: Entire storage facility n/a",Estimate,Planned,Germany,Uniper Energy Storage,UGS Krummhorn (decommissioned)
2021-05-25 14:59:07,2021-05-25 14:57:41,2021-05-25 14:59:07,0.0,0.0,0.1,"Maintenance of Absorber1, Absorber2, RS1, RS2",Confirmed,Unplanned,Germany,Eneco Gasspeicher,UGS Enschede - Epe (Eneco)
2021-05-21 08:33:48,2021-05-03 07:00:00,2021-05-21 09:00:00,0.0,0.0,71.0,Inspection of vessel heater unit 3. Possible restriction: Reduction of withdrawal rate up to 25 %,Estimate,Planned,Germany,Uniper Energy Storage,UGS Epe Uniper L-Gas
2021-05-21 08:33:07,2021-05-03 07:00:00,2021-05-21 09:00:00,0.0,0.0,93.0,Maintenance of heater. Possible restriction: Reduction of withdrawal rate up to 20 %,Estimate,Planned,Germany,Uniper Energy Storage,UGS Epe Uniper H-Gas
2021-05-21 08:25:04,2021-05-19 07:00:00,2021-05-20 16:00:00,0.0,0.0,285.0,"Maintenance. Possible restriction: Reduction of withdrawal rate up to 100 %,
but not affecting the delivery oft he SCB-Product of Netconnect Germany",Estimate,Planned,Germany,Uniper Energy Storage,UGS Epe Uniper L-Gas
2021-05-21 08:23:34,2021-05-20 07:00:00,2021-05-20 16:00:00,0.0,21.0,107.0,"Test of safety equipment. Possible restriction: Entire storage facility n/a, but not affecting the delivery oft he SCB-Product of Netconnect Germany",Estimate,Planned,Germany,Uniper Energy Storage,UGS Epe Uniper L-Gas
2021-05-21 08:23:06,2021-05-20 07:00:00,2021-05-20 16:00:00,0.0,125.0,177.0,Test of safety equipment. Possible restriction: Entire storage facility n/a,Estimate,Planned,Germany,Uniper Energy Storage,UGS Epe Uniper H-Gas
2021-05-18 20:22:30,2021-05-14 12:00:00,2021-05-18 11:00:00,0.0,89.0,0.0,Technical defect at compressor 4. Possible restriction: Injection of 33% n/a ,Estimate,Unplanned,Germany,Uniper Energy Storage,UGS Bierwang
2021-05-17 14:23:36,2021-11-08 06:00:00,2021-11-26 12:00:00,0.0,61.0,0.0,LP compressor integration into new PCS,Estimate,Planned,Germany,EKB,UGS Etzel EKB
2021-05-07 15:07:14,2021-05-03 07:00:00,2021-05-07 16:00:00,0.0,131.0,0.0,Maintenance of compressor unit. Possible restriction: Reduction of injection rate by up to 40%,Estimate,Planned,Germany,Uniper Energy Storage,UGS Epe Uniper H-Gas
2021-05-04 04:50:44,2021-04-07 12:00:00,2021-06-24 18:00:00,0.0,16.4,0.0,Technical defect of one compressor,Estimate,Unplanned,Germany,OMV Gas Storage Germany,UGS Etzel ESE (OMV)
2021-04-30 18:01:28,2021-04-29 06:00:00,2021-04-30 18:00:00,0.0,82.1,0.0,"ITRA and ITRB not available, caused by safety warning by supplier .
Possible restriction: Reduction of withdrawal rate by up to 53% ",Confirmed,Unplanned,Germany,Equinor Storage Deutschland,UGS Etzel EGL (Equinor Storage Deutschland)
2021-04-30 18:01:02,2021-04-29 06:00:00,2021-04-30 18:00:00,0.0,82.1,0.0,"ITRA and ITRB not available, caused by safety warning by supplier . Possible restriction: Reduction of withdrawal rate by up to 53% ",Confirmed,Unplanned,Germany,Uniper Energy Storage,UGS Etzel Erdgas Lager EGL
2021-04-30 15:06:49,2021-04-26 08:00:00,2021-04-30 15:00:00,0.0,29.0,0.0,Maintenance of compressor unit. Possible restriction: Reduction of injection rate by up to 50%,Estimate,Planned,Germany,Uniper Energy Storage,UGS Epe Uniper L-Gas
2021-04-30 10:21:32,2021-04-26 06:00:00,2021-04-30 13:00:00,1.09,10.7,32.8,safety test / maintenance work,Confirmed,Planned,Germany,EWE Gasspeicher,UGS Rüdersdorf H
2021-04-30 09:41:37,2021-05-18 08:00:00,2021-07-30 18:00:00,0.082,0.0,0.0,"Maintenance of cavern
Possible restriction: Reduction of workinggas capacity by up to 6%",Confirmed,Planned,Germany,VNG Gasspeicher GmbH (6),UGS Etzel ESE (VGS)
2021-04-29 10:11:07,2021-04-28 18:00:00,2021-04-29 06:00:00,0.0,41.0,0.0,"ITRA and ITRB not available, caused by safety warning by supplier. Possible restriction: Reduction of withdrawal rate by up to 27%",Confirmed,Unplanned,Germany,Uniper Energy Storage,UGS Etzel Erdgas Lager EGL
2021-04-28 17:39:21,2021-04-28 18:00:00,2021-04-29 06:00:00,0.0,41.0,0.0," ITRA and ITRB not available, caused by safety warning by supplier . Possible restriction: Reduction of withdrawal rate by up to 27% ",Confirmed,Unplanned,Germany,Equinor Storage Deutschland,UGS Etzel EGL (Equinor Storage Deutschland)
2021-04-26 16:27:20,2021-04-26 16:00:00,2021-04-27 16:00:00,0.0,30.0,0.0,M2 n.a. SAV pressure side defective.. M2 n.a. SAV pressure side defective.,Estimate,Unplanned,Germany,Uniper Energy Storage,UGS Bierwang
2021-04-26 11:01:24,2021-04-19 07:00:00,2021-04-23 16:00:00,0.0,29.0,0.0,Maintenance of compressor unit. Possible restriction: Reduction of injection rate by up to 50%,Estimate,Planned,Germany,Uniper Energy Storage,UGS Epe Uniper L-Gas
2021-04-26 11:01:13,2021-04-19 07:00:00,2021-04-23 16:00:00,0.0,82.0,0.0,Maintenance of compressor unit. Possible restriction: Reduction of injection rate by up to 25%,Estimate,Planned,Germany,Uniper Energy Storage,UGS Epe Uniper H-Gas
2021-04-23 09:37:22,2021-04-07 12:00:00,2021-05-31 16:00:00,0.0,16.4,0.0,Technical defect of one compressor,Estimate,Unplanned,Germany,OMV Gas Storage Germany,UGS Etzel ESE (OMV)
2021-04-23 07:48:23,2021-04-22 07:00:00,2021-04-22 16:00:00,0.0,101.0,131.0,Test of safety equipment. Possible restriction: Entire storage facility n/a,Estimate,Planned,Germany,Uniper Energy Storage,UGS Bierwang
2021-04-22 11:15:01,2021-02-16 07:00:00,2021-04-21 18:00:00,0.5,0.0,16.0,"Maintenance of cavern. Possible restriction: Reduction of workinggas capacity by up to 4%,
Reduction of withdrawal rate up to 4%",Estimate,Planned,Germany,Uniper Energy Storage,UGS Etzel ESE (Uniper Energy Storage)
2021-04-22 07:54:25,2021-04-21 07:00:00,2021-04-21 16:00:00,0.0,101.0,131.0,Test of safety equipment. Possible restriction: Entire storage facility n/a,Estimate,Planned,Germany,Uniper Energy Storage,UGS Bierwang
2021-04-22 07:54:12,2021-04-20 07:00:00,2021-04-21 17:00:00,0.0,57.0,0.0,"Maintenance of valves. Possible restriction: Reduction of injection rate up to 100 %,
but not affecting the delivery oft he SCB-Product of Netconnect Germany",Estimate,Planned,Germany,Uniper Energy Storage,UGS Epe Uniper L-Gas
2021-04-22 07:53:40,2021-04-20 07:00:00,2021-04-21 17:00:00,0.0,131.0,0.0,Maintenance of valves. Possible restriction: Reduction of injection rate by up to 40%,Estimate,Planned,Germany,Uniper Energy Storage,UGS Epe Uniper H-Gas
2021-04-21 08:06:03,2021-04-20 07:00:00,2021-04-20 16:00:00,0.0,101.0,131.0,Test of safety equipment. Possible restriction: Entire storage facility n/a,Estimate,Planned,Germany,Uniper Energy Storage,UGS Bierwang
2021-04-20 08:01:11,2021-04-19 07:00:00,2021-04-19 16:00:00,0.0,101.0,131.0,Test of safety equipment. Possible restriction: Entire storage facility n/a,Estimate,Planned,Germany,Uniper Energy Storage,UGS Bierwang
2021-04-15 07:54:15,2021-04-14 08:00:00,2021-04-14 16:00:00,0.0,142.0,0.0,Test of power supply. Possible restriction: Reduction of injection rate by up to 100%,Estimate,Planned,Germany,Uniper Energy Storage,UGS Etzel ESE (Uniper Energy Storage)
2021-04-15 07:25:48,2021-04-07 12:00:00,2021-04-23 04:00:00,0.0,16.4,0.0,Technical defect of one compressor,Estimate,Unplanned,Germany,OMV Gas Storage Germany,UGS Etzel ESE (OMV)
2021-04-13 13:15:35,2021-04-13 10:00:00,2021-04-13 15:00:00,0.0,0.0,0.0,IT systems planned maintenance. Disturbances may occur in the nominations. In case of disturbances nominations are accepted by fax or telephone. Storage Capacities are availible.,Confirmed,Planned,Germany,EWE Gasspeicher,EWE H-Gas Zone
2021-04-12 10:07:10,2021-03-30 15:00:00,2021-04-12 10:00:00,0.0,30.0,38.0,Gas cooler drive motor defective. Machine 2 not available,Estimate,Unplanned,Germany,Uniper Energy Storage,UGS Bierwang
2021-04-12 09:36:15,2021-04-14 06:00:00,2021-04-14 14:00:00,0.0,71.3,0.0,Technical Inspection,Confirmed,Planned,Germany,OMV Gas Storage Germany,UGS Etzel ESE (OMV)
2021-04-12 09:22:43,2021-04-14 08:00:00,2021-04-14 16:00:00,0.0,28.7,0.0,"Test of power supply
Possible restriction: Reduction of injection rate by up to 100%",Confirmed,Planned,Germany,VNG Gasspeicher GmbH (6),UGS Etzel ESE (VGS)
2021-04-12 08:59:24,2021-04-14 06:00:00,2021-04-16 14:00:00,0.0,71.3,0.0,Technical Inspection,Confirmed,Planned,Germany,OMV Gas Storage Germany,UGS Etzel ESE (OMV)
2021-04-07 12:54:02,2021-04-07 12:00:00,2021-04-23 04:00:00,0.0,16.4,0.0,Technical defect of one compressor,Estimate,Unplanned,Germany,OMV Gas Storage Germany,UGS Etzel ESE (OMV)
2021-04-01 14:58:22,2021-03-01 07:00:00,2021-04-01 14:30:00,0.0,30.0,0.0,Maintenance of compressor unit. Possible restriction: Reduction of injection rate by up to 11%,Estimate,Planned,Germany,Uniper Energy Storage,UGS Bierwang
2021-03-31 13:07:26,2021-03-31 12:00:00,2021-07-01 18:00:00,0.0,9.6,0.0,"Technical defect at compressor 3
Possible restriction: Injection of 33% n/a",Confirmed,Unplanned,Germany,VNG Gasspeicher GmbH (6),UGS Etzel ESE (VGS)
2021-03-25 09:35:00,2021-03-25 09:33:10,2021-03-25 09:35:00,0.0,0.1,0.0,Maintenance of Compressor1,Confirmed,Unplanned,Germany,Eneco Gasspeicher,UGS Enschede - Epe (Eneco)
2021-03-17 12:20:23,2021-03-17 12:16:04,2021-03-17 12:20:23,0.0,0.0,0.1,Maintenance of RS1,Confirmed,Unplanned,Germany,Eneco Gasspeicher,UGS Enschede - Epe (Eneco)
2021-03-11 09:23:17,2021-03-18 00:00:00,2021-03-18 16:00:00,0.0,131.0,0.0,Maintenance of fire alarm system. Possible restriction: Reduction of injection rate by up to 40%,Estimate,Planned,Germany,Uniper Energy Storage,UGS Epe Uniper H-Gas
2021-03-10 17:41:29,2020-12-15 06:00:00,2021-03-10 18:00:00,1.146,0.0,0.0,Cavern Repair Works,Confirmed,Planned,Germany,EKB,UGS Etzel EKB
2021-03-05 07:45:35,2021-03-03 07:00:00,2021-03-04 16:00:00,0.0,56.0,0.0,Maintenance of compressor unit 4. Possible restriction: Reduction of injection rate by up to 30%,Estimate,Planned,Germany,Uniper Energy Storage,UGS Bierwang
2021-03-03 07:58:45,2021-03-01 07:00:00,2021-03-02 16:00:00,0.0,38.0,0.0,Maintenance of compressor unit 5. Possible restriction: Reduction of injection rate by up to 40%,Estimate,Planned,Germany,Uniper Energy Storage,UGS Bierwang
2021-02-22 09:56:05,2021-01-04 00:00:00,2021-02-21 18:00:00,0.0,140.0,131.0,"Maintenance of compressor unit. Possible restriction: Reduction of injection rate by up to 33%, reduction of withdrawal rate by up to 33%",Estimate,Planned,Germany,Uniper Energy Storage,UGS Etzel ESE (Uniper Energy Storage)
2021-02-12 13:13:36,2021-02-10 06:00:00,2021-02-18 06:00:00,2.17,82.2,164.4,Maintenance,Estimate,Planned,Germany,Trianel Gasspeicher Epe,UGS Epe Trianel
2021-02-11 12:13:34,2021-04-15 08:00:00,2021-04-15 17:00:00,0.0,41.0,109.4,"Test of safety equipment
Possible restriction: Entire storage facility n/a",Estimate,Planned,Germany,MET Epe Speicher,UGS Epe (MET Epe Speicher)
2021-02-11 10:47:50,2021-04-15 08:00:00,2021-04-15 17:00:00,0.0,125.0,177.0,"Test of safety equipment. Possible restriction: Entire storage facility n/a, but not affecting the delivery oft he SCB-Product of Netconnect Germany",Estimate,Planned,Germany,Uniper Energy Storage,UGS Epe Uniper L-Gas
2021-02-11 10:47:26,2021-04-15 08:00:00,2021-04-15 17:00:00,0.0,125.0,177.0,Test of safety equipment. Possible restriction: Entire storage facility n/a,Estimate,Planned,Germany,Uniper Energy Storage,UGS Epe Uniper H-Gas
2021-02-10 08:20:06,2021-02-08 12:00:00,2021-02-09 16:00:00,0.0,0.0,0.0,Fault of compressor unit 3. no Reduktion,Estimate,Unplanned,Germany,Uniper Energy Storage,UGS Epe Uniper L-Gas
2021-02-08 15:15:44,2021-02-08 15:14:03,2021-02-08 15:15:44,0.0,0.0,0.0,Maintenance of RS1,Confirmed,Unplanned,Germany,Eneco Gasspeicher,UGS Enschede - Epe (Eneco)
2021-02-05 16:11:02,2021-02-08 10:00:00,2021-02-13 06:00:00,0.0,0.0,70.7,Maintenance,Confirmed,Planned,Germany,Trianel Gasspeicher Epe,UGS Epe Trianel
2021-02-04 16:16:09,2021-01-04 07:00:00,2021-02-04 17:00:00,0.0,34.0,0.0,Inspection of vessel compressor unit 6. Possible restriction: Reduction of injection rate by up to 60%,Estimate,Planned,Germany,Uniper Energy Storage,UGS Epe Uniper L-Gas
2021-02-04 16:15:46,2021-01-04 07:00:00,2021-02-04 15:00:00,0.0,98.0,0.0,Maintenance of compressor unit 6. Possible restriction: Reduction of injection rate by up to 30%,Estimate,Planned,Germany,Uniper Energy Storage,UGS Epe Uniper H-Gas
2021-02-03 15:52:19,2021-10-06 08:00:00,2021-10-06 16:00:00,0.0,44.9,84.2,Planned maintenance 10/2021 -02,Confirmed,Planned,Germany,NAFTA Speicher Inzenham,UGS Inzenham-West
2021-02-03 15:52:00,2021-10-05 08:00:00,2021-10-05 16:00:00,0.0,44.9,84.2,Planned maintenance 10/2021 -01,Confirmed,Planned,Germany,NAFTA Speicher Inzenham,UGS Inzenham-West
2021-02-03 15:51:42,2021-04-13 08:00:00,2021-04-13 16:00:00,0.0,44.9,84.2,Planned maintenance 04/2021 -02,Confirmed,Planned,Germany,NAFTA Speicher Inzenham,UGS Inzenham-West
2021-02-03 15:51:17,2021-04-12 08:00:00,2021-04-12 16:00:00,0.0,44.9,84.2,Planned maintenance 04/2021 -01,Confirmed,Planned,Germany,NAFTA Speicher Inzenham,UGS Inzenham-West
2021-02-03 08:20:08,2021-02-02 06:00:00,2021-02-02 18:00:00,0.0,64.3,0.0,Technical problems Compressor C. Possible restriction: Reduction of injection rate down to 100 tm³/h ,Estimate,Unplanned,Germany,Equinor Storage Deutschland,UGS Etzel EGL (Equinor Storage Deutschland)
2021-02-03 08:19:57,2021-02-02 06:00:00,2021-02-02 18:00:00,0.0,64.3,0.0,Technical problems Compressor C. Possible restriction: Reduction of injection rate down to 100 tm³/h ,Estimate,Unplanned,Germany,Uniper Energy Storage,UGS Etzel Erdgas Lager EGL
2021-02-03 08:08:49,2021-01-31 06:00:00,2021-02-02 06:00:00,0.0,128.6,0.0,Technical problems Compressor C. Possible restriction: Reduction of injection rate down to 100 tm³/h ,Confirmed,Unplanned,Germany,Equinor Storage Deutschland,UGS Etzel EGL (Equinor Storage Deutschland)
2021-02-03 08:08:37,2021-01-31 06:00:00,2021-02-02 06:00:00,0.0,128.6,0.0,Technical problems Compressor C. Possible restriction: Reduction of injection rate down to 100 tm³/h ,Confirmed,Unplanned,Germany,Uniper Energy Storage,UGS Etzel Erdgas Lager EGL
2021-01-29 15:48:59,2021-01-28 17:30:00,2021-01-29 12:00:00,0.0,2.0,4.0,Outage Compressorunit 2. Restriction: Storage not available,Estimate,Unplanned,Germany,Uniper Energy Storage,UGS Eschenfelden (decommissioned)
2021-01-29 09:26:12,2021-07-05 06:00:00,2021-07-13 06:00:00,0.0,49.2,98.5,Maintenance ,Confirmed,Planned,Germany,RWE Gas Storage West,UGS Epe-DE-RWEGSWEST (Epe-L prior to 1 April 2026)
2021-01-29 09:26:12,2021-07-05 06:00:00,2021-07-16 20:00:00,0.0,47.7,119.3,Maintenance,Confirmed,Planned,Germany,RWE Gas Storage West,UGS Epe-NL-RWEGSWEST
2021-01-22 09:55:34,2021-10-10 04:00:00,2021-10-16 16:00:00,0.0,0.0,,Maintenance of the Etzel ESE Station,Confirmed,Planned,Germany,OMV Gas Storage Germany,UGS Etzel ESE (OMV)
2021-01-22 09:54:55,2021-10-10 04:00:00,2021-10-16 16:00:00,0.0,873.0,0.0,Maintenance of the Etzel ESE Station,Confirmed,Planned,Germany,OMV Gas Storage Germany,UGS Etzel ESE (OMV)
2021-01-22 09:54:16,2021-09-22 06:00:00,2021-09-22 16:00:00,0.0,0.0,703.0,BEP Maintenance,Confirmed,Planned,Germany,OMV Gas Storage Germany,UGS Etzel ESE (OMV)
2021-01-22 09:53:37,2021-09-22 06:00:00,2021-09-22 16:00:00,0.0,703.0,703.0,BEP Maintenance,Confirmed,Planned,Germany,OMV Gas Storage Germany,UGS Etzel ESE (OMV)
2021-01-21 11:37:36,2021-01-04 08:00:00,2021-02-05 15:00:00,0.0,12.3,0.0,"Maintenance of compressor unit 6
Possible restriction: Reduction of injection rate up to 30%",Estimate,Planned,Germany,MET Epe Speicher,UGS Epe (MET Epe Speicher)
2021-01-19 11:40:11,2022-02-17 08:00:00,2022-02-17 17:00:00,2.124,41.0,109.4,"Test of safety equipment.
Possible restriction: Entire storage facility n/a",Estimate,Planned,Germany,MET Epe Speicher,UGS Epe (MET Epe Speicher)
2021-01-19 11:38:43,2021-05-24 09:00:00,2021-07-02 17:00:00,0.0,0.0,8.2,"Maintenance of heater.
Possible restriction: Reduction of withdrawal rate by up to 20%",Estimate,Planned,Germany,MET Epe Speicher,UGS Epe (MET Epe Speicher)
2021-01-19 11:37:39,2021-05-20 09:00:00,2021-05-20 18:00:00,21.124,41.0,109.4,"Test of safety equipment.
Possible restriction: Entire storage facility n/a",Estimate,Planned,Germany,MET Epe Speicher,UGS Epe (MET Epe Speicher)
2021-01-19 11:37:00,2021-05-03 09:00:00,2021-05-21 17:00:00,0.0,0.0,21.9,"Maintenance of heater.
Possible restriction: Reduction of withdrawal rate by up to 20%",Estimate,Planned,Germany,MET Epe Speicher,UGS Epe (MET Epe Speicher)
2021-01-19 11:36:29,2021-05-03 09:00:00,2021-05-07 18:00:00,0.0,16.4,0.0,"Maintenance of compressor unit.
Possible restriction: Reduction of injection rate by up to 40%",Estimate,Planned,Germany,MET Epe Speicher,UGS Epe (MET Epe Speicher)
2021-01-19 11:35:47,2021-04-19 09:00:00,2021-04-23 18:00:00,0.0,10.3,0.0,"Maintenance of compressor unit.
Possible restriction: Reduction of injection rate by up to 25%",Estimate,Planned,Germany,MET Epe Speicher,UGS Epe (MET Epe Speicher)
2021-01-19 11:35:16,2021-04-19 09:00:00,2021-04-22 18:00:00,0.0,0.0,76.6,"Maintenance
Possible restriction: Reduction of withdrawal rate up to 70%.",Estimate,Planned,Germany,MET Epe Speicher,UGS Epe (MET Epe Speicher)
2021-01-15 15:41:59,2020-12-29 12:00:00,2021-01-15 15:30:00,0.0,0.0,11.0,fail of drying unit. Possible restriction: Reduction of withdrawal rate by up to 100%,Estimate,Unplanned,Germany,Uniper Energy Storage,UGS Eschenfelden (decommissioned)
2021-01-05 11:00:04,2021-10-10 06:00:00,2021-10-16 18:00:00,0.0,28.7,46.2,"Test of safety equipment
Possible restriction: Entire storage facility n/a",Confirmed,Planned,Germany,VNG Gasspeicher GmbH (6),UGS Etzel ESE (VGS)
2021-01-05 11:00:04,2021-04-26 07:00:00,2021-04-30 15:00:00,0.0,134.4,268.8,"50 % reduction of injection and withdrawal rate. Depending on all nominations, each customer has at least 50 % of his firm capacity according to the characteristic curve.",Estimate,Planned,Germany,VNG Gasspeicher GmbH (6),"VGS Storage Hub (Bernburg, Bad Lauchstädt, Katharina)"
2021-01-05 11:00:04,2022-04-25 07:00:00,2022-04-29 15:00:00,0.0,215.0,241.9,"50 % reduction of injection and withdrawal rate. Depending on all nominations, each customer has at least 50 % of his firm capacity according to the characteristic curve.",Estimate,Planned,Germany,VNG Gasspeicher GmbH (6),"VGS Storage Hub (Bernburg, Bad Lauchstädt, Katharina)"
2020-12-22 07:24:40,2020-12-22 07:24:23,2020-12-22 07:24:40,0.0,0.0,0.0,Maintenance of Compressor1,Confirmed,Unplanned,Germany,Eneco Gasspeicher,UGS Enschede - Epe (Eneco)
2020-12-21 12:45:12,2021-04-19 07:00:00,2021-04-22 16:00:00,0.0,0.0,230.0,Maintenance. Possible restriction: Reduction of withdrawal rate up to 70 %,Estimate,Planned,Germany,Uniper Energy Storage,UGS Epe Uniper H-Gas
2020-12-18 15:26:55,2021-04-28 06:00:00,2021-04-28 17:00:00,0.0,31.0,64.0,Test of safety equipment. Possible restriction: Entire storage facility n/a,Estimate,Planned,Germany,Uniper Energy Storage,UGS Breitbrunn
2020-12-18 15:26:24,2021-04-27 06:00:00,2021-04-27 17:00:00,0.0,31.0,64.0,Test of safety equipment. Possible restriction: Entire storage facility n/a,Estimate,Planned,Germany,Uniper Energy Storage,UGS Breitbrunn
2020-12-08 11:15:25,2021-04-13 08:00:00,2021-04-16 12:00:00,0.0,67.3,134.6,Maintenance,Estimate,Planned,Germany,Erdgasspeicher Peissen,UGS Katharina (historical data prior to 01/04/2026)
2020-12-08 10:17:38,2021-04-07 08:00:00,2021-04-07 16:00:00,0.0,45.8,91.5,Maintenance,Estimate,Planned,Germany,Erdgasspeicher Peissen,UGS Katharina (historical data prior to 01/04/2026)
2020-12-08 10:17:38,2015-09-09 08:00:00,2015-09-09 16:00:00,0.0,0.0,0.0,Maintenance,Confirmed,Planned,Germany,Erdgasspeicher Peissen,UGS Katharina (historical data prior to 01/04/2026)
2020-12-08 10:17:38,2021-09-28 08:00:00,2021-09-28 12:00:00,0.0,9.4,18.8,Maintenance,Estimate,Planned,Germany,Erdgasspeicher Peissen,UGS Katharina (historical data prior to 01/04/2026)
2020-12-08 10:17:38,2021-09-29 08:00:00,2021-09-29 12:00:00,0.0,9.4,18.8,Maintenance,Estimate,Planned,Germany,Erdgasspeicher Peissen,UGS Katharina (historical data prior to 01/04/2026)
2020-12-08 10:17:38,2021-04-13 08:00:00,2021-04-13 16:00:00,0.0,45.8,91.5,Maintenance,Estimate,Planned,Germany,Erdgasspeicher Peissen,UGS Katharina (historical data prior to 01/04/2026)
2020-12-08 10:17:38,2021-04-14 08:00:00,2021-04-14 16:00:00,0.0,45.8,91.5,Maintenance,Estimate,Planned,Germany,Erdgasspeicher Peissen,UGS Katharina (historical data prior to 01/04/2026)
2020-12-08 10:17:38,2021-04-19 08:00:00,2021-04-23 16:00:00,0.0,0.0,269.2,Maintenance,Estimate,Planned,Germany,Erdgasspeicher Peissen,UGS Katharina (historical data prior to 01/04/2026)
2020-12-08 10:17:38,2021-09-07 08:00:00,2021-09-07 16:00:00,0.0,45.8,91.5,Maintenance,Estimate,Planned,Germany,Erdgasspeicher Peissen,UGS Katharina (historical data prior to 01/04/2026)
2020-12-08 09:45:28,2020-12-08 09:45:03,2020-12-08 09:45:28,0.0,0.0,0.0,Maintenance of Compressor1,Confirmed,Unplanned,Germany,Eneco Gasspeicher,UGS Enschede - Epe (Eneco)
2020-12-03 14:00:00,2020-12-03 13:30:00,2020-12-03 14:00:00,0.814,0.0,0.6,Maintenance of S81,Confirmed,Unplanned,Germany,Eneco Gasspeicher,UGS Enschede - Epe (Eneco)
2020-11-26 15:33:38,2020-11-24 06:00:00,2020-11-26 18:00:00,0.0,122.0,0.0,Compressor Valve Exchange,Confirmed,Planned,Germany,EKB,UGS Etzel EKB
2020-11-25 19:55:17,2020-11-26 06:00:00,2020-11-26 12:00:00,0.0,0.0,0.0,"Due to IT-maintenance work, our Nomination-System will be not available. Messages will not be buffered or processed.",Estimate,Planned,Germany,Storengy Deutschland,UGS Uelsen
2020-11-25 19:55:17,2020-11-26 06:00:00,2020-11-26 12:00:00,0.0,0.0,0.0,"Due to IT-maintenance work, our Nomination-System will be not available. Messages will not be buffered or processed.",Estimate,Planned,Germany,Storengy Deutschland,UGS Harsefeld
2020-11-25 19:55:17,2020-11-26 06:00:00,2020-11-26 12:00:00,0.0,0.0,0.0,"Due to IT-maintenance work, our Nomination-System will be not available. Messages will not be buffered or processed.",Estimate,Planned,Germany,Storengy Deutschland,UGS Peckensen
2020-11-25 19:55:17,2020-11-26 06:00:00,2020-11-26 12:00:00,0.0,0.0,0.0,"Due to IT-maintenance work, our Nomination-System will be not available. Messages will not be buffered or processed.",Estimate,Planned,Germany,Storengy Deutschland,UGS Fronhofen (decommissioned)
2020-11-25 19:55:17,2020-11-26 06:00:00,2020-11-26 12:00:00,0.0,0.0,0.0,"Due to IT-maintenance work, our Nomination-System will be not available. Messages will not be buffered or processed.",Estimate,Planned,Germany,Storengy Deutschland,UGS Lesum
2020-11-25 19:55:17,2020-11-26 06:00:00,2020-11-26 12:00:00,0.0,0.0,0.0,"Due to IT-maintenance work, our Nomination-System will be not available. Messages will not be buffered or processed.",Estimate,Planned,Germany,Storengy Deutschland,UGS Schmidhausen
2020-11-24 09:43:40,2020-09-28 08:00:00,2020-11-13 16:00:00,0.0,0.0,115.0,Replacement of drying unit. Possible restriction: Reduction of withdrawal rate by up to 33%,Estimate,Planned,Germany,Uniper Energy Storage,UGS Bierwang
2020-11-23 08:15:53,2020-11-20 07:00:00,2020-11-20 16:00:00,0.0,34.0,0.0,Inspection of Compressor. Possible restriction: Reduction of injection rate by up to 50%,Estimate,Planned,Germany,Uniper Energy Storage,UGS Breitbrunn
2020-11-23 08:09:57,2020-10-26 16:00:00,2020-11-17 07:00:00,0.0,38.0,0.0,Maintenance of compressor unit 1. Possible restriction: Reduction of injection rate by up to 20%,Estimate,Planned,Germany,Uniper Energy Storage,UGS Bierwang
2020-11-23 08:08:30,2020-11-19 07:00:00,2020-11-19 16:00:00,0.0,101.0,0.0,Test of safety equipment. Possible restriction: Reduction of injection rate by up to 100%,Estimate,Planned,Germany,Uniper Energy Storage,UGS Bierwang
2020-11-23 08:07:33,2020-11-18 07:00:00,2020-11-18 16:00:00,0.0,101.0,0.0,Test of safety equipment. Possible restriction: Reduction of injection rate by up to 100%,Estimate,Planned,Germany,Uniper Energy Storage,UGS Bierwang
2020-11-20 14:23:52,2020-11-25 07:00:00,2020-11-26 16:00:00,0.0,34.0,0.0,Inspection of Compressor. Possible restriction: Reduction of injection rate by up to 50%,Estimate,Planned,Germany,Uniper Energy Storage,UGS Breitbrunn
2020-11-20 14:22:48,2020-11-23 07:00:00,2020-11-23 16:00:00,0.0,34.0,0.0,Maintenance of compressor unit 1. Possible restriction: Reduction of injection rate by up to 50%,Estimate,Planned,Germany,Uniper Energy Storage,UGS Breitbrunn
2020-11-20 14:21:52,2020-11-23 07:00:00,2020-11-23 16:00:00,0.0,34.0,0.0,Maintenance of compressor unit 2. Possible restriction: Reduction of injection rate by up to 50%,Estimate,Planned,Germany,Uniper Energy Storage,UGS Breitbrunn
2020-11-13 08:06:07,2020-11-09 07:00:00,2020-11-12 16:00:00,0.0,101.0,131.0,Test of safety equipment. Possible restriction: Entire storage facility n/a,Estimate,Planned,Germany,Uniper Energy Storage,UGS Bierwang
2020-11-13 08:05:30,2020-11-12 08:00:00,2020-11-12 17:00:00,0.0,125.0,177.0,"Test of safety equipment. Possible restriction: Entire storage facility n/a, but not affecting the delivery oft he SCB-Product of Netconnect Germany",Estimate,Planned,Germany,Uniper Energy Storage,UGS Epe Uniper L-Gas
2020-11-13 08:05:21,2020-11-12 08:00:00,2020-11-12 17:00:00,0.0,125.0,177.0,Test of safety equipment. Possible restriction: Entire storage facility n/a,Estimate,Planned,Germany,Uniper Energy Storage,UGS Epe Uniper H-Gas
2020-11-12 12:28:15,2020-10-26 07:00:00,2020-11-12 12:30:00,0.0,66.0,0.0,Inspection of compressor piping. Possible restriction: Reduction of injection rate by up to 20%,Estimate,Planned,Germany,Uniper Energy Storage,UGS Epe Uniper H-Gas
2020-11-12 08:20:21,2020-11-10 07:00:00,2020-11-11 16:00:00,0.0,131.0,0.0,Inspection of compressor piping. Possible restriction: Reduction of injection rate by up to 40%,Estimate,Planned,Germany,Uniper Energy Storage,UGS Epe Uniper H-Gas
2020-11-12 08:14:56,2020-11-10 07:00:00,2020-11-10 16:00:00,0.0,101.0,131.0,Test of safety equipment. Possible restriction: Entire storage facility n/a,Estimate,Planned,Germany,Uniper Energy Storage,UGS Bierwang
2020-11-12 08:14:40,2020-11-10 07:00:00,2020-11-10 16:00:00,0.0,25.0,0.0,Maintenance CO2 extinguishing system. Possible restriction: Reduction of injection rate by up to 100%,Estimate,Planned,Germany,Uniper Energy Storage,UGS Breitbrunn
2020-11-11 16:00:03,2020-11-04 10:00:00,2020-11-11 16:00:00,0.0,0.0,346.7,Maintenance of RS2.,Confirmed,Planned,Germany,Eneco Gasspeicher,UGS Enschede - Epe (Eneco)
2020-11-10 12:38:57,2020-11-02 07:00:00,2020-11-06 16:00:00,0.0,29.0,0.0,Maintenance of compressor unit. Possible restriction: Reduction of injection rate by up to 50%,Estimate,Planned,Germany,Uniper Energy Storage,UGS Epe Uniper L-Gas
2020-11-09 13:32:04,2020-11-02 07:00:00,2020-11-05 16:00:00,0.0,5.0,11.0,Modification storage piping. Possible restriction: Entire storage facility n/a,Estimate,Planned,Germany,Uniper Energy Storage,UGS Eschenfelden (decommissioned)
2020-11-09 08:01:24,2020-11-02 06:00:00,2020-11-07 18:00:00,266.0,155.0,271.0,Test of safety equipment. Possible restriction: Entire storage facility n/a,Estimate,Planned,Germany,Equinor Storage Deutschland,UGS Etzel EGL (Equinor Storage Deutschland)
2020-11-09 08:01:15,2020-11-02 06:00:00,2020-11-07 18:00:00,0.0,156.0,272.0,Test of safety equipment. Possible restriction: Entire storage facility n/a,Estimate,Planned,Germany,Uniper Energy Storage,UGS Etzel Erdgas Lager EGL
2020-11-05 15:07:50,2020-05-11 06:00:00,2020-05-15 12:00:00,3.009,35.3,105.8,safety test / maintenance work Huntorf,Confirmed,Planned,Germany,EWE Gasspeicher,UGS EWE-Zone L
2020-11-05 14:56:49,2020-06-22 06:00:00,2020-06-30 06:00:00,6.654,68.2,188.2,safety test / maintenance work,Confirmed,Planned,Germany,EWE Gasspeicher,UGS EWE-Zone L
2020-11-04 07:52:22,2020-11-04 07:50:49,2020-11-04 07:52:22,0.0,0.0,0.0,Maintenance of RS2.,Confirmed,Unplanned,Germany,Eneco Gasspeicher,UGS Enschede - Epe (Eneco)
2020-11-03 10:41:55,2020-11-03 10:40:56,2020-11-03 10:41:55,0.0,0.0,0.0,Maintenance of Compressor2.,Confirmed,Unplanned,Germany,Eneco Gasspeicher,UGS Enschede - Epe (Eneco)
2020-11-03 09:24:48,2020-11-03 09:21:52,2020-11-03 09:24:48,0.0,0.0,0.0,Maintenance of Compressor2.,Confirmed,Unplanned,Germany,Eneco Gasspeicher,UGS Enschede - Epe (Eneco)
2020-11-03 00:33:46,2020-11-03 00:31:04,2020-11-03 00:33:46,0.0,0.0,0.1,Maintenance of RS1.,Confirmed,Unplanned,Germany,Eneco Gasspeicher,UGS Enschede - Epe (Eneco)
2020-11-02 09:33:50,2020-11-05 08:00:00,2020-11-23 08:00:00,0.0,159.1,0.0,The limitation of injection rate amounts to 46%.,Estimate,Planned,Germany,SEFE Storage (Germany),UGS Rehden
2020-10-30 08:33:07,2020-10-28 06:00:00,2020-10-28 17:00:00,0.0,25.0,52.0,Test of safety equipment. Possible restriction: Entire storage facility n/a,Estimate,Planned,Germany,Uniper Energy Storage,UGS Breitbrunn
2020-10-28 08:11:42,2020-10-26 07:00:00,2020-10-26 16:00:00,0.0,101.0,131.0,Test of safety equipment. Possible restriction: Entire storage facility n/a,Estimate,Planned,Germany,Uniper Energy Storage,UGS Bierwang
2020-10-28 08:11:24,2020-10-27 06:00:00,2020-10-27 17:00:00,0.0,25.0,52.0,Test of safety equipment. Possible restriction: Entire storage facility n/a,Estimate,Planned,Germany,Uniper Energy Storage,UGS Breitbrunn
2020-10-27 08:17:21,2020-10-26 07:00:00,2020-10-26 16:00:00,0.0,131.0,0.0,Inspection of compressor piping. Possible restriction: Reduction of injection rate by up to 40%,Confirmed,Planned,Germany,Uniper Energy Storage,UGS Epe Uniper H-Gas
2020-10-24 06:43:04,2020-10-24 06:02:27,2020-10-24 06:43:04,0.0,0.7,0.0,Maintenance of Compressor1.,Confirmed,Unplanned,Germany,Eneco Gasspeicher,UGS Enschede - Epe (Eneco)
2020-10-24 05:49:12,2020-10-24 05:48:26,2020-10-24 05:49:12,0.0,0.0,0.0,Maintenance of Compressor1.,Confirmed,Unplanned,Germany,Eneco Gasspeicher,UGS Enschede - Epe (Eneco)
2020-10-24 05:36:25,2020-10-24 05:34:06,2020-10-24 05:36:25,0.0,0.0,0.0,Maintenance of Compressor1.,Confirmed,Unplanned,Germany,Eneco Gasspeicher,UGS Enschede - Epe (Eneco)
2020-10-24 05:19:32,2020-10-24 05:09:36,2020-10-24 05:19:32,0.0,0.2,0.0,Maintenance of Compressor1.,Confirmed,Unplanned,Germany,Eneco Gasspeicher,UGS Enschede - Epe (Eneco)
2020-10-24 05:06:00,2020-10-24 05:05:02,2020-10-24 05:06:00,0.0,0.0,0.0,Maintenance of Compressor1.,Confirmed,Unplanned,Germany,Eneco Gasspeicher,UGS Enschede - Epe (Eneco)
2020-10-23 14:20:23,2020-11-23 08:00:00,2020-12-22 14:00:00,0.0,172.4,0.0,The limitation of injection rate amounts to 50%.,Confirmed,Planned,Germany,SEFE Storage (Germany),UGS Rehden
2020-10-23 09:38:31,2020-10-23 09:10:15,2020-10-23 09:38:31,0.0,0.4,0.0,Maintenance of Compressor1.,Confirmed,Unplanned,Germany,Eneco Gasspeicher,UGS Enschede - Epe (Eneco)
2020-10-23 09:09:34,2020-10-23 09:00:04,2020-10-23 09:09:34,0.0,0.1,0.0,Maintenance of Compressor1.,Confirmed,Unplanned,Germany,Eneco Gasspeicher,UGS Enschede - Epe (Eneco)
2020-10-23 09:00:04,2020-10-23 08:54:31,2020-10-23 09:00:00,0.0,0.1,0.0,Maintenance of Compressor1.,Confirmed,Unplanned,Germany,Eneco Gasspeicher,UGS Enschede - Epe (Eneco)
2020-10-23 08:53:59,2020-10-23 08:47:19,2020-10-23 08:53:59,0.0,0.1,0.0,Maintenance of Compressor1.,Confirmed,Unplanned,Germany,Eneco Gasspeicher,UGS Enschede - Epe (Eneco)
2020-10-23 08:46:09,2020-10-23 08:45:13,2020-10-23 08:46:09,0.0,0.0,0.0,Maintenance of Compressor1.,Confirmed,Unplanned,Germany,Eneco Gasspeicher,UGS Enschede - Epe (Eneco)
2020-10-23 08:44:37,2020-10-23 08:43:25,2020-10-23 08:44:37,0.0,0.0,0.0,Maintenance of Compressor1.,Confirmed,Unplanned,Germany,Eneco Gasspeicher,UGS Enschede - Epe (Eneco)
2020-10-23 08:41:53,2020-10-23 08:40:07,2020-10-23 08:41:53,0.0,0.0,0.0,Maintenance of Compressor1.,Confirmed,Unplanned,Germany,Eneco Gasspeicher,UGS Enschede - Epe (Eneco)
2020-10-23 08:38:18,2020-10-23 08:32:40,2020-10-23 08:38:18,0.0,0.1,0.0,Maintenance of Compressor1.,Confirmed,Unplanned,Germany,Eneco Gasspeicher,UGS Enschede - Epe (Eneco)
2020-10-22 08:09:46,2020-10-21 07:00:00,2020-10-21 16:00:00,0.0,101.0,131.0,Test of safety equipment. Possible restriction: Entire storage facility n/a,Estimate,Planned,Germany,Uniper Energy Storage,UGS Bierwang
2020-10-21 07:57:28,2020-10-19 07:00:00,2020-10-20 16:00:00,0.0,101.0,131.0,Test of safety equipment. Possible restriction: Entire storage facility n/a,Estimate,Planned,Germany,Uniper Energy Storage,UGS Bierwang
2020-10-20 08:56:19,2020-10-19 15:00:00,2020-10-20 08:30:00,0.0,131.0,0.0,Faulty valve actuator of a compressor. Possible restriction: Reduction of injection rate by up to 40%,Estimate,Unplanned,Germany,Uniper Energy Storage,UGS Epe Uniper H-Gas
2020-10-15 16:21:04,2020-07-10 13:00:00,2020-10-15 14:00:00,0.0,0.0,57.0,Maintenance of preheater. Possible restriction: Reduction of withdrawal rate by up to 20%,Estimate,Planned,Germany,Uniper Energy Storage,UGS Epe Uniper L-Gas
2020-10-15 10:42:08,2021-04-01 06:00:00,2025-04-01 06:00:00,0.0,5.0,0.0,"Uniper Energy Storage GmbH intends to stop marketing of its Eschenfelden storage site with effect of 01.04.2021, capacities for 2021 and onward cannot be booked anymore.. Possible restriction: Entire storage facility n/a",Estimate,Planned,Germany,Uniper Energy Storage,UGS Eschenfelden (decommissioned)
2020-10-13 12:13:12,2020-10-19 14:00:00,2020-10-20 18:00:00,0.0,0.0,285.0,Repair of valve. Possible restriction: Reduction of withdrawal rate by up to 100%,Estimate,Unplanned,Germany,Uniper Energy Storage,UGS Epe Uniper L-Gas
2020-10-12 08:55:42,2020-06-05 12:00:00,2020-10-10 18:00:00,0.0,0.0,119.0,Repair of valve. Possible restriction: Reduction of withdrawal rate by up to 30%,Estimate,Unplanned,Germany,Uniper Energy Storage,UGS Etzel ESE (Uniper Energy Storage)
2020-10-12 08:55:33,2020-10-02 08:00:00,2020-10-10 18:00:00,0.0,140.0,0.0,Maintenance of compressor unit. Possible restriction: Reduction of injection rate by up to 33%,Estimate,Planned,Germany,Uniper Energy Storage,UGS Etzel ESE (Uniper Energy Storage)
2020-10-12 08:55:23,2020-10-04 06:00:00,2020-10-10 18:00:00,0.0,426.0,397.0,Test of safety equipment. Possible restriction: Entire storage facility n/a,Estimate,Planned,Germany,Uniper Energy Storage,UGS Etzel ESE (Uniper Energy Storage)
2020-09-30 15:09:44,2020-09-15 07:00:00,2020-09-30 16:00:00,0.0,131.0,0.0,Maintenance of compressor unit 5. Possible restriction: Reduction of injection rate by up to 40%,Estimate,Planned,Germany,Uniper Energy Storage,UGS Epe Uniper H-Gas
2020-09-28 08:20:16,2020-05-05 16:00:00,2020-09-25 16:00:00,0.0,0.0,11.0,Maintenance of withdrawal train. Possible restriction: Reduction of withdrawal rate by up to 100%,Estimate,Planned,Germany,Uniper Energy Storage,UGS Eschenfelden (decommissioned)
2020-09-25 12:00:02,2020-09-25 09:00:00,2020-09-25 12:00:00,0.621,0.0,5.2,Maintenance of S82.,Confirmed,Planned,Germany,Eneco Gasspeicher,UGS Enschede - Epe (Eneco)
2020-09-24 21:00:02,2020-09-23 10:00:00,2020-09-24 21:00:00,0.621,0.0,68.7,Maintenance of S82.,Confirmed,Planned,Germany,Eneco Gasspeicher,UGS Enschede - Epe (Eneco)
2020-09-24 08:16:03,2020-09-23 08:00:00,2020-09-23 18:00:00,0.0,177.0,165.0,Maintenance BEP Pipeline. Possible restriction: Connection to GTS System n/a,Estimate,Planned,Germany,Uniper Energy Storage,UGS Etzel ESE (Uniper Energy Storage)
2020-09-23 18:45:44,2020-09-23 06:00:00,2020-09-23 19:00:00,0.0,122.0,217.0,only BEP affected,Confirmed,Planned,Germany,EKB,UGS Etzel EKB
2020-09-23 09:09:43,2020-09-23 09:09:27,2020-09-23 09:09:43,0.0,0.0,0.0,Maintenance of Absorber1.,Confirmed,Unplanned,Germany,Eneco Gasspeicher,UGS Enschede - Epe (Eneco)
2020-09-23 08:47:54,2020-09-21 08:00:00,2020-09-21 17:00:00,0.0,0.0,71.0,Test of safety equipment. Possible restriction: Reduction of withdrawal rate up to 20 %,Estimate,Planned,Germany,Uniper Energy Storage,UGS Epe Uniper L-Gas
2020-09-23 08:47:45,2020-09-21 08:00:00,2020-09-21 17:00:00,0.0,0.0,93.0,Test of safety equipment. Possible restriction: Reduction of withdrawal rate up to 20 %,Estimate,Planned,Germany,Uniper Energy Storage,UGS Epe Uniper H-Gas
2020-09-21 11:13:38,2021-01-01 06:00:00,2021-04-01 06:00:00,0.0,40.5,0.0,During tis time the injection rate is decreased by 50%.,Confirmed,Planned,Germany,Storengy Deutschland,UGS Uelsen
2020-09-21 11:13:38,2021-04-01 06:00:00,2021-04-12 06:00:00,0.0,0.0,53.8,During tis time the withdrawal rate is decreased by 50%.,Confirmed,Planned,Germany,Storengy Deutschland,UGS Uelsen
2020-09-21 11:13:38,2021-11-08 06:00:00,2021-11-22 06:00:00,0.0,81.0,107.6,During this time neither injection nor withdrawal is possible.,Confirmed,Planned,Germany,Storengy Deutschland,UGS Uelsen
2020-09-21 11:13:38,2021-11-22 06:00:00,2022-04-01 06:00:00,0.0,40.5,0.0,During tis time the injection rate is decreased by 50%.,Confirmed,Planned,Germany,Storengy Deutschland,UGS Uelsen
2020-09-21 11:13:38,2021-04-12 06:00:00,2021-04-26 06:00:00,0.0,81.0,107.6,During this time neither injection nor withdrawal is possible.,Confirmed,Planned,Germany,Storengy Deutschland,UGS Uelsen
2020-09-21 11:13:38,2021-04-26 06:00:00,2021-10-01 06:00:00,0.0,0.0,53.8,During tis time the withdrawal rate is decreased by 50%.,Confirmed,Planned,Germany,Storengy Deutschland,UGS Uelsen
2020-09-21 11:13:38,2021-11-01 06:00:00,2021-11-08 06:00:00,0.0,40.5,0.0,During tis time the injection rate is decreased by 50%.,Confirmed,Planned,Germany,Storengy Deutschland,UGS Uelsen
2020-09-21 11:13:38,2021-08-23 06:00:00,2021-08-27 06:00:00,0.0,24.7,81.7,During this time neither injection nor withdrawal is possible.,Confirmed,Planned,Germany,Storengy Deutschland,UGS Harsefeld
2020-09-21 11:13:38,2021-08-16 06:00:00,2021-08-22 06:00:00,0.0,24.7,81.7,During this time neither injection nor withdrawal is possible.,Confirmed,Planned,Germany,Storengy Deutschland,UGS Harsefeld
2020-09-21 11:13:38,2021-09-06 06:00:00,2021-10-01 06:00:00,0.0,84.7,232.0,"During this time neither injection nor withdrawal is possible.
",Confirmed,Planned,Germany,Storengy Deutschland,UGS Peckensen
2020-09-21 11:13:38,2021-10-18 06:00:00,2021-10-28 06:00:00,0.0,24.8,52.0,During this time neither injection nor withdrawal is possible.,Confirmed,Planned,Germany,Storengy Deutschland,UGS Lesum
2020-09-21 11:13:38,2021-01-18 06:00:00,2021-01-30 06:00:00,0.0,5.4,0.0,During tis time the injection rate is decreased by 50%.,Confirmed,Planned,Germany,Storengy Deutschland,UGS Schmidhausen
2020-09-21 11:13:38,2021-04-26 06:00:00,2021-05-16 06:00:00,0.0,10.8,40.3,"During this time neither injection nor withdrawal is possible.
",Confirmed,Planned,Germany,Storengy Deutschland,UGS Schmidhausen
2020-09-21 10:40:19,2020-09-14 07:00:00,2020-09-18 16:00:00,0.0,131.0,177.0,"Test of safety equipment. Possible restriction: Reduction of withdrawal rate up to 100 %, injection rate 40%",Estimate,Planned,Germany,Uniper Energy Storage,UGS Epe Uniper L-Gas
2020-09-21 10:40:01,2020-08-03 07:00:00,2020-09-18 15:00:00,0.0,0.0,86.0,Test of safety equipment. Possible restriction: Reduction of withdrowl rate up to 30 %,Estimate,Planned,Germany,Uniper Energy Storage,UGS Epe Uniper L-Gas
2020-09-21 08:38:59,2020-09-21 08:37:58,2020-09-21 08:38:59,0.0,0.0,0.0,Maintenance of Absorber1.,Confirmed,Unplanned,Germany,Eneco Gasspeicher,UGS Enschede - Epe (Eneco)
2020-09-15 14:00:02,2020-09-15 09:00:00,2020-09-15 14:00:00,0.814,0.0,9.1,Maintenance of S81.,Confirmed,Planned,Germany,Eneco Gasspeicher,UGS Enschede - Epe (Eneco)
2020-09-14 16:00:02,2020-09-14 13:00:00,2020-09-14 16:00:00,0.621,0.0,5.2,Maintenance of S82.,Confirmed,Planned,Germany,Eneco Gasspeicher,UGS Enschede - Epe (Eneco)
2020-09-11 10:13:47,2020-10-04 06:00:00,2020-10-15 06:00:00,0.0,9.5,0.0,"Maintenance of compressor unit
Possible restriction: Reduction of injection rate by up to 33%",Confirmed,Planned,Germany,VNG Gasspeicher GmbH (6),UGS Etzel ESE (VGS)
2020-09-09 17:07:13,2020-08-18 18:00:00,2020-09-09 18:00:00,0.0,98.5,0.0,failure to magnetic bearing (motor). Possible Restriction: reduction of Injection up to 50%,Estimate,Unplanned,Germany,Equinor Storage Deutschland,UGS Etzel EGL (Equinor Storage Deutschland)
2020-09-09 17:06:22,2020-08-18 18:00:00,2020-09-09 18:00:00,0.0,98.5,0.0,failure to magnetic bearing (motor). Possible Restriction: Reduktion auf Injection rate up to 50%,Estimate,Unplanned,Germany,Uniper Energy Storage,UGS Etzel Erdgas Lager EGL
2020-09-09 07:54:17,2020-09-03 18:00:00,2020-09-08 18:00:00,0.0,0.0,94.0,Maintenance of preheater. Possible restriction: Reduction of withdrawal rate by up to 33%,Estimate,Unplanned,Germany,Uniper Energy Storage,UGS Epe Uniper L-Gas
2020-09-08 08:19:55,2020-09-01 07:00:00,2020-09-04 12:00:00,0.0,57.0,285.0,Maintenance of process control system. Possible restriction: Entire storage facility n/a,Estimate,Planned,Germany,Uniper Energy Storage,UGS Epe Uniper L-Gas
2020-09-04 16:52:13,2020-08-10 06:00:00,2020-09-04 17:00:00,0.0,0.0,217.0,Installation PCS,Confirmed,Planned,Germany,EKB,UGS Etzel EKB
2020-09-04 10:12:45,2020-08-17 00:00:00,2020-09-04 09:00:00,3.012,85.0,141.6,Total Plant Revision - FINISHED,Confirmed,Planned,Germany,NUON Epe Gasspeicher,UGS Enschede - Epe (Nuon)
2020-09-04 07:57:56,2020-09-03 08:00:00,2020-09-03 16:00:00,0.0,125.0,177.0,Test of safety equipment. Possible restriction: Entire storage facility n/a,Estimate,Planned,Germany,Uniper Energy Storage,UGS Epe Uniper L-Gas
2020-09-04 07:57:47,2020-09-03 08:00:00,2020-09-03 16:00:00,0.0,125.0,177.0,Test of safety equipment. Possible restriction: Entire storage facility n/a,Estimate,Planned,Germany,Uniper Energy Storage,UGS Epe Uniper H-Gas
2020-09-01 17:09:45,2020-08-31 06:00:00,2020-09-01 20:00:00,0.0,122.0,217.0,only NETRA affected,Confirmed,Planned,Germany,EKB,UGS Etzel EKB
2020-08-31 15:00:04,2020-08-31 14:00:00,2020-08-31 15:00:00,0.814,0.0,1.2,Maintenance of S81.,Confirmed,Planned,Germany,Eneco Gasspeicher,UGS Enschede - Epe (Eneco)
2020-08-31 13:00:02,2020-08-31 12:00:00,2020-08-31 13:00:00,0.621,0.0,1.2,Maintenance of S82.,Confirmed,Planned,Germany,Eneco Gasspeicher,UGS Enschede - Epe (Eneco)
2020-08-31 11:59:52,2020-08-31 12:00:00,2020-08-31 14:00:00,0.0,0.0,0.0,Maintenance cancelled.,Confirmed,Planned,Germany,Eneco Gasspeicher,UGS Enschede - Epe (Eneco)
2020-08-30 20:15:38,2020-08-30 20:00:02,2020-08-30 20:15:38,0.0,0.3,0.0,Maintenance of Compressor1.,Confirmed,Unplanned,Germany,Eneco Gasspeicher,UGS Enschede - Epe (Eneco)
2020-08-30 20:00:02,2020-08-30 19:00:04,2020-08-30 20:00:00,0.0,1.0,0.0,Maintenance of Compressor1.,Confirmed,Unplanned,Germany,Eneco Gasspeicher,UGS Enschede - Epe (Eneco)
2020-08-30 19:00:04,2020-08-30 18:29:46,2020-08-30 19:00:00,0.0,0.5,0.0,Maintenance of Compressor1.,Confirmed,Unplanned,Germany,Eneco Gasspeicher,UGS Enschede - Epe (Eneco)
2020-08-28 10:15:37,2020-07-06 06:00:00,2020-08-28 18:00:00,0.0,39.0,0.0,Maintenance of compressor unit. Possible restriction: Reduction of injection rate by up to 25%,Estimate,Planned,Germany,Equinor Storage Deutschland,UGS Etzel EGL (Equinor Storage Deutschland)
2020-08-28 10:15:04,2020-07-06 06:00:00,2020-08-28 18:00:00,0.0,39.0,0.0,Maintenance of compressor unit. Possible restriction: Reduction of injection rate by up to 25%,Estimate,Planned,Germany,Uniper Energy Storage,UGS Etzel Erdgas Lager EGL
2020-08-26 10:51:12,2021-10-18 06:00:00,2021-10-29 18:00:00,0.0,27.2,41.9,100 % reduction of injection and withdrawal rate.,Confirmed,Planned,Germany,VNG Gasspeicher GmbH (6),UGS Jemgum H (VGS) (historical data prior to 1 April 2025)
2020-08-26 10:51:11,2021-10-18 06:00:00,2021-10-29 18:00:00,0.0,136.1,209.3,The limitation of injection- and withdrawal rate amount to 100%.,Estimate,Planned,Germany,SEFE Storage (Germany),UGS Jemgum H (SEFE Storage)
2020-08-26 10:51:11,2021-10-04 06:00:00,2021-10-16 18:00:00,0.0,344.8,530.4,The limitation of injection- and withdrawal rate amount to 100%.,Confirmed,Planned,Germany,SEFE Storage (Germany),UGS Rehden
2020-08-24 09:18:22,2020-09-15 09:00:00,2020-09-30 18:00:00,0.0,16.4,0.0,"Maintenance of compressor unit 5.
Possible restriction: Reduction of injection rate by up to 40%",Estimate,Planned,Germany,MET Epe Speicher,UGS Epe (MET Epe Speicher)
2020-08-20 10:50:07,2020-08-11 14:00:00,2020-08-12 17:00:00,0.0,20.0,0.0,Maintenancce of compressor. Possible restriction: Reduction of injection rate by up to 50%,Estimate,Planned,Germany,Uniper Energy Storage,UGS Epe Uniper L-Gas
2020-08-20 10:50:07,2020-08-16 18:00:00,2020-08-17 16:00:00,0.0,19.0,0.0,Maintenance of compressor unit. Possible restriction: Reduction of injection rate by up to 50%,Estimate,Planned,Germany,Uniper Energy Storage,UGS Epe Uniper L-Gas
2020-08-20 10:50:06,2020-07-20 07:00:00,2020-08-10 16:00:00,0.0,66.0,93.0,"Inspection of caverns. Possible restriction: Reduction of injection rate by up to 20%, reduction of withdrawal rate by up to 20%",Estimate,Planned,Germany,Uniper Energy Storage,UGS Epe Uniper H-Gas
2020-08-20 10:50:06,2020-05-07 07:00:00,2020-07-27 08:00:00,0.49,0.0,0.0,Maintenance of cavern. Possible restriction: Reduction of workinggas capacity by up to 4%,Estimate,Planned,Germany,Uniper Energy Storage,UGS Etzel ESE (Uniper Energy Storage)
2020-08-19 17:44:04,2020-08-18 18:00:00,2020-08-20 18:00:00,0.0,24.6,0.0,failure to magnetic bearing (motor),Estimate,Unplanned,Germany,Uniper Energy Storage,UGS Etzel Erdgas Lager EGL
2020-08-19 17:41:55,2020-08-18 18:00:00,2020-08-20 18:00:00,0.0,24.6,0.0,failure to magnetic bearing (motor),Estimate,Unplanned,Germany,Equinor Storage Deutschland,UGS Etzel EGL (Equinor Storage Deutschland)
2020-08-10 05:32:00,2020-08-09 19:00:00,2020-08-09 23:00:00,0.0,0.0,0.0,IT systems planned maintenance. Disturbances may occur in the nominations. In case of disturbances nominations are accepted by fax or telephone. Storage Capacities are availible.,Confirmed,Planned,Germany,EWE Gasspeicher,UGS EWE-Zone L
2020-08-10 05:31:00,2020-08-09 19:00:00,2020-08-09 23:00:00,0.0,0.0,0.0,IT systems planned maintenance. Disturbances may occur in the nominations. In case of disturbances nominations are accepted by fax or telephone. Storage Capacities are availible.,Confirmed,Planned,Germany,EWE Gasspeicher,UGS Nüttermoor H-3
2020-08-10 05:31:00,2020-08-09 19:00:00,2020-08-09 23:00:00,0.0,0.0,0.0,IT systems planned maintenance. Disturbances may occur in the nominations. In case of disturbances nominations are accepted by fax or telephone. Storage Capacities are availible.,Confirmed,Planned,Germany,EWE Gasspeicher,UGS Jemgum H (EWE)
2020-08-10 05:30:00,2020-08-09 19:00:00,2020-08-09 23:00:00,0.0,0.0,0.0,IT systems planned maintenance. Disturbances may occur in the nominations. In case of disturbances nominations are accepted by fax or telephone. Storage Capacities are availible.,Confirmed,Planned,Germany,EWE Gasspeicher,UGS Rüdersdorf H
2020-08-10 05:30:00,2020-08-09 19:00:00,2020-08-09 23:00:00,0.0,0.0,0.0,IT systems planned maintenance. Disturbances may occur in the nominations. In case of disturbances nominations are accepted by fax or telephone. Storage Capacities are availible.,Confirmed,Planned,Germany,EWE Gasspeicher,UGS Nüttermoor H-2
2020-08-05 17:00:02,2020-08-05 16:30:02,2020-08-05 17:00:00,0.814,0.0,0.6,Maintenance of S81.,Confirmed,Unplanned,Germany,Eneco Gasspeicher,UGS Enschede - Epe (Eneco)
2020-07-24 19:15:55,2020-07-24 19:13:10,2020-07-24 19:15:55,0.0,0.0,0.1,Maintenance of RS2.,Confirmed,Unplanned,Germany,Eneco Gasspeicher,UGS Enschede - Epe (Eneco)
2020-07-16 08:57:42,2020-06-30 08:00:00,2020-07-15 16:00:00,0.0,0.0,140.0,Replacement of valves. Possible restriction: Reduction of withdrawal rate by up to 30%,Estimate,Planned,Germany,Uniper Energy Storage,UGS Epe Uniper H-Gas
2020-07-10 11:23:02,2020-06-29 07:00:00,2020-07-03 16:00:00,0.0,0.0,177.0,Test of safety equipment. Possible restriction: Reduction of withdrawal rate up to 100 %,Estimate,Planned,Germany,Uniper Energy Storage,UGS Epe Uniper L-Gas
2020-07-10 10:08:50,2020-07-06 06:00:00,2020-07-10 13:00:00,3.5,55.2,69.0,safety test / maintenance work,Confirmed,Planned,Germany,EWE Gasspeicher,UGS Jemgum H (EWE)
2020-07-06 16:51:55,2020-07-06 10:00:00,2020-07-13 16:00:00,0.0,43.2,0.0,"Due to a technical disturbance of one of our compressors, the maximal injection capacity is reduced by 50%",Confirmed,Unplanned,Germany,Storengy Deutschland,UGS Uelsen
2020-07-06 08:57:49,2020-06-29 18:00:00,2020-07-03 16:00:00,0.0,98.0,0.0,Test of safety equipment. Possible restriction: Reduction of injection rate up to 30 %,Estimate,Planned,Germany,Uniper Energy Storage,UGS Epe Uniper H-Gas
2020-07-06 08:45:59,2020-06-15 06:00:00,2020-07-03 18:00:00,0.0,0.0,140.0,Cleaning of gas process plant. Possible restriction: Reduction of withdrawal rate by up to 100%,Estimate,Planned,Germany,Uniper Energy Storage,UGS Breitbrunn
2020-07-03 07:43:05,2020-06-05 12:00:00,2020-10-11 04:00:00,0.0,0.0,22.0,prolongation of technical maintenance,Confirmed,Unplanned,Germany,OMV Gas Storage Germany,UGS Etzel ESE (OMV)
2020-07-02 08:40:08,2020-07-01 16:00:00,2020-07-01 20:00:00,0.0,10.0,48.0,maintenance work Power supply. Possible restriction: Entire storage facility n/a,Estimate,Unplanned,Germany,Uniper Energy Storage,UGS Epe Uniper L-Gas
2020-07-02 08:39:51,2020-07-01 16:00:00,2020-07-01 20:00:00,0.0,55.0,78.0,maintenance work Power supply. Possible restriction: Entire storage facility n/a,Estimate,Unplanned,Germany,Uniper Energy Storage,UGS Epe Uniper H-Gas
2020-06-29 14:41:46,2020-06-22 07:00:00,2020-06-26 16:00:00,0.0,140.0,0.0,Maintenance of compressor unit. Possible restriction: Reduction of injection rate by up to 33%,Estimate,Planned,Germany,Uniper Energy Storage,UGS Etzel ESE (Uniper Energy Storage)
2020-06-29 14:15:59,2020-06-22 06:00:00,2020-06-30 06:00:00,1.955,24.8,49.7,safety test / maintenance work,Confirmed,Planned,Germany,EWE Gasspeicher,UGS Nüttermoor H-2
2020-06-26 11:33:51,2020-06-05 12:00:00,2020-09-09 04:00:00,0.0,0.0,22.0,prolongation of technical maintenance,Confirmed,Unplanned,Germany,OMV Gas Storage Germany,UGS Etzel ESE (OMV)
2020-06-26 10:40:59,2020-06-30 10:00:00,2020-06-30 14:00:00,0.0,41.0,109.4,"maintenance work Power supply
Possible restriction:
Entire storage facility n/a",Estimate,Planned,Germany,MET Epe Speicher,UGS Epe (MET Epe Speicher)
2020-06-25 10:44:53,2020-06-16 06:00:00,2020-06-24 06:00:00,2.69,41.0,82.1,safety test / maintenance work,Confirmed,Planned,Germany,EWE Gasspeicher,UGS Nüttermoor H-3
2020-06-23 08:43:54,2020-06-01 07:00:00,2020-06-30 16:00:00,0.0,0.0,27.0,Maintenance of Metering System. Possible restriction: Reduction of withdrawal rate up to 100 %,Estimate,Planned,Germany,Uniper Energy Storage,UGS Epe Uniper H-Gas
2020-06-23 08:37:47,2020-06-22 08:00:00,2020-06-22 17:00:00,0.0,131.0,0.0,Test of safety equipment. Possible restriction: Reduction of injection rate up to 40 %,Estimate,Planned,Germany,Uniper Energy Storage,UGS Epe Uniper L-Gas
2020-06-23 08:37:33,2020-06-22 08:00:00,2020-06-22 17:00:00,0.0,131.0,0.0,Test of safety equipment. Possible restriction: Reduction of injection rate up to 40 %,Estimate,Planned,Germany,Uniper Energy Storage,UGS Epe Uniper H-Gas
2020-06-22 09:38:42,2020-06-15 07:00:00,2020-06-20 15:00:00,0.0,98.0,0.0,Maintenance compressor unit 6. Possible restriction: Reduction of injection rate by up to 30%,Estimate,Planned,Germany,Uniper Energy Storage,UGS Epe Uniper H-Gas
2020-06-19 14:27:41,2020-06-22 07:00:00,2020-06-26 16:00:00,0.0,0.0,0.0,"Maintenance of compressor unit
Possible restriction: Reduction of injection rate by up to 33%",Confirmed,Planned,Germany,VNG Gasspeicher GmbH (6),UGS Etzel ESE (VGS)
2020-06-19 14:09:27,2020-06-22 05:00:00,2020-06-26 14:00:00,0.0,35.7,0.0,Maintenance,Confirmed,Planned,Germany,OMV Gas Storage Germany,UGS Etzel ESE (OMV)
2020-06-18 16:52:29,2020-11-10 08:00:00,2020-11-12 17:00:00,0.0,16.4,0.0,"Inspection of compressor piping
Possible restriction: Reduction of injection rate by up to 40%
",Estimate,Planned,Germany,MET Epe Speicher,UGS Epe (MET Epe Speicher)
2020-06-18 16:50:52,2020-10-27 08:00:00,2020-10-29 17:00:00,0.0,16.4,0.0,"Inspection of compressor piping
Possible restriction: Reduction of injection rate by up to 40%
",Estimate,Planned,Germany,MET Epe Speicher,UGS Epe (MET Epe Speicher)
2020-06-18 16:49:46,2020-10-26 08:00:00,2020-11-13 17:00:00,0.0,8.2,0.0,"Inspection of compressor piping
Possible restriction: Reduction of injection rate by up to 20%
",Estimate,Planned,Germany,MET Epe Speicher,UGS Epe (MET Epe Speicher)
2020-06-18 15:41:43,2020-06-18 15:41:12,2020-06-18 15:41:43,0.0,0.0,0.0,Maintenance of Compressor2.,Confirmed,Unplanned,Germany,Eneco Gasspeicher,UGS Enschede - Epe (Eneco)
2020-06-18 14:17:47,2020-06-18 14:14:06,2020-06-18 14:17:47,0.0,0.1,0.0,Maintenance of Compressor2.,Confirmed,Unplanned,Germany,Eneco Gasspeicher,UGS Enschede - Epe (Eneco)
2020-06-18 08:28:02,2020-06-16 07:00:00,2020-06-17 16:15:00,0.0,67.0,140.0,Maintenance of measuring system. Possible restriction: Entire storage facility n/a,Estimate,Planned,Germany,Uniper Energy Storage,UGS Breitbrunn
2020-06-15 07:42:00,2020-06-08 06:00:00,2020-06-12 13:00:00,0.971,7.1,35.3,Maintenance,Confirmed,Planned,Germany,EWE Gasspeicher,UGS EWE-Zone L
2020-06-15 05:39:00,2020-05-25 06:00:00,2020-05-30 06:00:00,1.09,10.7,32.8,safety test / maintenance work,Confirmed,Planned,Germany,EWE Gasspeicher,UGS Rüdersdorf H
2020-06-12 17:08:44,2020-06-08 19:00:00,2020-06-12 18:00:00,0.0,61.0,0.0,LP compressor ,Confirmed,Unplanned,Germany,EKB,UGS Etzel EKB
2020-06-10 13:53:43,2020-06-01 07:00:00,2020-06-08 16:00:00,0.0,0.0,47.0,Test of safety equipment. Possible restriction: Reduction of withdrawal rate up to 10 %,Estimate,Planned,Germany,Uniper Energy Storage,UGS Epe Uniper H-Gas
2020-06-05 13:52:50,2020-06-05 13:00:00,2020-10-11 16:00:00,0.0,0.0,13.9,"Technical malfunction: 30 % reduction of withdrawal rate. Depending on all nominations, each customer has at least 70 % of his firm capacity according to the characteristic curve.",Estimate,Unplanned,Germany,VNG Gasspeicher GmbH (6),UGS Etzel ESE (VGS)
2020-06-05 11:26:28,2020-06-05 12:00:00,2020-06-28 04:00:00,0.0,0.0,22.0,Technical maintenance ,Confirmed,Unplanned,Germany,OMV Gas Storage Germany,UGS Etzel ESE (OMV)
2020-06-04 08:29:42,2020-05-04 06:00:00,2020-05-20 18:00:00,0.0,0.0,140.0,Cleaning of gas process plant. Possible restriction: Reduction of withdrawal rate by up to 100%,Estimate,Planned,Germany,Uniper Energy Storage,UGS Breitbrunn
